"0101-9163","ZOOTECNIA / RECURSOS PESQUEIROS                   ","A Hora Veterinária","B5",2008
"0001-5113","ZOOTECNIA / RECURSOS PESQUEIROS                   ","Acta Adriatica","B3",2008
"0906-4702","ZOOTECNIA / RECURSOS PESQUEIROS                   ","Acta Agriculturae Scandinavica. Section A, Animal Science","B1",2008
"0044-5967","ZOOTECNIA / RECURSOS PESQUEIROS                   ","Acta Amazonica (Impresso)","B2",2008
"0120-548X","ZOOTECNIA / RECURSOS PESQUEIROS                   ","Acta Biologica Colombiana","B4",2008
"0102-3306","ZOOTECNIA / RECURSOS PESQUEIROS                   ","Acta Botanica Brasílica (Impresso)","B4",2008
"0102-8650","ZOOTECNIA / RECURSOS PESQUEIROS                   ","Acta Cirúrgica Brasileira (Impresso)","B3",2008
"1678-2674","ZOOTECNIA / RECURSOS PESQUEIROS                   ","Acta Cirúrgica Brasileira (Online)","B3",2008
"0567-7572","ZOOTECNIA / RECURSOS PESQUEIROS                   ","Acta Horticulturae","B5",2008
"0102-6712","ZOOTECNIA / RECURSOS PESQUEIROS                   ","Acta Limnológica Brasiliensia","B5",2008
"1146-609X","ZOOTECNIA / RECURSOS PESQUEIROS                   ","Acta Oecologica (Montrouge)","A2",2008
"0065-1583","ZOOTECNIA / RECURSOS PESQUEIROS                   ","Acta Protozoologica (Druk)","C ",2008
"1679-9216","ZOOTECNIA / RECURSOS PESQUEIROS                   ","Acta Scientiae Veterinariae (Online)","B4",2008
"1678-0345","ZOOTECNIA / RECURSOS PESQUEIROS                   ","Acta Scientiae Veterinariae (UFRGS. Impresso)","B4",2008
"1415-6814","ZOOTECNIA / RECURSOS PESQUEIROS                   ","Acta Scientiarum (UEM) (Cessou em 2002)","B3",2008
"1679-9275","ZOOTECNIA / RECURSOS PESQUEIROS                   ","Acta Scientiarum. Agronomy (Impresso)","B3",2008
"1807-8621","ZOOTECNIA / RECURSOS PESQUEIROS                   ","Acta Scientiarum. Agronomy (Online)","B3",2008
"1807-8672","ZOOTECNIA / RECURSOS PESQUEIROS                   ","Acta Scientiarum. Animal Sciences","B2",2008
"1679-9283","ZOOTECNIA / RECURSOS PESQUEIROS                   ","Acta Scientiarum. Biological Sciences (Impresso)","B3",2008
"1807-863X","ZOOTECNIA / RECURSOS PESQUEIROS                   ","Acta Scientiarum. Biological Sciences (Online)","B3",2008
"1679-9291","ZOOTECNIA / RECURSOS PESQUEIROS                   ","Acta Scientiarum. Health Sciences (Impresso)","B3",2008
"1806-2563","ZOOTECNIA / RECURSOS PESQUEIROS                   ","Acta Scientiarum. Technology (Impresso)","B3",2008
"1807-8664","ZOOTECNIA / RECURSOS PESQUEIROS                   ","Acta Scientiarum. Technology (Online)","B3",2008
"1806-2636","ZOOTECNIA / RECURSOS PESQUEIROS                   ","Acta Scientiarum. Zootechny","B3",2008
"0001-706X","ZOOTECNIA / RECURSOS PESQUEIROS                   ","Acta Tropica","A2",2008
"1981-5484","ZOOTECNIA / RECURSOS PESQUEIROS                   ","Acta Veterinaria Brasilica (UFERSA)","B5",2008
"0304-3584","ZOOTECNIA / RECURSOS PESQUEIROS                   ","Actualidades Biologicas","B4",2008
"1991-637X","ZOOTECNIA / RECURSOS PESQUEIROS                   ","African Journal of Agricultural Research","B5",2008
"1814-232X","ZOOTECNIA / RECURSOS PESQUEIROS                   ","African Journal of Marine Science (Print)","C ",2008
"1022-0119","ZOOTECNIA / RECURSOS PESQUEIROS                   ","African Journal of Range & Forage Science","B3",2008
"1981-0997","ZOOTECNIA / RECURSOS PESQUEIROS                   ","Agrária (Recife. Online)","B4",2008
"1981-1160","ZOOTECNIA / RECURSOS PESQUEIROS                   ","Agrária (UFPE. Impresso)","B4",2008
"1984-252X","ZOOTECNIA / RECURSOS PESQUEIROS                   ","Agrarian (Dourados. Impresso)","C ",2008
"1984-2538","ZOOTECNIA / RECURSOS PESQUEIROS                   ","Agrarian (Dourados. Online)","C ",2008
"0100-4298","ZOOTECNIA / RECURSOS PESQUEIROS                   ","Agroanalysis (FGV)","B5",2008
"1405-3195","ZOOTECNIA / RECURSOS PESQUEIROS                   ","Agrociencia (Montecillo)","B1",2008
"0167-4366","ZOOTECNIA / RECURSOS PESQUEIROS                   ","Agroforestry Systems (Print)","C ",2008
"0002-1962","ZOOTECNIA / RECURSOS PESQUEIROS                   ","Agronomy Journal (Print)","A2",2008
"0103-0779","ZOOTECNIA / RECURSOS PESQUEIROS                   ","Agropecuária Catarinense","B5",2008
"1415-6822","ZOOTECNIA / RECURSOS PESQUEIROS                   ","Agropecuária Clima Temperado (Pelotas)","B5",2008
"0100-7467","ZOOTECNIA / RECURSOS PESQUEIROS                   ","Agropecuária Técnica (UFPB)","B5",2008
"1806-9215","ZOOTECNIA / RECURSOS PESQUEIROS                   ","Agrossilvicultura (Viçosa)","C ",2008
"0300-5755","ZOOTECNIA / RECURSOS PESQUEIROS                   ","Alimentaria (Madrid)","B4",2008
"0103-4235","ZOOTECNIA / RECURSOS PESQUEIROS                   ","Alimentos e Nutrição (UNESP. Marilia)","B5",2008
"0971-4693","ZOOTECNIA / RECURSOS PESQUEIROS                   ","Allelopathy Journal","B1",2008
"1809-4058","ZOOTECNIA / RECURSOS PESQUEIROS                   ","Amazônia (Banco da Amazônia. 2005)","C ",2008
"1808-0251","ZOOTECNIA / RECURSOS PESQUEIROS                   ","Ambiência (UNICENTRO)","C ",2008
"0365-0596","ZOOTECNIA / RECURSOS PESQUEIROS                   ","Anais Brasileiros de Dermatologia (Impresso)","B3",2008
"0001-3765","ZOOTECNIA / RECURSOS PESQUEIROS                   ","Anais da Academia Brasileira de Ciências (Impresso)","A2",2008
"0213-5434","ZOOTECNIA / RECURSOS PESQUEIROS                   ","Anales de Veterinaria de Murcia","B4",2008
"1677-3055","ZOOTECNIA / RECURSOS PESQUEIROS                   ","Analytica (São Paulo)","C ",2008
"0340-2096","ZOOTECNIA / RECURSOS PESQUEIROS                   ","Anatomia, Histologia, Embryologia","B1",2008
"1751-7311","ZOOTECNIA / RECURSOS PESQUEIROS                   ","Animal (Cambridge. Print)","A2",2008
"0003-3472","ZOOTECNIA / RECURSOS PESQUEIROS                   ","Animal Behaviour","C ",2008
"0377-8401","ZOOTECNIA / RECURSOS PESQUEIROS                   ","Animal Feed Science and Technology (Print)","A2",2008
"1014-2339","ZOOTECNIA / RECURSOS PESQUEIROS                   ","Animal Genetic Resources Information","B5",2008
"0268-9146","ZOOTECNIA / RECURSOS PESQUEIROS                   ","Animal Genetics (Print)","A1",2008
"1806-9614","ZOOTECNIA / RECURSOS PESQUEIROS                   ","Animal Reproduction","B4",2008
"0378-4320","ZOOTECNIA / RECURSOS PESQUEIROS                   ","Animal Reproduction Science (Print)","A2",2008
"1627-3583","ZOOTECNIA / RECURSOS PESQUEIROS                   ","Animal Research (Print) (Cessou em 2006. Fundiu-se com ISSN 0926-5287 Reproduction Nutrition Development (Print) e ISSN 1751-7311 Animal (Cambridge. Print))","C ",2008
"1344-3941","ZOOTECNIA / RECURSOS PESQUEIROS                   ","Animal Science Journal","B1",2008
"1357-7298","ZOOTECNIA / RECURSOS PESQUEIROS                   ","Animal Science. British Society of Animal Science (Cessou em 2006. Fundiu-se com ISSN 1627-3583 Animal Research (Print), ISSN 0926-5287 Reproduction Nutrition Development (Print) e ISSN 1751-7311 Animal (Cambridge. Print))","C ",2008
"0962-7286","ZOOTECNIA / RECURSOS PESQUEIROS                   ","Animal Welfare","B1",2008
"0003-5599","ZOOTECNIA / RECURSOS PESQUEIROS                   ","Anti-Corrosion Methods and Materials","B1",2008
"0099-2240","ZOOTECNIA / RECURSOS PESQUEIROS                   ","Applied and Environmental Microbiology (Print)","C ",2008
"0168-1591","ZOOTECNIA / RECURSOS PESQUEIROS                   ","Applied Animal Behaviour Science (Print)","A2",2008
"0273-2289","ZOOTECNIA / RECURSOS PESQUEIROS                   ","Applied Biochemistry and Biotechnology","A2",2008
"0144-8609","ZOOTECNIA / RECURSOS PESQUEIROS                   ","Aquacultural Engineering","A2",2008
"0044-8486","ZOOTECNIA / RECURSOS PESQUEIROS                   ","Aquaculture (Amsterdam)","A2",2008
"0967-6120","ZOOTECNIA / RECURSOS PESQUEIROS                   ","Aquaculture International","B1",2008
"1353-5773","ZOOTECNIA / RECURSOS PESQUEIROS                   ","Aquaculture Nutrition (Print)","A2",2008
"1355-557X","ZOOTECNIA / RECURSOS PESQUEIROS                   ","Aquaculture Research (Print)","A2",2008
"1463-4988","ZOOTECNIA / RECURSOS PESQUEIROS                   ","Aquatic Ecosystem Health & Management","B1",2008
"0166-445X","ZOOTECNIA / RECURSOS PESQUEIROS                   ","Aquatic Toxicology","C ",2008
"1517-3011","ZOOTECNIA / RECURSOS PESQUEIROS                   ","ARBS. Annual Review of Biomedical Sciences (Impresso)","B5",2008
"0003-9969","ZOOTECNIA / RECURSOS PESQUEIROS                   ","Archives of Oral Biology","C ",2008
"1517-784X","ZOOTECNIA / RECURSOS PESQUEIROS                   ","Archives of Veterinary Science","B4",2008
"0301-732X","ZOOTECNIA / RECURSOS PESQUEIROS                   ","Archivos de Medicina Veterinaria (Impresa)","B1",2008
"0004-0592","ZOOTECNIA / RECURSOS PESQUEIROS                   ","Archivos de Zootecnia","B2",2008
"0004-0622","ZOOTECNIA / RECURSOS PESQUEIROS                   ","Archivos Latinoamericanos de Nutrición","B1",2008
"1022-1301","ZOOTECNIA / RECURSOS PESQUEIROS                   ","Archivos Latinoamericanos de Producción Animal","B5",2008
"0102-0935","ZOOTECNIA / RECURSOS PESQUEIROS                   ","Arquivo Brasileiro de Medicina Veterinária e Zootecnia","B1",2008
"1678-4162","ZOOTECNIA / RECURSOS PESQUEIROS                   ","Arquivo Brasileiro de Medicina Veterinária e Zootecnia (Online)","B1",2008
"0365-0723","ZOOTECNIA / RECURSOS PESQUEIROS                   ","Arquivos Brasileiros de Medicina","C ",2008
"0004-2749","ZOOTECNIA / RECURSOS PESQUEIROS                   ","Arquivos Brasileiros de Oftalmologia (Impresso)","B3",2008
"1807-1325","ZOOTECNIA / RECURSOS PESQUEIROS                   ","Arquivos de Ciências da Saúde (FAMERP)","C ",2008
"0374-5686","ZOOTECNIA / RECURSOS PESQUEIROS                   ","Arquivos de Ciências do Mar","B4",2008
"1415-8167","ZOOTECNIA / RECURSOS PESQUEIROS                   ","Arquivos de Ciências Veterinárias e Zoologia da UNIPAR (Impresso)","B5",2008
"0020-3653","ZOOTECNIA / RECURSOS PESQUEIROS                   ","Arquivos do Instituto Biológico (Impresso)","B4",2008
"1808-1657","ZOOTECNIA / RECURSOS PESQUEIROS                   ","Arquivos do Instituto Biológico (Online)","B4",2008
"0102-6380","ZOOTECNIA / RECURSOS PESQUEIROS                   ","ARS Veterinária (Impresso)","B5",2008
"0937-0900","ZOOTECNIA / RECURSOS PESQUEIROS                   ","Ärztezeitschrift für Naturheilverfahren","C ",2008
"1614-8339","ZOOTECNIA / RECURSOS PESQUEIROS                   ","Ärztezeitschrift für Naturheilverfahren und Regulationsmedizin (Cessou em 2006. Cont. ISSN 1863-8678 Komplementäre und Integrative Medizin)","C ",2008
"1011-2367","ZOOTECNIA / RECURSOS PESQUEIROS                   ","Asian-Australasian Journal of Animal Sciences (Print)","B3",2008
"0102-1656","ZOOTECNIA / RECURSOS PESQUEIROS                   ","Atlântica","B5",2008
"0004-6876","ZOOTECNIA / RECURSOS PESQUEIROS                   ","Atlántida (Madrid)","C ",2008
"0004-7856","ZOOTECNIA / RECURSOS PESQUEIROS                   ","Aufschluss (Heidelberg)","B5",2008
"0004-9433","ZOOTECNIA / RECURSOS PESQUEIROS                   ","Australian Journal of Dairy Technology","B1",2008
"1980-198X","ZOOTECNIA / RECURSOS PESQUEIROS                   ","Aveworld (Paulínea)","C ",2008
"0005-2086","ZOOTECNIA / RECURSOS PESQUEIROS                   ","Avian Diseases","C ",2008
"0327-9545","ZOOTECNIA / RECURSOS PESQUEIROS                   ","Biocell (Mendoza)","B1",2008
"1470-8175","ZOOTECNIA / RECURSOS PESQUEIROS                   ","Biochemistry and Molecular Biology Education","B1",2008
"0104-3455","ZOOTECNIA / RECURSOS PESQUEIROS                   ","Biociências (Porto Alegre)","B3",2008
"0958-3157","ZOOTECNIA / RECURSOS PESQUEIROS                   ","Biocontrol Science and Technology (Print)","C ",2008
"1679-6179","ZOOTECNIA / RECURSOS PESQUEIROS                   ","Biodiversidade Pampeana (Online)","C ",2008
"0102-9568","ZOOTECNIA / RECURSOS PESQUEIROS                   ","Bioikos (Campinas)","B4",2008
"0918-6158","ZOOTECNIA / RECURSOS PESQUEIROS                   ","Biological & Pharmaceutical Bulletin","C ",2008
"0006-3207","ZOOTECNIA / RECURSOS PESQUEIROS                   ","Biological Conservation","A1",2008
"1045-1056","ZOOTECNIA / RECURSOS PESQUEIROS                   ","Biologicals (London. Print)","C ",2008
"1657-9550","ZOOTECNIA / RECURSOS PESQUEIROS                   ","Biosalud (Manizales,Co.)","C ",2008
"1516-3725","ZOOTECNIA / RECURSOS PESQUEIROS                   ","Bioscience Journal (UFU. Impresso)","B5",2008
"1676-0603","ZOOTECNIA / RECURSOS PESQUEIROS                   ","Biota Neopropica (Edição em Português. Online)","B5",2008
"1678-6424","ZOOTECNIA / RECURSOS PESQUEIROS                   ","Biota Neotropica (Edição em português. Impresso)","B5",2008
"1676-0611","ZOOTECNIA / RECURSOS PESQUEIROS                   ","Biota Neotropica (Online. Edição em Inglês)","B5",2008
"1450-9156","ZOOTECNIA / RECURSOS PESQUEIROS                   ","Biotechnology in Animal Husbandry","B5",2008
"0103-1643","ZOOTECNIA / RECURSOS PESQUEIROS                   ","Biotemas (UFSC)","B5",2008
"1471-2091","ZOOTECNIA / RECURSOS PESQUEIROS                   ","BMC Biochemistry (Online)","B3",2008
"1471-2148","ZOOTECNIA / RECURSOS PESQUEIROS                   ","BMC Evolutionary Biology (Online)","C ",2008
"1471-2164","ZOOTECNIA / RECURSOS PESQUEIROS                   ","BMC Genomics","A1",2008
"1472-6807","ZOOTECNIA / RECURSOS PESQUEIROS                   ","BMC Structural Biology (Online)","C ",2008
"1746-6148","ZOOTECNIA / RECURSOS PESQUEIROS                   ","BMC Veterinary Research","C ",2008
"0101-3637","ZOOTECNIA / RECURSOS PESQUEIROS                   ","Boletim da Sociedade Brasileira de Ciência e Tecnologia de Alimentos","B5",2008
"0067-9615","ZOOTECNIA / RECURSOS PESQUEIROS                   ","Boletim de Indústria Animal (Impresso)","B5",2008
"1981-4100","ZOOTECNIA / RECURSOS PESQUEIROS                   ","Boletim de Indústria Animal (Online)","B5",2008
"1677-891X","ZOOTECNIA / RECURSOS PESQUEIROS                   ","Boletim de Pesquisa e Desenvolvimento (Embrapa Pecuária Sudeste. Impresso)","C ",2008
"1676-6709","ZOOTECNIA / RECURSOS PESQUEIROS                   ","Boletim de Pesquisa e Desenvolvimento - Embrapa Agrobiologia","C ",2008
"1517-1981","ZOOTECNIA / RECURSOS PESQUEIROS                   ","Boletim de Pesquisa. Embrapa Pantanal (Cessou em 2001. Cont. ISSN 1679-026X Boletim de Pesquisa e Desenvolvimento (Centro de Pesquisa Agropecuária do Pantanal))","C ",2008
"0102-0323","ZOOTECNIA / RECURSOS PESQUEIROS                   ","Boletim do Centro de Pesquisa e Processamento de Alimentos (Impresso)","B5",2008
"0046-9939","ZOOTECNIA / RECURSOS PESQUEIROS                   ","Boletim do Instituto de Pesca (Impresso) (Cessou em 1982)","B3",2008
"1678-2305","ZOOTECNIA / RECURSOS PESQUEIROS                   ","Boletim do Instituto de Pesca (Online)","B3",2008
"0102-4337","ZOOTECNIA / RECURSOS PESQUEIROS                   ","Boletim do Laboratório de Hidrobiologia (UFAMA. Impresso)","C ",2008
"0103-4278","ZOOTECNIA / RECURSOS PESQUEIROS                   ","Boletim do Museu Paraense Emílio Goeldi. Série Ciências da Terra","B4",2008
"0103-1767","ZOOTECNIA / RECURSOS PESQUEIROS                   ","Boletim Técnico (Instituto de Pesca. Impresso)","C ",2008
"0100-3100","ZOOTECNIA / RECURSOS PESQUEIROS                   ","Boletim Técnico - Instituto Agronómico de Campinas","C ",2008
"0104-6411","ZOOTECNIA / RECURSOS PESQUEIROS                   ","Boletim Técnico Científico do CEPENE","B5",2008
"0103-1112","ZOOTECNIA / RECURSOS PESQUEIROS                   ","Boletim Técnico do CEPTA","B5",2008
"1676-5664","ZOOTECNIA / RECURSOS PESQUEIROS                   ","Boletim Técnico-Científico do CEPNOR","B5",2008
"0524-0476","ZOOTECNIA / RECURSOS PESQUEIROS                   ","Bonplandia (Corrientes)","C ",2008
"0024-4074","ZOOTECNIA / RECURSOS PESQUEIROS                   ","Botanical Journal of the Linnean Society (Print)","C ",2008
"0006-8705","ZOOTECNIA / RECURSOS PESQUEIROS                   ","Bragantia (São Paulo, SP. Impresso)","B3",2008
"1516-8913","ZOOTECNIA / RECURSOS PESQUEIROS                   ","Brazilian Archives of Biology and Technology (Impresso)","B1",2008
"1808-7035","ZOOTECNIA / RECURSOS PESQUEIROS                   ","Brazilian Journal of Aquatic Science and Technology (Impresso)","B5",2008
"1519-6984","ZOOTECNIA / RECURSOS PESQUEIROS                   ","Brazilian Journal of Biology (Impresso)","B2",2008
"0104-6632","ZOOTECNIA / RECURSOS PESQUEIROS                   ","Brazilian Journal of Chemical Engineering (Impresso)","B1",2008
"1516-7275","ZOOTECNIA / RECURSOS PESQUEIROS                   ","Brazilian journal of food technology (Impresso)","B5",2008
"1517-7645","ZOOTECNIA / RECURSOS PESQUEIROS                   ","Brazilian Journal of Food Technology. Preprint Serie","B5",2008
"0100-879X","ZOOTECNIA / RECURSOS PESQUEIROS                   ","Brazilian Journal of Medical and Biological Research (Impresso)","A2",2008
"1517-8382","ZOOTECNIA / RECURSOS PESQUEIROS                   ","Brazilian Journal of Microbiology (Impresso)","B1",2008
"1679-8759","ZOOTECNIA / RECURSOS PESQUEIROS                   ","Brazilian Journal of Oceanography (Impresso)","B1",2008
"1677-0420","ZOOTECNIA / RECURSOS PESQUEIROS                   ","Brazilian Journal of Plant Physiology (Impresso)","B3",2008
"1413-9596","ZOOTECNIA / RECURSOS PESQUEIROS                   ","Brazilian Journal of Veterinary Research and Animal Science (Impresso)","B3",2008
"0007-1668","ZOOTECNIA / RECURSOS PESQUEIROS                   ","British Poultry Science (Print)","C ",2008
"1594-7718","ZOOTECNIA / RECURSOS PESQUEIROS                   ","Bubalus Bubalis","B5",2008
"0007-4861","ZOOTECNIA / RECURSOS PESQUEIROS                   ","Bulletin of Environmental Contamination and Toxicology","B1",2008
"0007-4977","ZOOTECNIA / RECURSOS PESQUEIROS                   ","Bulletin of Marine Science","A2",2008
"0104-1096","ZOOTECNIA / RECURSOS PESQUEIROS                   ","Cadernos de Ciência & Tecnologia","B5",2008
"0102-311X","ZOOTECNIA / RECURSOS PESQUEIROS                   ","Cadernos de Saúde Pública (ENSP. Impresso)","B3",2008
"1676-6024","ZOOTECNIA / RECURSOS PESQUEIROS                   ","Cadernos Técnicos de Veterinária e Zootecnia (UFMG)","C ",2008
"0007-9723","ZOOTECNIA / RECURSOS PESQUEIROS                   ","Cahiers de Biologie Marine","A2",2008
"1981-092X","ZOOTECNIA / RECURSOS PESQUEIROS                   ","Campo Digit@l (Faculdade Integrado de Campo Mourão)","C ",2008
"0008-3984","ZOOTECNIA / RECURSOS PESQUEIROS                   ","Canadian Journal of Animal Science","B1",2008
"0008-5286","ZOOTECNIA / RECURSOS PESQUEIROS                   ","Canadian Veterinary Journal","C ",2008
"0008-7114","ZOOTECNIA / RECURSOS PESQUEIROS                   ","Caryologia (Firenze)","B1",2008
"0341-8162","ZOOTECNIA / RECURSOS PESQUEIROS                   ","Catena (Cremlingen)","C ",2008
"0302-766X","ZOOTECNIA / RECURSOS PESQUEIROS                   ","Cell and Tissue Research (Print)","C ",2008
"0263-6484","ZOOTECNIA / RECURSOS PESQUEIROS                   ","Cell Biochemistry and Function","A2",2008
"0742-2091","ZOOTECNIA / RECURSOS PESQUEIROS                   ","Cell Biology and Toxicology","C ",2008
"0366-6913","ZOOTECNIA / RECURSOS PESQUEIROS                   ","Cerâmica (São Paulo. Impresso)","B5",2008
"0009-0379","ZOOTECNIA / RECURSOS PESQUEIROS                   ","Ceres (Rome. English ed.) (Cessou em 1996)","C ",2008
"0104-7760","ZOOTECNIA / RECURSOS PESQUEIROS                   ","CERNE (UFLA)","B5",2008
"1809-127X","ZOOTECNIA / RECURSOS PESQUEIROS                   ","Check List (São Paulo. Online)","C ",2008
"0045-6535","ZOOTECNIA / RECURSOS PESQUEIROS                   ","Chemosphere (Oxford)","A1",2008
"0009-5893","ZOOTECNIA / RECURSOS PESQUEIROS                   ","Chromatographia (Wiesbaden)","A2",2008
"0104-3773","ZOOTECNIA / RECURSOS PESQUEIROS                   ","Ciencia Animal (UECE)","B5",2008
"1518-2797","ZOOTECNIA / RECURSOS PESQUEIROS                   ","Ciência Animal Brasileira (UFG. Impresso)","B4",2008
"1981-1829","ZOOTECNIA / RECURSOS PESQUEIROS                   ","Ciência e Agrotecnologia (Online)","B2",2008
"1413-7054","ZOOTECNIA / RECURSOS PESQUEIROS                   ","Ciência e Agrotecnologia (UFLA)","B2",2008
"0009-6725","ZOOTECNIA / RECURSOS PESQUEIROS                   ","Ciência e Cultura","B5",2008
"0718-1620","ZOOTECNIA / RECURSOS PESQUEIROS                   ","Ciencia e Investigación Agraria (En línea. Edición en Español)","B5",2008
"0718-3267","ZOOTECNIA / RECURSOS PESQUEIROS                   ","Ciencia e Investigación Agraria (En línea. English ed.)","B5",2008
"0304-5609","ZOOTECNIA / RECURSOS PESQUEIROS                   ","Ciencia e Investigación Agraria (Impresa)","B5",2008
"0101-2061","ZOOTECNIA / RECURSOS PESQUEIROS                   ","Ciência e Tecnologia de Alimentos (Impresso)","B3",2008
"1678-457X","ZOOTECNIA / RECURSOS PESQUEIROS                   ","Ciência e Tecnologia de Alimentos (Online)","B3",2008
"0103-9954","ZOOTECNIA / RECURSOS PESQUEIROS                   ","Ciência Florestal (UFSM. Impresso)","C ",2008
"0101-8515","ZOOTECNIA / RECURSOS PESQUEIROS                   ","Ciência Hoje","B5",2008
"0103-2054","ZOOTECNIA / RECURSOS PESQUEIROS                   ","Ciencia Hoje das Crianças","C ",2008
"0103-8478","ZOOTECNIA / RECURSOS PESQUEIROS                   ","Ciência Rural (UFSM. Impresso)","B2",2008
"1415-6326","ZOOTECNIA / RECURSOS PESQUEIROS                   ","Ciência Veterinária nos Trópicos","B5",2008
"1135-8122","ZOOTECNIA / RECURSOS PESQUEIROS                   ","Ciencia y Tecnología Alimentaria","B5",2008
"1413-571X","ZOOTECNIA / RECURSOS PESQUEIROS                   ","Clínica Veterinária (São Paulo)","B5",2008
"1536-2302","ZOOTECNIA / RECURSOS PESQUEIROS                   ","Cloning and Stem Cells","C ",2008
"1021-5212","ZOOTECNIA / RECURSOS PESQUEIROS                   ","Collective Volume of Scientific Papers - International Commission for the Conservation of Atlantic Tunas","B4",2008
"0010-3624","ZOOTECNIA / RECURSOS PESQUEIROS                   ","Communications in Soil Science and Plant Analysis","B1",2008
"1096-4959","ZOOTECNIA / RECURSOS PESQUEIROS                   ","Comparative Biochemistry and Physiology. B, Biochemistry & Molecular Biology (Cessou em 1999. Cont. Comparative Biochemistry and Physiology. Biochemistry & Molecular Biology (2000))","A2",2008
"0742-8413","ZOOTECNIA / RECURSOS PESQUEIROS                   ","Comparative Biochemistry and Physiology. C. Comparative Pharmacology and Toxicology (Cessou em 1993. Cont. ISSN 1367-8280 Comparative Biochemistry and Physiology. Part C, Pharmacology, Toxicology & Endocrinology)","C ",2008
"1532-0456","ZOOTECNIA / RECURSOS PESQUEIROS                   ","Comparative Biochemistry and Physiology. C. Toxicology & Pharmacology","A1",2008
"1095-6433","ZOOTECNIA / RECURSOS PESQUEIROS                   ","Comparative Biochemistry and Physiology. Part A, Molecular & Integrative Physiology","A2",2008
"1744-117X","ZOOTECNIA / RECURSOS PESQUEIROS                   ","Comparative Biochemistry and Physiology. Part D, Genomics & Proteomics","A2",2008
"0104-6950","ZOOTECNIA / RECURSOS PESQUEIROS                   ","Comunicacoes do Museu de Ciencias e Tecnologia da PUCRS. Serie Zoologia","C ",2008
"1519-7204","ZOOTECNIA / RECURSOS PESQUEIROS                   ","Conceitos (João Pessoa)","C ",2008
"0950-0618","ZOOTECNIA / RECURSOS PESQUEIROS                   ","Construction & Building Materials","C ",2008
"1518-7853","ZOOTECNIA / RECURSOS PESQUEIROS                   ","Crop Breeding and Applied Biotechnology (Impresso)","B4",2008
"0261-2194","ZOOTECNIA / RECURSOS PESQUEIROS                   ","Crop Protection","C ",2008
"0011-183X","ZOOTECNIA / RECURSOS PESQUEIROS                   ","Crop Science","A2",2008
"0343-8651","ZOOTECNIA / RECURSOS PESQUEIROS                   ","Current Microbiology (Print)","C ",2008
"0399-0974","ZOOTECNIA / RECURSOS PESQUEIROS                   ","Cybium (Paris)","B1",2008
"1424-8581","ZOOTECNIA / RECURSOS PESQUEIROS                   ","Cytogenetic and Genome Research (Printed ed.)","C ",2008
"0011-4545","ZOOTECNIA / RECURSOS PESQUEIROS                   ","Cytologia","B2",2008
"1424-6074","ZOOTECNIA / RECURSOS PESQUEIROS                   ","Developments in Biologicals","C ",2008
"0177-5103","ZOOTECNIA / RECURSOS PESQUEIROS                   ","Diseases of Aquatic Organisms","A2",2008
"1517-2201","ZOOTECNIA / RECURSOS PESQUEIROS                   ","Documentos (Embrapa Amazônia Oriental. Impresso)","C ",2008
"0001-7302","ZOOTECNIA / RECURSOS PESQUEIROS                   ","Dongwu Xuebao / Acta Zoologica Sinica","B4",2008
"0906-6691","ZOOTECNIA / RECURSOS PESQUEIROS                   ","Ecology of Freshwater Fish","A2",2008
"0100-4107","ZOOTECNIA / RECURSOS PESQUEIROS                   ","Ecossistema (UniPinhal)","B5",2008
"0147-6513","ZOOTECNIA / RECURSOS PESQUEIROS                   ","Ecotoxicology and Environmental Safety","C ",2008
"1678-0701","ZOOTECNIA / RECURSOS PESQUEIROS                   ","Educação Ambiental em Ação","C ",2008
"1677-2415","ZOOTECNIA / RECURSOS PESQUEIROS                   ","Eisforia (UFSC)","C ",2008
"0717-3458","ZOOTECNIA / RECURSOS PESQUEIROS                   ","Electronic Journal of Biotechnology","C ",2008
"0922-3444","ZOOTECNIA / RECURSOS PESQUEIROS                   ","Elsevier (Amsterdam)","C ",2008
"1080-6040","ZOOTECNIA / RECURSOS PESQUEIROS                   ","Emerging Infectious Diseases (Print)","C ",2008
"0102-9169","ZOOTECNIA / RECURSOS PESQUEIROS                   ","Energia na Agricultura (UNESP. Botucatu. Impresso)","B5",2008
"0100-6916","ZOOTECNIA / RECURSOS PESQUEIROS                   ","Engenharia Agrícola (Impresso)","B3",2008
"1414-3984","ZOOTECNIA / RECURSOS PESQUEIROS                   ","Engenharia na Agricultura","B5",2008
"1415-6938","ZOOTECNIA / RECURSOS PESQUEIROS                   ","Ensaios e Ciência (Campo Grande. Impresso)","B5",2008
"0160-4120","ZOOTECNIA / RECURSOS PESQUEIROS                   ","Environment International","A1",2008
"1387-585X","ZOOTECNIA / RECURSOS PESQUEIROS                   ","Environment, Development and Sustainability","B3",2008
"1555-5275","ZOOTECNIA / RECURSOS PESQUEIROS                   ","Environmental Bioindicators","B5",2008
"0167-6369","ZOOTECNIA / RECURSOS PESQUEIROS                   ","Environmental Monitoring and Assessment (Print)","C ",2008
"1520-5851","ZOOTECNIA / RECURSOS PESQUEIROS                   ","Environmental Science & Technology (Washington, D.C. Online)","B5",2008
"0730-7268","ZOOTECNIA / RECURSOS PESQUEIROS                   ","Environmental Toxicology and Chemistry","A1",2008
"1382-6689","ZOOTECNIA / RECURSOS PESQUEIROS                   ","Environmental Toxicology and Pharmacology","A2",2008
"1679-4974","ZOOTECNIA / RECURSOS PESQUEIROS                   ","Epidemiologia e Serviços de Saúde","C ",2008
"0950-2688","ZOOTECNIA / RECURSOS PESQUEIROS                   ","Epidemiology and Infection (Print)","A1",2008
"1478-0615","ZOOTECNIA / RECURSOS PESQUEIROS                   ","Equine and Comparative Exercise Physiology (Cessou em 2007. Cont. ISSN 1755-2540 Comparative Exercise Physiology (Print))","B5",2008
"0160-8347","ZOOTECNIA / RECURSOS PESQUEIROS                   ","Estuaries (Cessou em 2005. Cont. ISSN 1559-2723 Estuaries and Coasts)","C ",2008
"1559-2723","ZOOTECNIA / RECURSOS PESQUEIROS                   ","Estuaries and Coasts","A2",2008
"0104-7132","ZOOTECNIA / RECURSOS PESQUEIROS                   ","Estudo & Debate (UNIVATES. Impresso)","C ",2008
"0103-0876","ZOOTECNIA / RECURSOS PESQUEIROS                   ","Estudos (UCGO. Impresso)","C ",2008
"0102-2067","ZOOTECNIA / RECURSOS PESQUEIROS                   ","Estudos de Biologia (UCP. Impresso)","C ",2008
"0014-2336","ZOOTECNIA / RECURSOS PESQUEIROS                   ","Euphytica (Wageningen)","A2",2008
"0960-7420","ZOOTECNIA / RECURSOS PESQUEIROS                   ","European Journal of Immunogenetics (Print)","B4",2008
"0932-4739","ZOOTECNIA / RECURSOS PESQUEIROS                   ","European Journal of Protistology (Print)","C ",2008
"0014-4894","ZOOTECNIA / RECURSOS PESQUEIROS                   ","Experimental Parasitology","A2",2008
"1807-0221","ZOOTECNIA / RECURSOS PESQUEIROS                   ","Extensio (Florianópolis)","C ",2008
"1122-4231","ZOOTECNIA / RECURSOS PESQUEIROS                   ","Farmaci (Roma)","C ",2008
"1806-1699","ZOOTECNIA / RECURSOS PESQUEIROS                   ","FAZU em Revista (Uberaba)","C ",2008
"1777-5566","ZOOTECNIA / RECURSOS PESQUEIROS                   ","Feedinfo News Service","C ",2008
"0928-8244","ZOOTECNIA / RECURSOS PESQUEIROS                   ","FEMS Immunology and Medical Microbiology (Print)","C ",2008
"0378-1097","ZOOTECNIA / RECURSOS PESQUEIROS                   ","FEMS Microbiology Letters","C ",2008
"1050-4648","ZOOTECNIA / RECURSOS PESQUEIROS                   ","Fish & Shellfish Immunology (Print)","A1",2008
"0920-1742","ZOOTECNIA / RECURSOS PESQUEIROS                   ","Fish Physiology and Biochemistry","A2",2008
"0165-7836","ZOOTECNIA / RECURSOS PESQUEIROS                   ","Fisheries Research","A2",2008
"0100-4158","ZOOTECNIA / RECURSOS PESQUEIROS                   ","Fitopatologia Brasileira (Impresso) (Cessou em 2007. Cont. ISSN 1982-5676 Tropical Plant Pathology (Impresso))","B2",2008
"0265-203X","ZOOTECNIA / RECURSOS PESQUEIROS                   ","Food Additives and Contaminants (Cessou em 2008. Foi desdobrado em dois: Food Additives & Contaminants. Part B, Surveillance e Food Additives & Contaminants. Part A, Chemistry, Analysis, Control, Exposure & Risk Assessment)","C ",2008
"1936-976X","ZOOTECNIA / RECURSOS PESQUEIROS                   ","Food Analytical Methods (Internet)","C ",2008
"1935-5149","ZOOTECNIA / RECURSOS PESQUEIROS                   ","Food and Bioprocess Technology (On Line)","C ",2008
"0308-8146","ZOOTECNIA / RECURSOS PESQUEIROS                   ","Food Chemistry","A1",2008
"0956-7135","ZOOTECNIA / RECURSOS PESQUEIROS                   ","Food Control","C ",2008
"1082-0132","ZOOTECNIA / RECURSOS PESQUEIROS                   ","Food Science and Technology International","B1",2008
"1517-543X","ZOOTECNIA / RECURSOS PESQUEIROS                   ","Formação (Presidente Prudente)","C ",2008
"0429-2766","ZOOTECNIA / RECURSOS PESQUEIROS                   ","Fourrages (Versailles)","B4",2008
"0016-6480","ZOOTECNIA / RECURSOS PESQUEIROS                   ","General and Comparative Endocrinology (Print)","A1",2008
"0925-9864","ZOOTECNIA / RECURSOS PESQUEIROS                   ","Genetic Resources and Crop Evolution (Print)","A2",2008
"0016-6707","ZOOTECNIA / RECURSOS PESQUEIROS                   ","Genetica ('s-Gravenhage)","A2",2008
"0016-6731","ZOOTECNIA / RECURSOS PESQUEIROS                   ","Genetics (Austin, Tex.)","A1",2008
"1415-4757","ZOOTECNIA / RECURSOS PESQUEIROS                   ","Genetics and Molecular Biology (Impresso)","B1",2008
"1676-5680","ZOOTECNIA / RECURSOS PESQUEIROS                   ","Genetics and Molecular Research","B1",2008
"0999-193X","ZOOTECNIA / RECURSOS PESQUEIROS                   ","Genetics Selection Evolution (Cessou em 2008)","A2",2008
"1679-9860","ZOOTECNIA / RECURSOS PESQUEIROS                   ","Geoambiente On-line","C ",2008
"0102-9800","ZOOTECNIA / RECURSOS PESQUEIROS                   ","Geochimica Brasiliensis","C ",2008
"1677-4841","ZOOTECNIA / RECURSOS PESQUEIROS                   ","Gerenciamento Costeiro Integrado","C ",2008
"0142-5242","ZOOTECNIA / RECURSOS PESQUEIROS                   ","Grass and Forage Science (Print)","A2",2008
"1041-1232","ZOOTECNIA / RECURSOS PESQUEIROS                   ","Growth, Development and Aging (Cessou em 2008)","B1",2008
"1528-0470","ZOOTECNIA / RECURSOS PESQUEIROS                   ","Gulf and Caribbean Research","B4",2008
"0018-084X","ZOOTECNIA / RECURSOS PESQUEIROS                   ","Herpetological Review","B5",2008
"0101-9171","ZOOTECNIA / RECURSOS PESQUEIROS                   ","Higiene Alimentar","B5",2008
"0073-2877","ZOOTECNIA / RECURSOS PESQUEIROS                   ","Hoehnea (São Paulo)","B5",2008
"1807-1600","ZOOTECNIA / RECURSOS PESQUEIROS                   ","Holos (Natal. Online)","C ",2008
"1475-4916","ZOOTECNIA / RECURSOS PESQUEIROS                   ","Homeopathy (Edinburgh. Print)","A2",2008
"0018-8158","ZOOTECNIA / RECURSOS PESQUEIROS                   ","Hydrobiologia (The Hague. Print)","A2",2008
"1054-3139","ZOOTECNIA / RECURSOS PESQUEIROS                   ","ICES Journal of Marine Science (Print)","A2",2008
"0936-9902","ZOOTECNIA / RECURSOS PESQUEIROS                   ","Ichthyological Exploration of Freshwaters","B1",2008
"0073-4705","ZOOTECNIA / RECURSOS PESQUEIROS                   ","Iheringia. Série Botânica","B3",2008
"0073-4721","ZOOTECNIA / RECURSOS PESQUEIROS                   ","Iheringia. Série Zoologia (Impresso)","B1",2008
"0925-4692","ZOOTECNIA / RECURSOS PESQUEIROS                   ","Inflammopharmacology (Dordrecht. Print)","B5",2008
"1510-3625","ZOOTECNIA / RECURSOS PESQUEIROS                   ","Infopesca Internacional","C ",2008
"0100-4409","ZOOTECNIA / RECURSOS PESQUEIROS                   ","Informações Econômicas (Impresso)","B5",2008
"1678-832X","ZOOTECNIA / RECURSOS PESQUEIROS                   ","Informações Econômicas (Online)","B5",2008
"0100-3364","ZOOTECNIA / RECURSOS PESQUEIROS                   ","Informe Agropecuário (Belo Horizonte)","B5",2008
"0020-1685","ZOOTECNIA / RECURSOS PESQUEIROS                   ","Inorganic Materials","B1",2008
"0965-1748","ZOOTECNIA / RECURSOS PESQUEIROS                   ","Insect Biochemistry and Molecular Biology","C ",2008
"1518-7012","ZOOTECNIA / RECURSOS PESQUEIROS                   ","Interações (UCDB)","B5",2008
"1414-3283","ZOOTECNIA / RECURSOS PESQUEIROS                   ","Interface (Botucatu. Impresso)","B5",2008
"0958-6946","ZOOTECNIA / RECURSOS PESQUEIROS                   ","International Dairy Journal","A1",2008
"0020-7519","ZOOTECNIA / RECURSOS PESQUEIROS                   ","International Journal for Parasitology","A1",2008
"0970-2857","ZOOTECNIA / RECURSOS PESQUEIROS                   ","International Journal of Animal Sciences","B5",2008
"0020-7128","ZOOTECNIA / RECURSOS PESQUEIROS                   ","International Journal of Biometeorology (Print)","C ",2008
"1364-727X","ZOOTECNIA / RECURSOS PESQUEIROS                   ","International Journal of Dairy Technology (Print)","A2",2008
"0192-0561","ZOOTECNIA / RECURSOS PESQUEIROS                   ","International Journal of Immunopharmacology","B5",2008
"0717-9502","ZOOTECNIA / RECURSOS PESQUEIROS                   ","International Journal of Morphology (Online)","B5",2008
"0717-9367","ZOOTECNIA / RECURSOS PESQUEIROS                   ","International Journal of Morphology (Print)","B5",2008
"1682-8356","ZOOTECNIA / RECURSOS PESQUEIROS                   ","International Journal of Poultry Science","B5",2008
"0210-136X","ZOOTECNIA / RECURSOS PESQUEIROS                   ","Investigación y Ciencia","C ",2008
"1413-7895","ZOOTECNIA / RECURSOS PESQUEIROS                   ","Irriga (UNESP Botucatu)","C ",2008
"1828-051X","ZOOTECNIA / RECURSOS PESQUEIROS                   ","Italian Journal of Animal Science (Online)","B1",2008
"1594-4077","ZOOTECNIA / RECURSOS PESQUEIROS                   ","Italian Journal of Animal Science (Testo stampato)","B1",2008
"1120-1770","ZOOTECNIA / RECURSOS PESQUEIROS                   ","Italian Journal of Food Sciences","B1",2008
"0130-3341","ZOOTECNIA / RECURSOS PESQUEIROS                   ","Iz Istorii Sibiri (Krasnoârsk)","C ",2008
"1677-5848","ZOOTECNIA / RECURSOS PESQUEIROS                   ","JBF. Jornal Brasileiro de Fitoterapia","C ",2008
"1983-5663","ZOOTECNIA / RECURSOS PESQUEIROS                   ","Jornal Brasileiro de Ciência Animal","C ",2008
"1518-0557","ZOOTECNIA / RECURSOS PESQUEIROS                   ","Jornal Brasileiro de Reprodução Assistida (On-line)","C ",2008
"0021-857X","ZOOTECNIA / RECURSOS PESQUEIROS                   ","Journal of Agricultural Economics","C ",2008
"1230-1388","ZOOTECNIA / RECURSOS PESQUEIROS                   ","Journal of Animal and Feed Sciences","B1",2008
"1680-5593","ZOOTECNIA / RECURSOS PESQUEIROS                   ","Journal of Animal and Veterinary Advances","B5",2008
"0931-2668","ZOOTECNIA / RECURSOS PESQUEIROS                   ","Journal of Animal Breeding and Genetics (1986)","A2",2008
"0021-8812","ZOOTECNIA / RECURSOS PESQUEIROS                   ","Journal of Animal Science","A1",2008
"0971-2119","ZOOTECNIA / RECURSOS PESQUEIROS                   ","Journal of Applied Animal Research","B1",2008
"1045-4438","ZOOTECNIA / RECURSOS PESQUEIROS                   ","Journal of Applied Aquaculture (Print)","B4",2008
"0175-8659","ZOOTECNIA / RECURSOS PESQUEIROS                   ","Journal of Applied Ichthyology","B1",2008
"1364-5072","ZOOTECNIA / RECURSOS PESQUEIROS                   ","Journal of Applied Microbiology (Print)","A1",2008
"0921-8971","ZOOTECNIA / RECURSOS PESQUEIROS                   ","Journal of Applied Phycology","C ",2008
"1056-6171","ZOOTECNIA / RECURSOS PESQUEIROS                   ","Journal of Applied Poultry Research (Print)","B1",2008
"0970-0846","ZOOTECNIA / RECURSOS PESQUEIROS                   ","Journal of Aquaculture in the Tropics","B3",2008
"1049-8850","ZOOTECNIA / RECURSOS PESQUEIROS                   ","Journal of Aquatic Food Product Technology","B3",2008
"0305-0270","ZOOTECNIA / RECURSOS PESQUEIROS                   ","Journal of Biogeography (Print)","C ",2008
"1083-351X","ZOOTECNIA / RECURSOS PESQUEIROS                   ","Journal of Biological Chemistry (Online)","B3",2008
"1727-3048","ZOOTECNIA / RECURSOS PESQUEIROS                   ","Journal of Biological Sciences (Faisalabad)","B5",2008
"0250-5991","ZOOTECNIA / RECURSOS PESQUEIROS                   ","Journal of Biosciences","C ",2008
"1816-4919","ZOOTECNIA / RECURSOS PESQUEIROS                   ","Journal of Botany (Faisalabad)","C ",2008
"1332-9049","ZOOTECNIA / RECURSOS PESQUEIROS                   ","Journal of Central European Agriculture (Online)","C ",2008
"0749-0208","ZOOTECNIA / RECURSOS PESQUEIROS                   ","Journal of Coastal Research","B1",2008
"0278-0372","ZOOTECNIA / RECURSOS PESQUEIROS                   ","Journal of Crustacean Biology","A2",2008
"0022-0299","ZOOTECNIA / RECURSOS PESQUEIROS                   ","Journal of Dairy Research (Print)","A2",2008
"0022-0302","ZOOTECNIA / RECURSOS PESQUEIROS                   ","Journal of Dairy Science","A1",2008
"1816-949X","ZOOTECNIA / RECURSOS PESQUEIROS                   ","Journal of Engineering and Applied Sciences (Faisalabad. Print)","C ",2008
"0301-4797","ZOOTECNIA / RECURSOS PESQUEIROS                   ","Journal of Environmental Management","C ",2008
"0737-0806","ZOOTECNIA / RECURSOS PESQUEIROS                   ","Journal of Equine Veterinary Science (Print)","B1",2008
"0378-8741","ZOOTECNIA / RECURSOS PESQUEIROS                   ","Journal of Ethnopharmacology","C ",2008
"0289-0771","ZOOTECNIA / RECURSOS PESQUEIROS                   ","Journal of Ethology","A2",2008
"0022-0949","ZOOTECNIA / RECURSOS PESQUEIROS                   ","Journal of Experimental Biology","A1",2008
"0022-0981","ZOOTECNIA / RECURSOS PESQUEIROS                   ","Journal of Experimental Marine Biology and Ecology","A1",2008
"1932-5231","ZOOTECNIA / RECURSOS PESQUEIROS                   ","Journal of Experimental Zoology Part A: Ecological Genetics and Physiology","B5",2008
"0022-1112","ZOOTECNIA / RECURSOS PESQUEIROS                   ","Journal of Fish Biology","A2",2008
"1816-4927","ZOOTECNIA / RECURSOS PESQUEIROS                   ","Journal of Fisheries and Aquatic Science","B5",2008
"0260-8774","ZOOTECNIA / RECURSOS PESQUEIROS                   ","Journal of Food Engineering","C ",2008
"0145-8876","ZOOTECNIA / RECURSOS PESQUEIROS                   ","Journal of Food Process Engineering","B1",2008
"0362-028X","ZOOTECNIA / RECURSOS PESQUEIROS                   ","Journal of Food Protection","C ",2008
"0146-9428","ZOOTECNIA / RECURSOS PESQUEIROS                   ","Journal of Food Quality","B1",2008
"0219-6352","ZOOTECNIA / RECURSOS PESQUEIROS                   ","Journal of Integrative Neuroscience (Print)","B5",2008
"0250-6408","ZOOTECNIA / RECURSOS PESQUEIROS                   ","Journal of Northwest Atlantic Fishery Science (Print)","B5",2008
"0022-3492","ZOOTECNIA / RECURSOS PESQUEIROS                   ","Journal of Periodontology (1970)","C ",2008
"1010-6030","ZOOTECNIA / RECURSOS PESQUEIROS                   ","Journal of Photochemistry and Photobiology. A, Chemistry","C ",2008
"0103-5053","ZOOTECNIA / RECURSOS PESQUEIROS                   ","Journal of the Brazilian Chemical Society (Impresso)","A2",2008
"1809-8401","ZOOTECNIA / RECURSOS PESQUEIROS                   ","Journal of the Brazilian Society of Ecotoxicology","C ",2008
"0025-3154","ZOOTECNIA / RECURSOS PESQUEIROS                   ","Journal of the Marine Biological Association of the United Kingdom (Print)","A2",2008
"0893-8849","ZOOTECNIA / RECURSOS PESQUEIROS                   ","Journal of the World Aquaculture Society","B1",2008
"0022-5193","ZOOTECNIA / RECURSOS PESQUEIROS                   ","Journal of Theoretical Biology","A1",2008
"0306-4565","ZOOTECNIA / RECURSOS PESQUEIROS                   ","Journal of Thermal Biology","C ",2008
"0971-0701","ZOOTECNIA / RECURSOS PESQUEIROS                   ","Journal of Veterinary and Animal Sciences","B5",2008
"1040-6387","ZOOTECNIA / RECURSOS PESQUEIROS                   ","Journal of Veterinary Diagnostic Investigation","C ",2008
"0931-184X","ZOOTECNIA / RECURSOS PESQUEIROS                   ","Journal of Veterinary Medicine. Series A","B1",2008
"0971-1031","ZOOTECNIA / RECURSOS PESQUEIROS                   ","Journal of Veterinary Parasitology","C ",2008
"0140-7783","ZOOTECNIA / RECURSOS PESQUEIROS                   ","Journal of Veterinary Pharmacology and Therapeutics (Print)","C ",2008
"1042-7260","ZOOTECNIA / RECURSOS PESQUEIROS                   ","Journal of Zoo and Wildlife Medicine","B1",2008
"0029-5671","ZOOTECNIA / RECURSOS PESQUEIROS                   ","La Recherche (Paris. Imprimé)","B5",2008
"0101-0522","ZOOTECNIA / RECURSOS PESQUEIROS                   ","LAES/HAES","C ",2008
"0327-0793","ZOOTECNIA / RECURSOS PESQUEIROS                   ","Latin American Applied Research","B1",2008
"0718-560X","ZOOTECNIA / RECURSOS PESQUEIROS                   ","Latin American Journal of Aquatic Research","C ",2008
"0023-6438","ZOOTECNIA / RECURSOS PESQUEIROS                   ","Lebensmittel-Wissenschaft + Technologie / Food Science + Technology","C ",2008
"0301-6226","ZOOTECNIA / RECURSOS PESQUEIROS                   ","Livestock Production Science (Print) (Cessou em 2005. Cont. ISSN 1871-1413 Livestock Science (Print))","A2",2008
"0121-3784","ZOOTECNIA / RECURSOS PESQUEIROS                   ","Livestock Research for Rural Development","B4",2008
"1871-1413","ZOOTECNIA / RECURSOS PESQUEIROS                   ","Livestock Science (Print)","A2",2008
"0102-5333","ZOOTECNIA / RECURSOS PESQUEIROS                   ","Magistra","B5",2008
"1023-6244","ZOOTECNIA / RECURSOS PESQUEIROS                   ","Marine and Freshwater Behaviour and Physiology (Print)","A2",2008
"0141-1136","ZOOTECNIA / RECURSOS PESQUEIROS                   ","Marine Environmental Research","A1",2008
"0839-7708","ZOOTECNIA / RECURSOS PESQUEIROS                   ","Marine Turtle Newsletter","B4",2008
"0327-9383","ZOOTECNIA / RECURSOS PESQUEIROS                   ","Mastozoología Neotropical (Impresa)","B4",2008
"1042-6914","ZOOTECNIA / RECURSOS PESQUEIROS                   ","Materials and Manufacturing Processes","B1",2008
"0309-1740","ZOOTECNIA / RECURSOS PESQUEIROS                   ","Meat Science","A1",2008
"1369-3786","ZOOTECNIA / RECURSOS PESQUEIROS                   ","Medical Mycology (Oxford. Print)","C ",2008
"1809-4678","ZOOTECNIA / RECURSOS PESQUEIROS                   ","Medicina Veterinária (UFRPE)","B5",2008
"1678-1430","ZOOTECNIA / RECURSOS PESQUEIROS                   ","MEDVEP. Revista Científica de Medicina Veterinária. Pequenos Animais e Animais de Estimação","B5",2008
"0074-0276","ZOOTECNIA / RECURSOS PESQUEIROS                   ","Memórias do Instituto Oswaldo Cruz (Impresso)","A2",2008
"1286-4579","ZOOTECNIA / RECURSOS PESQUEIROS                   ","Microbes and Infection","C ",2008
"0095-3628","ZOOTECNIA / RECURSOS PESQUEIROS                   ","Microbial Ecology","C ",2008
"0047-7206","ZOOTECNIA / RECURSOS PESQUEIROS                   ","Micron (London. 1969) (Cessou em 1983. Cont. 0739-6260 Micron and Microscopica Acta)","C ",2008
"0026-3672","ZOOTECNIA / RECURSOS PESQUEIROS                   ","Mikrochimica Acta (1966. Print)","C ",2008
"1471-8278","ZOOTECNIA / RECURSOS PESQUEIROS                   ","Molecular Ecology Notes (Print)","C ",2008
"0161-5890","ZOOTECNIA / RECURSOS PESQUEIROS                   ","Molecular Immunology","C ",2008
"1055-7903","ZOOTECNIA / RECURSOS PESQUEIROS                   ","Molecular Phylogenetics and Evolution (Print)","C ",2008
"1040-452X","ZOOTECNIA / RECURSOS PESQUEIROS                   ","Molecular Reproduction and Development","A1",2008
"0122-0268","ZOOTECNIA / RECURSOS PESQUEIROS                   ","MVZ Cordoba","C ",2008
"1516-6384","ZOOTECNIA / RECURSOS PESQUEIROS                   ","Napgama (São Paulo)","B5",2008
"0165-0203","ZOOTECNIA / RECURSOS PESQUEIROS                   ","Natural Resources Forum (Print)","A2",2008
"0028-1298","ZOOTECNIA / RECURSOS PESQUEIROS                   ","Naunyn-Schmiedeberg's Archives of Pharmacology","C ",2008
"0104-6497","ZOOTECNIA / RECURSOS PESQUEIROS                   ","Nauplius","C ",2008
"1809-9939","ZOOTECNIA / RECURSOS PESQUEIROS                   ","Neotropical Biology and Conservation","B5",2008
"1519-566X","ZOOTECNIA / RECURSOS PESQUEIROS                   ","Neotropical Entomology (Impresso)","B1",2008
"1679-6225","ZOOTECNIA / RECURSOS PESQUEIROS                   ","Neotropical Ichthyology (Impresso)","A2",2008
"1413-4705","ZOOTECNIA / RECURSOS PESQUEIROS                   ","Neotropical Primates","C ",2008
"0366-0567","ZOOTECNIA / RECURSOS PESQUEIROS                   ","O Biológico (Campinas. Impresso) (Cessou em 1987)","C ",2008
"1980-6442","ZOOTECNIA / RECURSOS PESQUEIROS                   ","Oecologia Brasiliensis (Impresso)","C ",2008
"1130-4863","ZOOTECNIA / RECURSOS PESQUEIROS                   ","Ovis (Madrid)","C ",2008
"1809-9009","ZOOTECNIA / RECURSOS PESQUEIROS                   ","Pan-American Journal of Aquatic Sciences","B5",2008
"1519-1141","ZOOTECNIA / RECURSOS PESQUEIROS                   ","Panorama da Aqüicultura","C ",2008
"0717-7704","ZOOTECNIA / RECURSOS PESQUEIROS                   ","Parasitología Latinoamericana (Impresa)","B5",2008
"0031-1820","ZOOTECNIA / RECURSOS PESQUEIROS                   ","Parasitology (London. Print)","A1",2008
"1383-5769","ZOOTECNIA / RECURSOS PESQUEIROS                   ","Parasitology International (Print)","C ",2008
"0932-0113","ZOOTECNIA / RECURSOS PESQUEIROS                   ","Parasitology Research (1987. Print)","A2",2008
"1012-7410","ZOOTECNIA / RECURSOS PESQUEIROS                   ","Pasturas Tropicales","B5",2008
"0196-9781","ZOOTECNIA / RECURSOS PESQUEIROS                   ","Peptides (New York, N.Y. 1980)","C ",2008
"0100-204X","ZOOTECNIA / RECURSOS PESQUEIROS                   ","Pesquisa Agropecuária Brasileira (1977. Impressa)","B1",2008
"1678-3921","ZOOTECNIA / RECURSOS PESQUEIROS                   ","Pesquisa Agropecuária Brasileira (Online)","B1",2008
"0104-9070","ZOOTECNIA / RECURSOS PESQUEIROS                   ","Pesquisa Agropecuária Gaúcha","B5",2008
"1517-6398","ZOOTECNIA / RECURSOS PESQUEIROS                   ","Pesquisa Agropecuária Tropical (Impresso)","B4",2008
"0100-736X","ZOOTECNIA / RECURSOS PESQUEIROS                   ","Pesquisa Veterinária Brasileira (Impresso)","B1",2008
"1806-0641","ZOOTECNIA / RECURSOS PESQUEIROS                   ","Pesquisas FUNCAP","C ",2008
"0103-7277","ZOOTECNIA / RECURSOS PESQUEIROS                   ","Pesticidas (UFPR)","B4",2008
"0177-7726","ZOOTECNIA / RECURSOS PESQUEIROS                   ","Pferdeheilkunde","B1",2008
"0091-3057","ZOOTECNIA / RECURSOS PESQUEIROS                   ","Pharmacology, Biochemistry and Behavior","A1",2008
"0031-8655","ZOOTECNIA / RECURSOS PESQUEIROS                   ","Photochemistry and Photobiology","C ",2008
"0031-8884","ZOOTECNIA / RECURSOS PESQUEIROS                   ","Phycologia (Oxford)","C ",2008
"1322-0829","ZOOTECNIA / RECURSOS PESQUEIROS                   ","Phycological Research (Print)","C ",2008
"1522-2152","ZOOTECNIA / RECURSOS PESQUEIROS                   ","Physiological and Biochemical Zoology","A1",2008
"1094-8341","ZOOTECNIA / RECURSOS PESQUEIROS                   ","Physiological Genomics (Print)","C ",2008
"0031-9384","ZOOTECNIA / RECURSOS PESQUEIROS                   ","Physiology & Behavior","A1",2008
"0971-5894","ZOOTECNIA / RECURSOS PESQUEIROS                   ","Physiology and Molecular Biology of Plants","B2",2008
"1808-9909","ZOOTECNIA / RECURSOS PESQUEIROS                   ","Plant Cell Culture & Micropropagation","B5",2008
"1479-2621","ZOOTECNIA / RECURSOS PESQUEIROS                   ","Plant Genetic Resources (Print)","B3",2008
"0168-9452","ZOOTECNIA / RECURSOS PESQUEIROS                   ","Plant Science (Limerick)","C ",2008
"0100-8358","ZOOTECNIA / RECURSOS PESQUEIROS                   ","Planta Daninha (Impresso)","B3",2008
"0032-5791","ZOOTECNIA / RECURSOS PESQUEIROS                   ","Poultry Science (Print)","A2",2008
"0006-324X","ZOOTECNIA / RECURSOS PESQUEIROS                   ","Proceedings of the Biological Society of Washington","B1",2008
"1450-5029","ZOOTECNIA / RECURSOS PESQUEIROS                   ","PTEP. Procesna Tehnika i Energetika u Poljoprivredi","B5",2008
"1982-1263","ZOOTECNIA / RECURSOS PESQUEIROS                   ","Pubvet (Londrina)","C ",2008
"0100-4042","ZOOTECNIA / RECURSOS PESQUEIROS                   ","Química Nova (Impresso)","A2",2008
"0969-806X","ZOOTECNIA / RECURSOS PESQUEIROS                   ","Radiation Physics and Chemistry (1993)","C ",2008
"1550-7424","ZOOTECNIA / RECURSOS PESQUEIROS                   ","Rangeland Ecology & Management","A2",2008
"0936-6768","ZOOTECNIA / RECURSOS PESQUEIROS                   ","Reproduction in Domestic Animals (1990)","A2",2008
"1031-3613","ZOOTECNIA / RECURSOS PESQUEIROS                   ","Reproduction, Fertility and Development","A1",2008
"1815-8846","ZOOTECNIA / RECURSOS PESQUEIROS                   ","Research Journal of Biological Sciences","C ",2008
"1807-9741","ZOOTECNIA / RECURSOS PESQUEIROS                   ","Revista Aqüicultura & Pesca","C ",2008
"0100-6762","ZOOTECNIA / RECURSOS PESQUEIROS                   ","Revista Árvore (Impresso)","B3",2008
"1415-7411","ZOOTECNIA / RECURSOS PESQUEIROS                   ","Revista Biociências (Taubaté)","C ",2008
"0104-8996","ZOOTECNIA / RECURSOS PESQUEIROS                   ","Revista Brasileira de Agrociencia (UFPEL)","B5",2008
"1980-9735","ZOOTECNIA / RECURSOS PESQUEIROS                   ","Revista Brasileira de Agroecologia","C ",2008
"1517-3267","ZOOTECNIA / RECURSOS PESQUEIROS                   ","Revista Brasileira de Agroinformática","C ",2008
"0104-1347","ZOOTECNIA / RECURSOS PESQUEIROS                   ","Revista Brasileira de Agrometeorologia","B5",2008
"1679-2343","ZOOTECNIA / RECURSOS PESQUEIROS                   ","Revista Brasileira de Biociências (Impresso)","C ",2008
"0034-7108","ZOOTECNIA / RECURSOS PESQUEIROS                   ","Revista Brasileira de Biologia (Impresso) (Cessou em 2001. Cont. ISSN 1519-6984 Brazilian Journal of Biology (Impresso))","B3",2008
"0100-8404","ZOOTECNIA / RECURSOS PESQUEIROS                   ","Revista Brasileira de Botânica (Impresso)","B3",2008
"1516-635X","ZOOTECNIA / RECURSOS PESQUEIROS                   ","Revista Brasileira de Ciência Avícola / Brazilian Journal of Poultry Science","B3",2008
"0100-0683","ZOOTECNIA / RECURSOS PESQUEIROS                   ","Revista Brasileira de Ciência do Solo (Impresso)","B1",2008
"1806-9657","ZOOTECNIA / RECURSOS PESQUEIROS                   ","Revista Brasileira de Ciência do Solo (Online)","B1",2008
"0103-1716","ZOOTECNIA / RECURSOS PESQUEIROS                   ","Revista Brasileira de Ciência e Movimento","C ",2008
"1413-0130","ZOOTECNIA / RECURSOS PESQUEIROS                   ","Revista Brasileira de Ciência Veterinária (Impresso)","B4",2008
"0102-9010","ZOOTECNIA / RECURSOS PESQUEIROS                   ","Revista Brasileira de Ciências Morfológicas","B4",2008
"1415-4366","ZOOTECNIA / RECURSOS PESQUEIROS                   ","Revista Brasileira de Engenharia Agrícola e Ambiental (Impresso)","B4",2008
"1807-1929","ZOOTECNIA / RECURSOS PESQUEIROS                   ","Revista Brasileira de Engenharia Agrícola e Ambiental (Online)","B4",2008
"1981-7061","ZOOTECNIA / RECURSOS PESQUEIROS                   ","Revista Brasileira de Engenharia de Biossistemas (UNICAMP)","C ",2008
"1980-587X","ZOOTECNIA / RECURSOS PESQUEIROS                   ","Revista Brasileira de Engenharia de Pesca","C ",2008
"1806-1117","ZOOTECNIA / RECURSOS PESQUEIROS                   ","Revista Brasileira de Ensino de Física (Impresso)","B5",2008
"0085-5626","ZOOTECNIA / RECURSOS PESQUEIROS                   ","Revista Brasileira de Entomologia (Impresso)","B1",2008
"0370-372X","ZOOTECNIA / RECURSOS PESQUEIROS                   ","Revista Brasileira de Farmacia","C ",2008
"0102-695X","ZOOTECNIA / RECURSOS PESQUEIROS                   ","Revista Brasileira de Farmacognosia (Impresso)","B5",2008
"0100-2945","ZOOTECNIA / RECURSOS PESQUEIROS                   ","Revista Brasileira de Fruticultura (Impresso)","B3",2008
"1981-2965","ZOOTECNIA / RECURSOS PESQUEIROS                   ","Revista Brasileira de Higiene e Sanidade Animal","C ",2008
"1677-2504","ZOOTECNIA / RECURSOS PESQUEIROS                   ","Revista Brasileira de Inovação","C ",2008
"0100-2430","ZOOTECNIA / RECURSOS PESQUEIROS                   ","Revista Brasileira de Medicina Veterinária","B5",2008
"1676-689X","ZOOTECNIA / RECURSOS PESQUEIROS                   ","Revista Brasileira de Milho e Sorgo (Impresso)","B5",2008
"1981-9552","ZOOTECNIA / RECURSOS PESQUEIROS                   ","Revista Brasileira de Nutrição Animal","C ",2008
"0103-846X","ZOOTECNIA / RECURSOS PESQUEIROS                   ","Revista Brasileira de Parasitologia Veterinária (Impresso)","B3",2008
"1516-0572","ZOOTECNIA / RECURSOS PESQUEIROS                   ","Revista Brasileira de Plantas Medicinais (Impresso)","B4",2008
"0102-0803","ZOOTECNIA / RECURSOS PESQUEIROS                   ","Revista Brasileira de Reprodução Animal (Impresso)","B3",2008
"0482-5004","ZOOTECNIA / RECURSOS PESQUEIROS                   ","Revista Brasileira de Reumatologia (Impresso)","B5",2008
"1519-9940","ZOOTECNIA / RECURSOS PESQUEIROS                   ","Revista Brasileira de Saúde e Produção Animal","B3",2008
"0303-7657","ZOOTECNIA / RECURSOS PESQUEIROS                   ","Revista Brasileira de Saúde Ocupacional","C ",2008
"0101-3122","ZOOTECNIA / RECURSOS PESQUEIROS                   ","Revista Brasileira de Sementes (Impresso)","B4",2008
"1415-2983","ZOOTECNIA / RECURSOS PESQUEIROS                   ","Revista Brasileira de Toxicologia","C ",2008
"1517-6770","ZOOTECNIA / RECURSOS PESQUEIROS                   ","Revista Brasileira de Zoociências","B5",2008
"0101-8175","ZOOTECNIA / RECURSOS PESQUEIROS                   ","Revista Brasileira de Zoologia (Impresso) (Cessou em 2008. Cont. ISSN 1984-4670 Zoologia (Curitiba. Impresso))","B1",2008
"1806-969X","ZOOTECNIA / RECURSOS PESQUEIROS                   ","Revista Brasileira de Zoologia (Online) (Cessou em 2008. Cont. ISSN 1984-4689 Zoologia (Curitiba. Online))","B3",2008
"1806-9290","ZOOTECNIA / RECURSOS PESQUEIROS                   ","Revista Brasileira de Zootecnia (Online)","B1",2008
"1516-3598","ZOOTECNIA / RECURSOS PESQUEIROS                   ","Revista Brasileira de Zootecnia / Brazilian Journal of Animal Science","B1",2008
"1983-2125","ZOOTECNIA / RECURSOS PESQUEIROS                   ","Revista Caatinga (Online)","B5",2008
"0100-316X","ZOOTECNIA / RECURSOS PESQUEIROS                   ","Revista Caatinga (UFERSA. Impresso)","B5",2008
"0034-737X","ZOOTECNIA / RECURSOS PESQUEIROS                   ","Revista Ceres","B4",2008
"1517-6959","ZOOTECNIA / RECURSOS PESQUEIROS                   ","Revista CFMV (Brasília)","C ",2008
,"ZOOTECNIA / RECURSOS PESQUEIROS                   ","Revista Ciência & Tecnologia Agropecuária","C ",2008
"0045-6888","ZOOTECNIA / RECURSOS PESQUEIROS                   ","Revista Ciência Agronômica (UFC. Impresso)","B3",2008
"1677-9649","ZOOTECNIA / RECURSOS PESQUEIROS                   ","Revista Ciência e Tecnologia","C ",2008
"1679-4605","ZOOTECNIA / RECURSOS PESQUEIROS                   ","Revista Ciência em Extensão","C ",2008
"0798-2259","ZOOTECNIA / RECURSOS PESQUEIROS                   ","Revista Científica (Maracaibo)","B2",2008
"1415-563X","ZOOTECNIA / RECURSOS PESQUEIROS                   ","Revista Científica de Produção Animal","B5",2008
"1516-4071","ZOOTECNIA / RECURSOS PESQUEIROS                   ","Revista Científica do Centro Universitário de Barra Mansa","C ",2008
"1678-3867","ZOOTECNIA / RECURSOS PESQUEIROS                   ","Revista Científica Eletrônica de Engenharia Florestal","C ",2008
"1679-7353","ZOOTECNIA / RECURSOS PESQUEIROS                   ","Revista Científica Eletrônica de Medicina Veterinária","C ",2008
"1413-8263","ZOOTECNIA / RECURSOS PESQUEIROS                   ","Revista Científica Rural","B5",2008
"0120-0690","ZOOTECNIA / RECURSOS PESQUEIROS                   ","Revista Colombiana de Ciencias Pecuarias","B4",2008
"0303-7525","ZOOTECNIA / RECURSOS PESQUEIROS                   ","Revista da Faculdade de Medicina Veterinária e Zootecnia da Universidade de São Paulo. (Cessou em 1989. Cont. 1413-9596 Brazilian Journal of Veterinary Research and Animal Science)","C ",2008
"1413-4012","ZOOTECNIA / RECURSOS PESQUEIROS                   ","Revista da Faculdade de Odontologia. Universidade de Passo Fundo","C ",2008
"0104-4257","ZOOTECNIA / RECURSOS PESQUEIROS                   ","Revista da Faculdade de Zootecnia, Veterinaria e Agronomia (PUCRS. Uruguaiana)","B5",2008
"0037-8682","ZOOTECNIA / RECURSOS PESQUEIROS                   ","Revista da Sociedade Brasileira de Medicina Tropical (Impresso)","A2",2008
"0100-4859","ZOOTECNIA / RECURSOS PESQUEIROS                   ","Revista da Sociedade Brasileira de Zootecnia (Cessou em 1996. Cont. 1516-3598 Revista Brasileira de Zootecnia)","B1",2008
"1519-5228","ZOOTECNIA / RECURSOS PESQUEIROS                   ","Revista de Biologia e Ciências da Terra","C ",2008
"0717-3326","ZOOTECNIA / RECURSOS PESQUEIROS                   ","Revista de Biología Marina y Oceanografía (Impresa)","B1",2008
"0034-7744","ZOOTECNIA / RECURSOS PESQUEIROS                   ","Revista de Biologia Tropical","B1",2008
"1517-591X","ZOOTECNIA / RECURSOS PESQUEIROS                   ","Revista de Ciências Agrárias (Belém)","B5",2008
"1676-9732","ZOOTECNIA / RECURSOS PESQUEIROS                   ","Revista de Ciências Agroveterinárias (UDESC)","B5",2008
"1679-981X","ZOOTECNIA / RECURSOS PESQUEIROS                   ","Revista de Ciências Veterinárias (Leme)","C ",2008
"1679-1614","ZOOTECNIA / RECURSOS PESQUEIROS                   ","Revista de Economia e Agronegócio","B5",2008
"0103-2003","ZOOTECNIA / RECURSOS PESQUEIROS                   ","Revista de Economia e Sociologia Rural (Impresso)","B4",2008
"1517-2805","ZOOTECNIA / RECURSOS PESQUEIROS                   ","Revista de Etologia (Impresso)","C ",2008
"0327-6090","ZOOTECNIA / RECURSOS PESQUEIROS                   ","Revista de Ictiología","B5",2008
"0102-0811","ZOOTECNIA / RECURSOS PESQUEIROS                   ","Revista de Matemática e Estatística (Impresso) (Cessou em 2004. Cont. ISSN 1980-4245 Revista de Matemática e Estatística (Online))","C ",2008
"1415-5273","ZOOTECNIA / RECURSOS PESQUEIROS                   ","Revista de Nutrição (Impresso)","B4",2008
"0301-0406","ZOOTECNIA / RECURSOS PESQUEIROS                   ","Revista de Patologia Tropical (Impresso)","B4",2008
"0100-6991","ZOOTECNIA / RECURSOS PESQUEIROS                   ","Revista do Colégio Brasileiro de Cirurgiões (Impresso)","B5",2008
"0073-9855","ZOOTECNIA / RECURSOS PESQUEIROS                   ","Revista do Instituto Adolfo Lutz (Impresso)","B3",2008
"0100-3674","ZOOTECNIA / RECURSOS PESQUEIROS                   ","Revista do Instituto de Latícinios Cândido Tostes","B5",2008
"0036-4665","ZOOTECNIA / RECURSOS PESQUEIROS                   ","Revista do Instituto de Medicina Tropical de São Paulo (Impresso)","B2",2008
"0100-607X","ZOOTECNIA / RECURSOS PESQUEIROS                   ","Revista do Setor de Ciências Agrárias - Universidade Federal do Paraná","C ",2008
"1695-7504","ZOOTECNIA / RECURSOS PESQUEIROS                   ","Revista Electrónica de Veterinaria","C ",2008
"1679-7124","ZOOTECNIA / RECURSOS PESQUEIROS                   ","Revista eletrônica do ... Fórum de Extensão Universitária (CD-Rom)","C ",2008
"1517-1256","ZOOTECNIA / RECURSOS PESQUEIROS                   ","Revista Eletrônica do Mestrado em Educação Ambiental","C ",2008
"1983-9006","ZOOTECNIA / RECURSOS PESQUEIROS                   ","Revista Eletrônica Nutritime","C ",2008
"0104-1169","ZOOTECNIA / RECURSOS PESQUEIROS                   ","Revista Latino-Americana de Enfermagem (USP. Ribeirão Preto. Impresso)","B3",2008
"0034-9860","ZOOTECNIA / RECURSOS PESQUEIROS                   ","Revista Marítima Brasileira","C ",2008
"0103-880X","ZOOTECNIA / RECURSOS PESQUEIROS                   ","Revista médica de Minas Gerais (Belo Horizonte)","C ",2008
"1909-0544","ZOOTECNIA / RECURSOS PESQUEIROS                   ","Revista Mvz Cordoba","C ",2008
"1679-7140","ZOOTECNIA / RECURSOS PESQUEIROS                   ","Revista Panamericana de Infectología (Impresso)","C ",2008
"1981-8726","ZOOTECNIA / RECURSOS PESQUEIROS                   ","Revista Pesquisa (UFCG)","C ",2008
"0035-0389","ZOOTECNIA / RECURSOS PESQUEIROS                   ","Revista Portuguesa de Ciências Veterinárias","B3",2008
"1808-981X","ZOOTECNIA / RECURSOS PESQUEIROS                   ","Revista Raízes e Amidos Tropicais","C ",2008
"1518-756X","ZOOTECNIA / RECURSOS PESQUEIROS                   ","Revista Saúde e Ambiente (UNIVILLE)","C ",2008
"1982-4831","ZOOTECNIA / RECURSOS PESQUEIROS                   ","Revista Trópica - Ciências Agrárias e Biológicas","C ",2008
"0104-7264","ZOOTECNIA / RECURSOS PESQUEIROS                   ","Revista Universidade Rural. Série Ciências da Vida (Cessou em 2007. Cont. ISSN 1983-4772 Revista de Ciências da Vida)","B5",2008
"1414-0578","ZOOTECNIA / RECURSOS PESQUEIROS                   ","Revista Universidade Rural. Série Ciências Exatas e da Terra (UFRRJ)","C ",2008
"1981-8203","ZOOTECNIA / RECURSOS PESQUEIROS                   ","Revista Verde de Agroecologia e Desenvolvimento Sustentável","C ",2008
"1720-6561","ZOOTECNIA / RECURSOS PESQUEIROS                   ","Rivista Italiana di Ossigeno-Ozonoterapia (Cessou em 2006. Cont. ISSN 1972-3539 International Journal of Ozone Therapy)","C ",2008
"1980-5160","ZOOTECNIA / RECURSOS PESQUEIROS                   ","S & G. Sistemas & Gestão","C ",2008
"0102-8839","ZOOTECNIA / RECURSOS PESQUEIROS                   ","São Paulo em Perspectiva (Impresso)","B4",2008
"1518-2975","ZOOTECNIA / RECURSOS PESQUEIROS                   ","Scientia (Vila Velha)","C ",2008
"1519-1125","ZOOTECNIA / RECURSOS PESQUEIROS                   ","Scientia Agraria (UFPR. Impresso)","B5",2008
"1677-4310","ZOOTECNIA / RECURSOS PESQUEIROS                   ","Scientia Agrária Paranaensis (UNIOESTE. Impresso)","B5",2008
"0103-9016","ZOOTECNIA / RECURSOS PESQUEIROS                   ","Scientia Agrícola (USP. Impresso)","B1",2008
"0214-8358","ZOOTECNIA / RECURSOS PESQUEIROS                   ","Scientia Marina","A2",2008
"0973-3167","ZOOTECNIA / RECURSOS PESQUEIROS                   ","SCMS Journal of Indian Management","C ",2008
"0327-859X","ZOOTECNIA / RECURSOS PESQUEIROS                   ","Selecciones Veterinarias","B5",2008
"0101-3742","ZOOTECNIA / RECURSOS PESQUEIROS                   ","Semina (Londrina)","B5",2008
"1676-546X","ZOOTECNIA / RECURSOS PESQUEIROS                   ","Semina. Ciências Agrárias (Impresso)","B5",2008
"1679-0359","ZOOTECNIA / RECURSOS PESQUEIROS                   ","Semina. Ciências Agrárias (Online)","B5",2008
"1932-9954","ZOOTECNIA / RECURSOS PESQUEIROS                   ","Sensing & Instrumentation for Food Quality","C ",2008
"1932-7587","ZOOTECNIA / RECURSOS PESQUEIROS                   ","Sensing and Instrumentation for Food Quality and Safety","C ",2008
"0102-7360","ZOOTECNIA / RECURSOS PESQUEIROS                   ","Sinergia (FURG)","C ",2008
"1519-6097","ZOOTECNIA / RECURSOS PESQUEIROS                   ","Sitientibus. Série Ciências Biológicas","C ",2008
"0921-4488","ZOOTECNIA / RECURSOS PESQUEIROS                   ","Small Ruminant Research","A2",2008
"0361-6525","ZOOTECNIA / RECURSOS PESQUEIROS                   ","Sociobiology","B1",2008
"0375-1589","ZOOTECNIA / RECURSOS PESQUEIROS                   ","South African Journal of Animal Science","B1",2008
"0165-0521","ZOOTECNIA / RECURSOS PESQUEIROS                   ","Studies on Neotropical Fauna and Environment","B1",2008
"0100-5405","ZOOTECNIA / RECURSOS PESQUEIROS                   ","Summa Phytopathologica (Impresso)","B3",2008
"0930-2794","ZOOTECNIA / RECURSOS PESQUEIROS                   ","Surgical Endoscopy (Cessou em 2001. Cont. ISSN 1866-6817 Surgical Endoscopy and Other Interventional Techniques (Print))","C ",2008
"1553-3506","ZOOTECNIA / RECURSOS PESQUEIROS                   ","Surgical Innovation","C ",2008
"1362-1971","ZOOTECNIA / RECURSOS PESQUEIROS                   ","Systematic and Applied Acarology","B4",2008
"1678-3824","ZOOTECNIA / RECURSOS PESQUEIROS                   ","T&C Amazônia","C ",2008
"1415-6229","ZOOTECNIA / RECURSOS PESQUEIROS                   ","Tecno-Lógica (UNISC)","C ",2008
"1982-2871","ZOOTECNIA / RECURSOS PESQUEIROS                   ","Tecnologia & Ciência Agropecuária","C ",2008
"1983-3334","ZOOTECNIA / RECURSOS PESQUEIROS                   ","Tecnologia & Inovação Agropecuária (Online)","C ",2008
"0103-1805","ZOOTECNIA / RECURSOS PESQUEIROS                   ","Tecnologia e Ciência (UFPB)","C ",2008
"0212-5919","ZOOTECNIA / RECURSOS PESQUEIROS                   ","Thalassas (Santiago de Compostela)","B4",2008
"0002-9637","ZOOTECNIA / RECURSOS PESQUEIROS                   ","The American Journal of Tropical Medicine and Hygiene","C ",2008
"1066-5234","ZOOTECNIA / RECURSOS PESQUEIROS                   ","The Journal of Eukaryotic Microbiology","C ",2008
"0022-1899","ZOOTECNIA / RECURSOS PESQUEIROS                   ","The Journal of Infectious Diseases","C ",2008
"0022-3395","ZOOTECNIA / RECURSOS PESQUEIROS                   ","The Journal of Parasitology","C ",2008
"0104-7930","ZOOTECNIA / RECURSOS PESQUEIROS                   ","The Journal of Venomous Animals and Toxins (Impresso)","B2",2008
"1678-9199","ZOOTECNIA / RECURSOS PESQUEIROS                   ","The Journal of Venomous Animals and Toxins Including Tropical Diseases (Online)","B1",2008
"1676-7497","ZOOTECNIA / RECURSOS PESQUEIROS                   ","The Latin American Journal of Aquatic Mammals","C ",2008
"1090-0233","ZOOTECNIA / RECURSOS PESQUEIROS                   ","The Veterinary Journal (London, England. 1997)","A2",2008
"0093-691X","ZOOTECNIA / RECURSOS PESQUEIROS                   ","Theriogenology","A1",2008
"0041-0101","ZOOTECNIA / RECURSOS PESQUEIROS                   ","Toxicon (Oxford)","A1",2008
"0049-4747","ZOOTECNIA / RECURSOS PESQUEIROS                   ","Tropical Animal Health and Production","B1",2008
"0049-4763","ZOOTECNIA / RECURSOS PESQUEIROS                   ","Tropical Grasslands","B1",2008
"1679-3005","ZOOTECNIA / RECURSOS PESQUEIROS                   ","Tropical Oceanography (Impresso)","C ",2008
"1982-5676","ZOOTECNIA / RECURSOS PESQUEIROS                   ","Tropical Plant Pathology (Impresso)","B5",2008
"1981-4518","ZOOTECNIA / RECURSOS PESQUEIROS                   ","Uakari (Belém. Online)","C ",2008
"1981-450X","ZOOTECNIA / RECURSOS PESQUEIROS                   ","Uakari (Impresso) (Belém)","C ",2008
"0102-5716","ZOOTECNIA / RECURSOS PESQUEIROS                   ","Veterinária e Zootecnia (UNESP)","B4",2008
"1679-5237","ZOOTECNIA / RECURSOS PESQUEIROS                   ","Veterinária em Foco (ULBRA)","B5",2008
"0104-3463","ZOOTECNIA / RECURSOS PESQUEIROS                   ","Veterinária Notícias (UFU. Impresso)","B5",2008
"0372-5480","ZOOTECNIA / RECURSOS PESQUEIROS                   ","Veterinarski Arhiv (Tisak)","B4",2008
"1467-2987","ZOOTECNIA / RECURSOS PESQUEIROS                   ","Veterinary Anaesthesia and Analgesia (Print)","C ",2008
"0275-6382","ZOOTECNIA / RECURSOS PESQUEIROS                   ","Veterinary Clinical Pathology","C ",2008
"0378-1135","ZOOTECNIA / RECURSOS PESQUEIROS                   ","Veterinary Microbiology (Amsterdam. Print)","A1",2008
"0304-4017","ZOOTECNIA / RECURSOS PESQUEIROS                   ","Veterinary Parasitology (Print)","A1",2008
"0300-9858","ZOOTECNIA / RECURSOS PESQUEIROS                   ","Veterinary Pathology (Cessou em uuuu)","A2",2008
"0042-4900","ZOOTECNIA / RECURSOS PESQUEIROS                   ","Veterinary Record","A2",2008
"0928-4249","ZOOTECNIA / RECURSOS PESQUEIROS                   ","Veterinary Research (Print)","A1",2008
"0102-7352","ZOOTECNIA / RECURSOS PESQUEIROS                   ","Vetor (FURG)","C ",2008
"1534-7389","ZOOTECNIA / RECURSOS PESQUEIROS                   ","WCS Working Paper (Online)","C ",2008
"1035-3712","ZOOTECNIA / RECURSOS PESQUEIROS                   ","Wildlife Research (East Melbourne)","C ",2008
"1041-5602","ZOOTECNIA / RECURSOS PESQUEIROS                   ","World Aquaculture","B5",2008
"0959-3993","ZOOTECNIA / RECURSOS PESQUEIROS                   ","World Journal of Microbiology & Biotechnology","C ",2008
"1257-5011","ZOOTECNIA / RECURSOS PESQUEIROS                   ","World Rabbit Science","A2",2008
"0043-9339","ZOOTECNIA / RECURSOS PESQUEIROS                   ","World's Poultry Science Journal","A2",2008
"0939-5075","ZOOTECNIA / RECURSOS PESQUEIROS                   ","Zeitschrift für Naturforschung. C, A Journal of Biosciences","C ",2008
"0733-3188","ZOOTECNIA / RECURSOS PESQUEIROS                   ","Zoo Biology","B1",2008
"1175-5326","ZOOTECNIA / RECURSOS PESQUEIROS                   ","Zootaxa (Auckland. Print)","B1",2008
"1175-5334","ZOOTECNIA / RECURSOS PESQUEIROS                   ","Zootaxa (Online)","B1",2008
"0798-7269","ZOOTECNIA / RECURSOS PESQUEIROS                   ","Zootecnia Tropical - FONAIAP","B4",2008
"0967-1994","ZOOTECNIA / RECURSOS PESQUEIROS                   ","Zygote (Cambridge. Print)","A2",2008
