"1519-9800","FILOSOFIA/TEOLOGIA:subcomissão TEOLOGIA           ","Acta Científica. Ciências Humanas","C ",2008
"1808-3307","FILOSOFIA/TEOLOGIA:subcomissão TEOLOGIA           ","Agnes (PUCSP)","B4",2008
"1679-5385","FILOSOFIA/TEOLOGIA:subcomissão TEOLOGIA           ","Ágora Filosófica (UNICAP. Impresso)","B4",2008
"1518-8728","FILOSOFIA/TEOLOGIA:subcomissão TEOLOGIA           ","Alceu (PUCRJ)","B5",2008
"1094-6098","FILOSOFIA/TEOLOGIA:subcomissão TEOLOGIA           ","American Journal of Pastoral Counseling (Cessou em 2006. Cont. ISSN 1934-9637 Journal of Spirituality in Mental Health)","B1",2008
"1850-4671","FILOSOFIA/TEOLOGIA:subcomissão TEOLOGIA           ","Anatéllei (Córdoba)","B4",2008
"1980-9824","FILOSOFIA/TEOLOGIA:subcomissão TEOLOGIA           ","Âncora (Instituto Âncora de Ensino. Online)","B5",2008
"0101-191X","FILOSOFIA/TEOLOGIA:subcomissão TEOLOGIA           ","Ângulo (FATEA. Impresso)","B5",2008
"0257-9774","FILOSOFIA/TEOLOGIA:subcomissão TEOLOGIA           ","Anthropos (Fribourg)","B1",2008
"1695-9752","FILOSOFIA/TEOLOGIA:subcomissão TEOLOGIA           ","Antropólogos Iberoamericanos en Red (Ed. Impresa)","B4",2008
"1133-0104","FILOSOFIA/TEOLOGIA:subcomissão TEOLOGIA           ","Anuario de Historia de la Iglesia","B2",2008
"0102-8731","FILOSOFIA/TEOLOGIA:subcomissão TEOLOGIA           ","Anuário Evangélico","B5",2008
"0326-9671","FILOSOFIA/TEOLOGIA:subcomissão TEOLOGIA           ","Anuario IEHS","C ",2008
"1881-3488","FILOSOFIA/TEOLOGIA:subcomissão TEOLOGIA           ","Asian Christian Review","B2",2008
"1676-3742","FILOSOFIA/TEOLOGIA:subcomissão TEOLOGIA           ","Atualidade Teológica (PUCRJ)","B3",2008
"0104-1401","FILOSOFIA/TEOLOGIA:subcomissão TEOLOGIA           ","Bioética (Brasília) (Cessou em 2006. Cont. ISSN 1983-8042 Revista Bioética (Impresso))","B4",2008
"1806-2911","FILOSOFIA/TEOLOGIA:subcomissão TEOLOGIA           ","Caderno de Literatura e Cultura Russa","B5",2008
"1519-0951","FILOSOFIA/TEOLOGIA:subcomissão TEOLOGIA           ","Cadernos ADENAUER (São Paulo)","B4",2008
"1806-7328","FILOSOFIA/TEOLOGIA:subcomissão TEOLOGIA           ","Cadernos da ESTEF","B4",2008
"0104-1371","FILOSOFIA/TEOLOGIA:subcomissão TEOLOGIA           ","Cadernos de Educação (UFPel)","B4",2008
"1517-0128","FILOSOFIA/TEOLOGIA:subcomissão TEOLOGIA           ","Cadernos de Ética e Filosofia Política (USP)","B3",2008
"1980-0339","FILOSOFIA/TEOLOGIA:subcomissão TEOLOGIA           ","Cadernos de História (UFOP. Mariana)","B5",2008
"1676-1049","FILOSOFIA/TEOLOGIA:subcomissão TEOLOGIA           ","Cadernos de Psicopedagogia (UNISA. Impresso)","B4",2008
"1806-003X","FILOSOFIA/TEOLOGIA:subcomissão TEOLOGIA           ","Cadernos IHU (UNISINOS)","B5",2008
"1807-7862","FILOSOFIA/TEOLOGIA:subcomissão TEOLOGIA           ","Cadernos IHU em Formação (UNISINOS)","B5",2008
"1679-0316","FILOSOFIA/TEOLOGIA:subcomissão TEOLOGIA           ","Cadernos IHU Idéias (UNISINOS)","B4",2008
"1980-010X","FILOSOFIA/TEOLOGIA:subcomissão TEOLOGIA           ","Cadernos Patrísticos","B5",2008
"1807-0590","FILOSOFIA/TEOLOGIA:subcomissão TEOLOGIA           ","Cadernos Teologia Pública (UNISINOS)","B4",2008
"0871-9527","FILOSOFIA/TEOLOGIA:subcomissão TEOLOGIA           ","Cadmo (Lisboa)","B4",2008
"0181-1126","FILOSOFIA/TEOLOGIA:subcomissão TEOLOGIA           ","Cahiers Simone Weil (Paris)","B4",2008
"1519-7018","FILOSOFIA/TEOLOGIA:subcomissão TEOLOGIA           ","Caminhando (São Bernardo do Campo)","B5",2008
"1677-860X","FILOSOFIA/TEOLOGIA:subcomissão TEOLOGIA           ","Caminhando com o Itepa","B5",2008
"1678-3034","FILOSOFIA/TEOLOGIA:subcomissão TEOLOGIA           ","Caminhos (UCG. Impresso)","B4",2008
"0101-4315","FILOSOFIA/TEOLOGIA:subcomissão TEOLOGIA           ","Carta Mensal - Conselho Técnico da Confederação Nacional do Comércio","C ",2008
"0009-5834","FILOSOFIA/TEOLOGIA:subcomissão TEOLOGIA           ","Christus (Compagnie de Jésus)","B4",2008
"1809-2888","FILOSOFIA/TEOLOGIA:subcomissão TEOLOGIA           ","Ciberteologia (São Paulo. Edição em Português)","B4",2008
"0100-1965","FILOSOFIA/TEOLOGIA:subcomissão TEOLOGIA           ","Ciência da Informação (Impresso)","B4",2008
"0009-6725","FILOSOFIA/TEOLOGIA:subcomissão TEOLOGIA           ","Ciência e Cultura","B4",2008
"1678-5274","FILOSOFIA/TEOLOGIA:subcomissão TEOLOGIA           ","Ciências da Religião (Mackenzie. Impresso)","B4",2008
"1980-9425","FILOSOFIA/TEOLOGIA:subcomissão TEOLOGIA           ","Ciências da Religião (Mackenzie. Online)","B4",2008
"1678-8192","FILOSOFIA/TEOLOGIA:subcomissão TEOLOGIA           ","Ciências Humanas em Revista (UFMA)","B5",2008
"1519-7050","FILOSOFIA/TEOLOGIA:subcomissão TEOLOGIA           ","Ciências Sociais Unisinos","B4",2008
"1518-4463","FILOSOFIA/TEOLOGIA:subcomissão TEOLOGIA           ","Ciencias Sociales y Religión (Impresso)","B3",2008
"1806-5880","FILOSOFIA/TEOLOGIA:subcomissão TEOLOGIA           ","Círculo Católico de Pernambuco","B5",2008
"1519-6089","FILOSOFIA/TEOLOGIA:subcomissão TEOLOGIA           ","Civitas: Revista de Ciências Sociais (Impresso)","B4",2008
"1980-9433","FILOSOFIA/TEOLOGIA:subcomissão TEOLOGIA           ","Coleção Multitextos","B4",2008
"1677-7883","FILOSOFIA/TEOLOGIA:subcomissão TEOLOGIA           ","Coletânea (Rio de Janeiro)","B5",2008
"0871-4134","FILOSOFIA/TEOLOGIA:subcomissão TEOLOGIA           ","Communio (Lisboa)","B3",2008
"0101-7942","FILOSOFIA/TEOLOGIA:subcomissão TEOLOGIA           ","Communio (Rio de Janeiro)","B3",2008
"0010-3713","FILOSOFIA/TEOLOGIA:subcomissão TEOLOGIA           ","Communio Viatorum","B1",2008
"1519-7204","FILOSOFIA/TEOLOGIA:subcomissão TEOLOGIA           ","Conceitos (João Pessoa)","B5",2008
"0588-9804","FILOSOFIA/TEOLOGIA:subcomissão TEOLOGIA           ","Concilium (Deutsche Ausg.)","B1",2008
"1125-7164","FILOSOFIA/TEOLOGIA:subcomissão TEOLOGIA           ","Concilium (Ed. Italiana)","B1",2008
"0210-1041","FILOSOFIA/TEOLOGIA:subcomissão TEOLOGIA           ","Concilium (Estella)","B1",2008
"0010-8162","FILOSOFIA/TEOLOGIA:subcomissão TEOLOGIA           ","Convergencia (Rio de Janeiro. 1968)","C ",2008
"1677-2644","FILOSOFIA/TEOLOGIA:subcomissão TEOLOGIA           ","Correlatio (Online)","B3",2008
"0120-131X","FILOSOFIA/TEOLOGIA:subcomissão TEOLOGIA           ","Cuestiones Teologicas","B5",2008
"1414-7076","FILOSOFIA/TEOLOGIA:subcomissão TEOLOGIA           ","Cult (São Paulo)","C ",2008
"1679-2556","FILOSOFIA/TEOLOGIA:subcomissão TEOLOGIA           ","Cultura e Fé (Porto Alegre)","B3",2008
"1550-4891","FILOSOFIA/TEOLOGIA:subcomissão TEOLOGIA           ","Cultural Encounters","B5",2008
"0098-2113","FILOSOFIA/TEOLOGIA:subcomissão TEOLOGIA           ","Currents in Theology and Mission","A2",2008
"1519-843X","FILOSOFIA/TEOLOGIA:subcomissão TEOLOGIA           ","Debates do NER (UFRGS. Impresso)","B4",2008
"0012-2033","FILOSOFIA/TEOLOGIA:subcomissão TEOLOGIA           ","Dialog (Print)","B4",2008
"1413-0076","FILOSOFIA/TEOLOGIA:subcomissão TEOLOGIA           ","Diálogo (São Paulo)","C ",2008
"0185-3872","FILOSOFIA/TEOLOGIA:subcomissão TEOLOGIA           ","DIDAC (México, D.F.)","B4",2008
"0943-2183","FILOSOFIA/TEOLOGIA:subcomissão TEOLOGIA           ","Die Evangelische Diaspora","C ",2008
"1807-3883","FILOSOFIA/TEOLOGIA:subcomissão TEOLOGIA           ","Dois Pontos (UFPR)","B3",2008
"1517-1949","FILOSOFIA/TEOLOGIA:subcomissão TEOLOGIA           ","Eccos Revista Científica (Impresso)","B5",2008
"1518-188X","FILOSOFIA/TEOLOGIA:subcomissão TEOLOGIA           ","Ecos Revista","C ",2008
"1415-9902","FILOSOFIA/TEOLOGIA:subcomissão TEOLOGIA           ","Educação & Linguagem","B5",2008
"0104-4346","FILOSOFIA/TEOLOGIA:subcomissão TEOLOGIA           ","Educacao & Mudanca (Faculdade de Filosofia Bernardo Sayão)","B4",2008
"0101-465X","FILOSOFIA/TEOLOGIA:subcomissão TEOLOGIA           ","Educação (PUCRS. Impresso)","B5",2008
"1807-2194","FILOSOFIA/TEOLOGIA:subcomissão TEOLOGIA           ","Educação e Cultura Contemporânea","B4",2008
"0102-4698","FILOSOFIA/TEOLOGIA:subcomissão TEOLOGIA           ","Educação em Revista (UFMG. Impresso)","B5",2008
"0103-7420","FILOSOFIA/TEOLOGIA:subcomissão TEOLOGIA           ","Em Pauta (UFRGS. Impresso)","B5",2008
"1518-2789","FILOSOFIA/TEOLOGIA:subcomissão TEOLOGIA           ","Encontros do Religare (UFPB)","B4",2008
"1346-5058","FILOSOFIA/TEOLOGIA:subcomissão TEOLOGIA           ","Encontros Lusófonos","C ",2008
"1415-4471","FILOSOFIA/TEOLOGIA:subcomissão TEOLOGIA           ","Encontros Teológicos (Florianópolis)","B5",2008
"0104-7469","FILOSOFIA/TEOLOGIA:subcomissão TEOLOGIA           ","Espaço Pedagógico","B5",2008
"1677-4833","FILOSOFIA/TEOLOGIA:subcomissão TEOLOGIA           ","Espaços (São Paulo)","C ",2008
"0718-5014","FILOSOFIA/TEOLOGIA:subcomissão TEOLOGIA           ","Estudios Avanzados (En línea)","B4",2008
"0718-4999","FILOSOFIA/TEOLOGIA:subcomissão TEOLOGIA           ","Estudios Avanzados Interactivos (Cessou em 2006. Cont. ISSN 0718-5022 Estudios Avanzados (Imprensa))","B4",2008
"0103-4014","FILOSOFIA/TEOLOGIA:subcomissão TEOLOGIA           ","Estudos Avançados (USP. Impresso)","B5",2008
"1676-4951","FILOSOFIA/TEOLOGIA:subcomissão TEOLOGIA           ","Estudos Bíblicos","B5",2008
"0103-801X","FILOSOFIA/TEOLOGIA:subcomissão TEOLOGIA           ","Estudos de Religiao (IMS)","B2",2008
"0101-3130","FILOSOFIA/TEOLOGIA:subcomissão TEOLOGIA           ","Estudos Teológicos","B2",2008
"1414-3917","FILOSOFIA/TEOLOGIA:subcomissão TEOLOGIA           ","Ética e Filosofia Política","B5",2008
"0014-1941","FILOSOFIA/TEOLOGIA:subcomissão TEOLOGIA           ","Études (1945)","B4",2008
"1517-5863","FILOSOFIA/TEOLOGIA:subcomissão TEOLOGIA           ","Fides Reformata (Impresso)","B5",2008
"1809-9238","FILOSOFIA/TEOLOGIA:subcomissão TEOLOGIA           ","Filosofia (São Paulo)","B5",2008
"1519-5023","FILOSOFIA/TEOLOGIA:subcomissão TEOLOGIA           ","Filosofia Unisinos (Impresso)","B2",2008
"1414-9494","FILOSOFIA/TEOLOGIA:subcomissão TEOLOGIA           ","Fragmentos de Cultura (Goiânia)","B5",2008
"1981-1268","FILOSOFIA/TEOLOGIA:subcomissão TEOLOGIA           ","Gaia Scientia (UFPB)","B5",2008
"1414-7319","FILOSOFIA/TEOLOGIA:subcomissão TEOLOGIA           ","Grande Sinal (Petrópolis)","B5",2008
"0017-4114","FILOSOFIA/TEOLOGIA:subcomissão TEOLOGIA           ","Gregorianum (Roma)","A2",2008
"1678-6475","FILOSOFIA/TEOLOGIA:subcomissão TEOLOGIA           ","Habitus (UCG. Impresso)","B5",2008
"0101-9074","FILOSOFIA/TEOLOGIA:subcomissão TEOLOGIA           ","História (UNESP. Impresso) (Cessou em 2004)","B2",2008
"1519-3861","FILOSOFIA/TEOLOGIA:subcomissão TEOLOGIA           ","História Unisinos","B3",2008
"1679-9615","FILOSOFIA/TEOLOGIA:subcomissão TEOLOGIA           ","Horizonte (Belo Horizonte)","B4",2008
"1677-440X","FILOSOFIA/TEOLOGIA:subcomissão TEOLOGIA           ","Horizonte Teológico","B5",2008
"0104-7183","FILOSOFIA/TEOLOGIA:subcomissão TEOLOGIA           ","Horizontes Antropológicos (UFRGS. Impresso)","B1",2008
"1413-9138","FILOSOFIA/TEOLOGIA:subcomissão TEOLOGIA           ","Hypnos (PUCSP)","B2",2008
"1980-5837","FILOSOFIA/TEOLOGIA:subcomissão TEOLOGIA           ","Ibérica (Juiz de Fora)","B5",2008
"1676-9570","FILOSOFIA/TEOLOGIA:subcomissão TEOLOGIA           ","Identidade!","B5",2008
"0103-779X","FILOSOFIA/TEOLOGIA:subcomissão TEOLOGIA           ","Igreja Luterana","B4",2008
"1981-8769","FILOSOFIA/TEOLOGIA:subcomissão TEOLOGIA           ","IHU On-Line (UNISINOS. Impresso)","B5",2008
"1980-2579","FILOSOFIA/TEOLOGIA:subcomissão TEOLOGIA           ","Incertezas (Faculdade Teológica Evangélica do Rio de Janeiro)","C ",2008
"1679-9437","FILOSOFIA/TEOLOGIA:subcomissão TEOLOGIA           ","Inclusividade (Centro de Estudos Anglicanos)","B5",2008
"1982-3991","FILOSOFIA/TEOLOGIA:subcomissão TEOLOGIA           ","Integração (Porto Alegre)","C ",2008
"1676-7640","FILOSOFIA/TEOLOGIA:subcomissão TEOLOGIA           ","Intellèctus (UERJ. Online)","B5",2008
"1809-8479","FILOSOFIA/TEOLOGIA:subcomissão TEOLOGIA           ","Interações : Cultura e Comunidade (Faculdade Católica de Uberlândia. Impresso)","B5",2008
"1431-8954","FILOSOFIA/TEOLOGIA:subcomissão TEOLOGIA           ","Intercultural Pastoral Care and Counselling","B3",2008
"1679-5407","FILOSOFIA/TEOLOGIA:subcomissão TEOLOGIA           ","Interlocuções (UNICAP)","C ",2008
"1872-5171","FILOSOFIA/TEOLOGIA:subcomissão TEOLOGIA           ","International Journal of Public Theology (Print)","B4",2008
"0020-8582","FILOSOFIA/TEOLOGIA:subcomissão TEOLOGIA           ","International Review of Mission","B2",2008
"1517-7807","FILOSOFIA/TEOLOGIA:subcomissão TEOLOGIA           ","Itaici (São Paulo)","B5",2008
"0304-1042","FILOSOFIA/TEOLOGIA:subcomissão TEOLOGIA           ","Japanese Journal of Religious Studies","B1",2008
"0142-064X","FILOSOFIA/TEOLOGIA:subcomissão TEOLOGIA           ","Journal for the Study of the New Testament","B1",2008
"8755-4178","FILOSOFIA/TEOLOGIA:subcomissão TEOLOGIA           ","Journal of Feminist Studies in Religion","A2",2008
"1527-6457","FILOSOFIA/TEOLOGIA:subcomissão TEOLOGIA           ","Journal of Global Buddhism","B2",2008
"0022-197X","FILOSOFIA/TEOLOGIA:subcomissão TEOLOGIA           ","Journal of International Affairs (New York)","B3",2008
"1089-6457","FILOSOFIA/TEOLOGIA:subcomissão TEOLOGIA           ","Journal of Sandplay Therapy","B5",2008
"1809-2454","FILOSOFIA/TEOLOGIA:subcomissão TEOLOGIA           ","Kerygma (Engenheiro Coelho)","B5",2008
"0210-0533","FILOSOFIA/TEOLOGIA:subcomissão TEOLOGIA           ","La Vida Sobrenatural","B5",2008
"1619-1684","FILOSOFIA/TEOLOGIA:subcomissão TEOLOGIA           ","Lateinamerika-Analysen (Cessou em 2008. Cont. ISSN 1866-802X Journal of Politics in Latin America (Print))","B3",2008
"1807-5193","FILOSOFIA/TEOLOGIA:subcomissão TEOLOGIA           ","Letra Magna","B5",2008
"1413-3024","FILOSOFIA/TEOLOGIA:subcomissão TEOLOGIA           ","Locus (UFJF)","B5",2008
"0103-9512","FILOSOFIA/TEOLOGIA:subcomissão TEOLOGIA           ","Lumen (Recife)","B5",2008
"1516-1285","FILOSOFIA/TEOLOGIA:subcomissão TEOLOGIA           ","Lumen (São Paulo)","B5",2008
"0024-7499","FILOSOFIA/TEOLOGIA:subcomissão TEOLOGIA           ","Lutheran Quarterly (Gettysburg. 1949) (Cessou em 1977)","B1",2008
"0342-0914","FILOSOFIA/TEOLOGIA:subcomissão TEOLOGIA           ","Lutherjahrbuch","B4",2008
"1025-2290","FILOSOFIA/TEOLOGIA:subcomissão TEOLOGIA           ","LWF Studies","B4",2008
"1676-7748","FILOSOFIA/TEOLOGIA:subcomissão TEOLOGIA           ","Magis. Cadernos de Fé e Cultura","B5",2008
"0104-9313","FILOSOFIA/TEOLOGIA:subcomissão TEOLOGIA           ","Mana (UFRJ. Impresso)","B1",2008
"1517-0241","FILOSOFIA/TEOLOGIA:subcomissão TEOLOGIA           ","Mandrágora (São Bernardo do Campo)","B4",2008
"0214-2457","FILOSOFIA/TEOLOGIA:subcomissão TEOLOGIA           ","Manresa (Madrid)","B2",2008
"1807-927X","FILOSOFIA/TEOLOGIA:subcomissão TEOLOGIA           ","Margens (ABEP. Online)","B4",2008
"1806-3802","FILOSOFIA/TEOLOGIA:subcomissão TEOLOGIA           ","Memória & Caminhada (UCB)","B4",2008
"0943-3058","FILOSOFIA/TEOLOGIA:subcomissão TEOLOGIA           ","Method & Theory in the Study of Religion","B3",2008
"1518-0263","FILOSOFIA/TEOLOGIA:subcomissão TEOLOGIA           ","Missioneira (Santo Ângelo)","B5",2008
"1518-3394","FILOSOFIA/TEOLOGIA:subcomissão TEOLOGIA           ","Mneme (Caicó. Online)","B5",2008
"1678-6254","FILOSOFIA/TEOLOGIA:subcomissão TEOLOGIA           ","Mosaico (São José do Rio Preto)","B5",2008
"1676-1170","FILOSOFIA/TEOLOGIA:subcomissão TEOLOGIA           ","Mosaico Apoio Pastoral","C ",2008
"1982-8713","FILOSOFIA/TEOLOGIA:subcomissão TEOLOGIA           ","Nearco (Rio de Janeiro)","B5",2008
"1981-2248","FILOSOFIA/TEOLOGIA:subcomissão TEOLOGIA           ","Netmal in Revista (IMS)","B4",2008
"1516-5477","FILOSOFIA/TEOLOGIA:subcomissão TEOLOGIA           ","Notandum (USP)","B3",2008
"1679-9054","FILOSOFIA/TEOLOGIA:subcomissão TEOLOGIA           ","Novo Olhar (São Leopoldo)","B5",2008
"1516-1021","FILOSOFIA/TEOLOGIA:subcomissão TEOLOGIA           ","Numem (UFJF)","B4",2008
"1807-8222","FILOSOFIA/TEOLOGIA:subcomissão TEOLOGIA           ","Oracula (UMESP)","B4",2008
"1809-1040","FILOSOFIA/TEOLOGIA:subcomissão TEOLOGIA           ","Organizações em Contexto (Impresso)","B5",2008
"1659-2735","FILOSOFIA/TEOLOGIA:subcomissão TEOLOGIA           ","Pasos","B4",2008
"1518-8647","FILOSOFIA/TEOLOGIA:subcomissão TEOLOGIA           ","Passos Litterae Communionis","C ",2008
"0716-4769","FILOSOFIA/TEOLOGIA:subcomissão TEOLOGIA           ","Pastoral Popular","C ",2008
"1678-5487","FILOSOFIA/TEOLOGIA:subcomissão TEOLOGIA           ","Pensador Cristão","C ",2008
"1980-6183","FILOSOFIA/TEOLOGIA:subcomissão TEOLOGIA           ","Pensar a Prática (Online)","B5",2008
"0102-5473","FILOSOFIA/TEOLOGIA:subcomissão TEOLOGIA           ","Perspectiva (UFSC)","B3",2008
"0102-4469","FILOSOFIA/TEOLOGIA:subcomissão TEOLOGIA           ","Perspectiva Teológica (Belo Horizonte)","B2",2008
"1413-5787","FILOSOFIA/TEOLOGIA:subcomissão TEOLOGIA           ","Phoinix (UFRJ)","B4",2008
"1808-0154","FILOSOFIA/TEOLOGIA:subcomissão TEOLOGIA           ","Pós-Escrito (Rio de Janeiro)","C ",2008
"1807-1112","FILOSOFIA/TEOLOGIA:subcomissão TEOLOGIA           ","Prâksis (FEEVALE)","B5",2008
"1676-5745","FILOSOFIA/TEOLOGIA:subcomissão TEOLOGIA           ","Práxis (ULBRA)","B5",2008
"1677-9878","FILOSOFIA/TEOLOGIA:subcomissão TEOLOGIA           ","Práxis Evangélica","B4",2008
"0120-4688","FILOSOFIA/TEOLOGIA:subcomissão TEOLOGIA           ","Praxis Filosofica","B3",2008
"1647-1210","FILOSOFIA/TEOLOGIA:subcomissão TEOLOGIA           ","Prima Facie (Faro)","B5",2008
"1518-2983","FILOSOFIA/TEOLOGIA:subcomissão TEOLOGIA           ","Principia (Juiz de Fora)","B5",2008
"1678-6408","FILOSOFIA/TEOLOGIA:subcomissão TEOLOGIA           ","Protestantismo em Revista","B5",2008
"1415-3173","FILOSOFIA/TEOLOGIA:subcomissão TEOLOGIA           ","Raízes (São Caetano do Sul)","C ",2008
"1677-4043","FILOSOFIA/TEOLOGIA:subcomissão TEOLOGIA           ","Razão e Fé","B5",2008
"0101-8434","FILOSOFIA/TEOLOGIA:subcomissão TEOLOGIA           ","REB. Revista Eclesiastica Brasileira","B3",2008
"1679-4265","FILOSOFIA/TEOLOGIA:subcomissão TEOLOGIA           ","Redes (Vitória)","B4",2008
"1982-0828","FILOSOFIA/TEOLOGIA:subcomissão TEOLOGIA           ","Reflexus","C ",2008
"0034-3781","FILOSOFIA/TEOLOGIA:subcomissão TEOLOGIA           ","Relations (Montréal)","B4",2008
"1982-6605","FILOSOFIA/TEOLOGIA:subcomissão TEOLOGIA           ","Religare (UFPB)","B4",2008
"0100-8587","FILOSOFIA/TEOLOGIA:subcomissão TEOLOGIA           ","Religião & Sociedade (Impresso)","B3",2008
"1676-6881","FILOSOFIA/TEOLOGIA:subcomissão TEOLOGIA           ","Religião e Cultura (PUCSP)","B4",2008
"0048-721X","FILOSOFIA/TEOLOGIA:subcomissão TEOLOGIA           ","Religion (London. 1971)","A2",2008
"1980-8585","FILOSOFIA/TEOLOGIA:subcomissão TEOLOGIA           ","REMHU (Brasília)","C ",2008
"1808-6756","FILOSOFIA/TEOLOGIA:subcomissão TEOLOGIA           ","Repensar (Nova Iguaçu)","B5",2008
"1677-1222","FILOSOFIA/TEOLOGIA:subcomissão TEOLOGIA           ","Rever (PUCSP)","B4",2008
"1677-8685","FILOSOFIA/TEOLOGIA:subcomissão TEOLOGIA           ","Revés do Avesso","C ",2008
"1516-7372","FILOSOFIA/TEOLOGIA:subcomissão TEOLOGIA           ","Revista Anthropológicas","B3",2008
"1807-8214","FILOSOFIA/TEOLOGIA:subcomissão TEOLOGIA           ","Revista Ártemis","B5",2008
"1981-1225","FILOSOFIA/TEOLOGIA:subcomissão TEOLOGIA           ","Revista Aulas (UNICAMP)","B5",2008
"0102-6909","FILOSOFIA/TEOLOGIA:subcomissão TEOLOGIA           ","Revista Brasileira de Ciências Sociais (Impresso)","B2",2008
"1413-2478","FILOSOFIA/TEOLOGIA:subcomissão TEOLOGIA           ","Revista Brasileira de Educação (Impresso)","B3",2008
"0102-0188","FILOSOFIA/TEOLOGIA:subcomissão TEOLOGIA           ","Revista Brasileira de História (Impresso)","B2",2008
"1983-2850","FILOSOFIA/TEOLOGIA:subcomissão TEOLOGIA           ","Revista Brasileira de História das Religiões","B3",2008
"1807-7056","FILOSOFIA/TEOLOGIA:subcomissão TEOLOGIA           ","Revista Brasileira de Teologia","B5",2008
"1808-5687","FILOSOFIA/TEOLOGIA:subcomissão TEOLOGIA           ","Revista Brasileira de Terapias Cognitivas (Impresso)","B5",2008
"1516-2664","FILOSOFIA/TEOLOGIA:subcomissão TEOLOGIA           ","Revista CESUMAR","B5",2008
"1806-0625","FILOSOFIA/TEOLOGIA:subcomissão TEOLOGIA           ","Revista Científica Eletrônica de Psicologia","B4",2008
"0124-2172","FILOSOFIA/TEOLOGIA:subcomissão TEOLOGIA           ","Revista CLAR","B4",2008
"1809-6867","FILOSOFIA/TEOLOGIA:subcomissão TEOLOGIA           ","Revista da Abordagem Gestáltica (Impresso)","C ",2008
"0104-3803","FILOSOFIA/TEOLOGIA:subcomissão TEOLOGIA           ","Revista da APG (PUCSP)","C ",2008
"1676-2630","FILOSOFIA/TEOLOGIA:subcomissão TEOLOGIA           ","Revista de Catequese","B4",2008
"1679-1983","FILOSOFIA/TEOLOGIA:subcomissão TEOLOGIA           ","Revista de Ciências da Saúde Nova Esperança","C ",2008
"0104-0529","FILOSOFIA/TEOLOGIA:subcomissão TEOLOGIA           ","Revista de Cultura Teológica","B4",2008
"1517-2120","FILOSOFIA/TEOLOGIA:subcomissão TEOLOGIA           ","Revista de História (UFES)","B5",2008
"1676-3394","FILOSOFIA/TEOLOGIA:subcomissão TEOLOGIA           ","Revista de Interpretação Bíblica Latino-Americana","B3",2008
"1679-5393","FILOSOFIA/TEOLOGIA:subcomissão TEOLOGIA           ","Revista de Teologia e Ciências da Religião da UNICAP","B4",2008
"1518-3483","FILOSOFIA/TEOLOGIA:subcomissão TEOLOGIA           ","Revista Diálogo Educacional (PUCPR. Impresso)","B5",2008
"1677-8898","FILOSOFIA/TEOLOGIA:subcomissão TEOLOGIA           ","Revista Diálogos","B5",2008
"0104-4834","FILOSOFIA/TEOLOGIA:subcomissão TEOLOGIA           ","Revista do COGEIME","C ",2008
"1517-7874","FILOSOFIA/TEOLOGIA:subcomissão TEOLOGIA           ","Revista do GELNE (UFC)","B4",2008
"1980-0428","FILOSOFIA/TEOLOGIA:subcomissão TEOLOGIA           ","Revista do Instituto de Ciências Humanas","B5",2008
"1413-7100","FILOSOFIA/TEOLOGIA:subcomissão TEOLOGIA           ","Revista do Instituto de Pesquisas e Estudos","B5",2008
"1980-1963","FILOSOFIA/TEOLOGIA:subcomissão TEOLOGIA           ","Revista Dominicana de Teologia","B4",2008
"0102-7735","FILOSOFIA/TEOLOGIA:subcomissão TEOLOGIA           ","Revista Educação em Questão (UFRN. Impresso)","B5",2008
"1806-4167","FILOSOFIA/TEOLOGIA:subcomissão TEOLOGIA           ","Revista Eletrônica de Economia (Juiz de Fora)","B5",2008
"1518-1944","FILOSOFIA/TEOLOGIA:subcomissão TEOLOGIA           ","Revista Eletrônica de Enfermagem","B5",2008
"1519-6186","FILOSOFIA/TEOLOGIA:subcomissão TEOLOGIA           ","Revista Espaço Acadêmico (UEM)","B5",2008
"1133-0902","FILOSOFIA/TEOLOGIA:subcomissão TEOLOGIA           ","Revista Española de Filosofía Medieval","B3",2008
,"FILOSOFIA/TEOLOGIA:subcomissão TEOLOGIA           ","Revista Espírito","C ",2008
"0104-026X","FILOSOFIA/TEOLOGIA:subcomissão TEOLOGIA           ","Revista Estudos Feministas (UFSC. Impresso)","B2",2008
"1982-5854","FILOSOFIA/TEOLOGIA:subcomissão TEOLOGIA           ","Revista FAFIRE (Impresso)","C ",2008
"1870-316X","FILOSOFIA/TEOLOGIA:subcomissão TEOLOGIA           ","Revista Iberoamericana de Teología","B4",2008
"1983-4810","FILOSOFIA/TEOLOGIA:subcomissão TEOLOGIA           ","Revista Jesus Histórico","B5",2008
"1516-2567","FILOSOFIA/TEOLOGIA:subcomissão TEOLOGIA           ","Revista Kairós","B5",2008
"1415-4714","FILOSOFIA/TEOLOGIA:subcomissão TEOLOGIA           ","Revista Latinoamericana de Psicopatologia Fundamental (Impresso)","B3",2008
"0259-9872","FILOSOFIA/TEOLOGIA:subcomissão TEOLOGIA           ","Revista Latinoamericana de Teología","B4",2008
"0103-880X","FILOSOFIA/TEOLOGIA:subcomissão TEOLOGIA           ","Revista médica de Minas Gerais (Belo Horizonte)","B4",2008
"1808-589X","FILOSOFIA/TEOLOGIA:subcomissão TEOLOGIA           ","Revista Mosaicum (Impresso)","B5",2008
"1981-156X","FILOSOFIA/TEOLOGIA:subcomissão TEOLOGIA           ","Revista nures","B5",2008
,"FILOSOFIA/TEOLOGIA:subcomissão TEOLOGIA           ","Revista Peregrino","C ",2008
"1413-6457","FILOSOFIA/TEOLOGIA:subcomissão TEOLOGIA           ","Revista Philologus","B5",2008
"1645-5584","FILOSOFIA/TEOLOGIA:subcomissão TEOLOGIA           ","Revista Portuguesa de Ciência das Religiões","B3",2008
"0870-5283","FILOSOFIA/TEOLOGIA:subcomissão TEOLOGIA           ","Revista Portuguesa de Filosofia","B1",2008
"1517-0144","FILOSOFIA/TEOLOGIA:subcomissão TEOLOGIA           ","Revista Souza Marques","C ",2008
"1414-9796","FILOSOFIA/TEOLOGIA:subcomissão TEOLOGIA           ","Revista Teológica (Campinas)","B4",2008
"0103-9989","FILOSOFIA/TEOLOGIA:subcomissão TEOLOGIA           ","Revista USP","B4",2008
"0080-2654","FILOSOFIA/TEOLOGIA:subcomissão TEOLOGIA           ","Revue Théologique de Louvain (Imprimé)","A2",2008
"1516-3954","FILOSOFIA/TEOLOGIA:subcomissão TEOLOGIA           ","Rhema (Juiz de Fora)","B5",2008
"1018-5763","FILOSOFIA/TEOLOGIA:subcomissão TEOLOGIA           ","Ribla. Revista de Interpretación Biblica Latinoamericana","B3",2008
"1807-1295","FILOSOFIA/TEOLOGIA:subcomissão TEOLOGIA           ","Sacrilegens (UFJF)","B5",2008
"1138-1094","FILOSOFIA/TEOLOGIA:subcomissão TEOLOGIA           ","Sal Terrae (1964)","B4",2008
"0104-1290","FILOSOFIA/TEOLOGIA:subcomissão TEOLOGIA           ","Saúde e Sociedade (USP. Impresso)","B5",2008
"0103-1104","FILOSOFIA/TEOLOGIA:subcomissão TEOLOGIA           ","Saúde em Debate","B5",2008
"0940-4376","FILOSOFIA/TEOLOGIA:subcomissão TEOLOGIA           ","Schlangenbrut","B3",2008
"1806-6526","FILOSOFIA/TEOLOGIA:subcomissão TEOLOGIA           ","Scintilla (FFSB)","B5",2008
"0037-119X","FILOSOFIA/TEOLOGIA:subcomissão TEOLOGIA           ","Selecciones de Teología","C ",2008
"1022-0364","FILOSOFIA/TEOLOGIA:subcomissão TEOLOGIA           ","Serie Antropología","B4",2008
"1516-6295","FILOSOFIA/TEOLOGIA:subcomissão TEOLOGIA           ","Signum (São Paulo)","B5",2008
"0102-3578","FILOSOFIA/TEOLOGIA:subcomissão TEOLOGIA           ","Simpósio (São Paulo)","B5",2008
"0103-4332","FILOSOFIA/TEOLOGIA:subcomissão TEOLOGIA           ","Sintese (Belo Horizonte. 1974)","B2",2008
"0326-9795","FILOSOFIA/TEOLOGIA:subcomissão TEOLOGIA           ","Sociedad y Religión","B5",2008
"1415-8566","FILOSOFIA/TEOLOGIA:subcomissão TEOLOGIA           ","Sociedade e Cultura (Impresso)","B4",2008
"1533-1709","FILOSOFIA/TEOLOGIA:subcomissão TEOLOGIA           ","Spiritus (Baltimore, Md.)","B4",2008
"0926-2326","FILOSOFIA/TEOLOGIA:subcomissão TEOLOGIA           ","Studies in Interreligious Dialogue (Print)","A2",2008
"0008-4298","FILOSOFIA/TEOLOGIA:subcomissão TEOLOGIA           ","Studies in Religion","B3",2008
"1354-9901","FILOSOFIA/TEOLOGIA:subcomissão TEOLOGIA           ","Studies in World Christianity","B2",2008
"0039-7695","FILOSOFIA/TEOLOGIA:subcomissão TEOLOGIA           ","Symposium (Recife)","B5",2008
"1519-5546","FILOSOFIA/TEOLOGIA:subcomissão TEOLOGIA           ","TEAR. Liturgia em Revista","B5",2008
"0102-8782","FILOSOFIA/TEOLOGIA:subcomissão TEOLOGIA           ","Tempo Brasileiro","B4",2008
"1981-1810","FILOSOFIA/TEOLOGIA:subcomissão TEOLOGIA           ","Tempo e Presença Digital (Online)","B5",2008
"0103-2070","FILOSOFIA/TEOLOGIA:subcomissão TEOLOGIA           ","Tempo Social (USP. Impresso)","B3",2008
"1413-7704","FILOSOFIA/TEOLOGIA:subcomissão TEOLOGIA           ","Tempo. Revista do Departamento de História da UFF","B3",2008
"0103-314X","FILOSOFIA/TEOLOGIA:subcomissão TEOLOGIA           ","Teocomunicação (PUCRS. Impresso)","B4",2008
"1806-5635","FILOSOFIA/TEOLOGIA:subcomissão TEOLOGIA           ","Teologia e Sociedade","B4",2008
"1808-8880","FILOSOFIA/TEOLOGIA:subcomissão TEOLOGIA           ","Teologia para Vida","B5",2008
"1813-5102","FILOSOFIA/TEOLOGIA:subcomissão TEOLOGIA           ","Testimonio (Lima)","B5",2008
"0718-3984","FILOSOFIA/TEOLOGIA:subcomissão TEOLOGIA           ","Testimonio (Santiago)","B5",2008
"0104-0707","FILOSOFIA/TEOLOGIA:subcomissão TEOLOGIA           ","Texto & Contexto Enfermagem (UFSC. Impresso)","B5",2008
"0013-0796","FILOSOFIA/TEOLOGIA:subcomissão TEOLOGIA           ","The Ecumenical Review","B2",2008
"0120-3649","FILOSOFIA/TEOLOGIA:subcomissão TEOLOGIA           ","Theologica Xaveriana","B2",2008
"0040-5671","FILOSOFIA/TEOLOGIA:subcomissão TEOLOGIA           ","Theologische Literaturzeitung","B2",2008
"1355-8358","FILOSOFIA/TEOLOGIA:subcomissão TEOLOGIA           ","Theology and Sexuality","B1",2008
"1676-1332","FILOSOFIA/TEOLOGIA:subcomissão TEOLOGIA           ","Theophilos","B5",2008
"1807-0795","FILOSOFIA/TEOLOGIA:subcomissão TEOLOGIA           ","Théos (FTBC. Impresso)","B4",2008
"1980-0215","FILOSOFIA/TEOLOGIA:subcomissão TEOLOGIA           ","Theós (FTBC. Online)","B4",2008
"1517-4549","FILOSOFIA/TEOLOGIA:subcomissão TEOLOGIA           ","Tomo (UFS)","B5",2008
"1677-2091","FILOSOFIA/TEOLOGIA:subcomissão TEOLOGIA           ","TQ. Teologia em Questão","B5",2008
"0103-3786","FILOSOFIA/TEOLOGIA:subcomissão TEOLOGIA           ","Transinformação","B4",2008
"1415-3165","FILOSOFIA/TEOLOGIA:subcomissão TEOLOGIA           ","Ultimato (Viçosa)","C ",2008
"1415-899X","FILOSOFIA/TEOLOGIA:subcomissão TEOLOGIA           ","Último Andar (PUCSP. Impresso)","B5",2008
"1980-8305","FILOSOFIA/TEOLOGIA:subcomissão TEOLOGIA           ","Último Andar (PUCSP. Online)","B5",2008
"0042-3955","FILOSOFIA/TEOLOGIA:subcomissão TEOLOGIA           ","Veritas (Porto Alegre)","B2",2008
"1676-0131","FILOSOFIA/TEOLOGIA:subcomissão TEOLOGIA           ","Via Teológica","B4",2008
"1809-4341","FILOSOFIA/TEOLOGIA:subcomissão TEOLOGIA           ","Vibrant (Florianópolis)","B5",2008
"0507-7184","FILOSOFIA/TEOLOGIA:subcomissão TEOLOGIA           ","Vida Pastoral","B5",2008
"1808-9011","FILOSOFIA/TEOLOGIA:subcomissão TEOLOGIA           ","Virtú (UFJF)","B5",2008
"1807-1287","FILOSOFIA/TEOLOGIA:subcomissão TEOLOGIA           ","Visão Teológica (Dourados)","B4",2008
"1667-2631","FILOSOFIA/TEOLOGIA:subcomissão TEOLOGIA           ","Visiones y Herramientas","B4",2008
"0104-0073","FILOSOFIA/TEOLOGIA:subcomissão TEOLOGIA           ","Vox Scripturae","B4",2008
"0043-2040","FILOSOFIA/TEOLOGIA:subcomissão TEOLOGIA           ","Wege zum Menschen","B1",2008
"0165-988X","FILOSOFIA/TEOLOGIA:subcomissão TEOLOGIA           ","Wereld en Zending","B2",2008
"0943-8610","FILOSOFIA/TEOLOGIA:subcomissão TEOLOGIA           ","ZfR. Zeitschrift für Religionswissenschaft","B1",2008
"0591-2385","FILOSOFIA/TEOLOGIA:subcomissão TEOLOGIA           ","Zygon (Chicago, Ill.)","A2",2008
