"1676-0336","ANTROPOLOGIA / ARQUEOLOGIA                        ","A Terceira Idade","B3",2008
"1984-2090","ANTROPOLOGIA / ARQUEOLOGIA                        ","Abril (Niterói)","B5",2008
"1677-8855","ANTROPOLOGIA / ARQUEOLOGIA                        ","Achegas.net","B5",2008
"0335-5322","ANTROPOLOGIA / ARQUEOLOGIA                        ","Actes de la Recherche en Sciences Sociales","A1",2008
"0002-0591","ANTROPOLOGIA / ARQUEOLOGIA                        ","Afro-Ásia (UFBA. Impresso)","B1",2008
"1851-7145","ANTROPOLOGIA / ARQUEOLOGIA                        ","Alambre (Buenos Aires)","B5",2008
"0188-7017","ANTROPOLOGIA / ARQUEOLOGIA                        ","Alteridades (El Parque)","C ",2008
"1414-753X","ANTROPOLOGIA / ARQUEOLOGIA                        ","Ambiente e Sociedade (Campinas)","B1",2008
"0044-7447","ANTROPOLOGIA / ARQUEOLOGIA                        ","Ambio (Oslo)","B1",2008
"0002-7294","ANTROPOLOGIA / ARQUEOLOGIA                        ","American Anthropologist","A1",2008
"0094-0496","ANTROPOLOGIA / ARQUEOLOGIA                        ","American Ethnologist","A1",2008
"0221-8852","ANTROPOLOGIA / ARQUEOLOGIA                        ","Amérindia (Paris)","B3",2008
"1809-8924","ANTROPOLOGIA / ARQUEOLOGIA                        ","Análise de Conjuntura OPSA","B3",2008
"0003-2573","ANTROPOLOGIA / ARQUEOLOGIA                        ","Análise Social","B2",2008
"1138-347X","ANTROPOLOGIA / ARQUEOLOGIA                        ","Ankulegi (Donostia)","B2",2008
"0084-6570","ANTROPOLOGIA / ARQUEOLOGIA                        ","Annual Review of Anthropology (Print)","A1",2008
"0960-0604","ANTROPOLOGIA / ARQUEOLOGIA                        ","Anthropological Journal of European Cultures","B2",2008
"1817-9142","ANTROPOLOGIA / ARQUEOLOGIA                        ","Anthropological Yearbook of European Cultures","B2",2008
"0967-201X","ANTROPOLOGIA / ARQUEOLOGIA                        ","Anthropology in Action","B2",2008
"1541-6151","ANTROPOLOGIA / ARQUEOLOGIA                        ","Anthropology news (Arlington, Va.)","B5",2008
"1900-5407","ANTROPOLOGIA / ARQUEOLOGIA                        ","Antípoda - Revista de Antropología y Arqueología","B1",2008
"0003-598X","ANTROPOLOGIA / ARQUEOLOGIA                        ","Antiquity (Cambridge)","A1",2008
"1414-7378","ANTROPOLOGIA / ARQUEOLOGIA                        ","Antropolítica (UFF)","B1",2008
"1677-7174","ANTROPOLOGIA / ARQUEOLOGIA                        ","Antropologia em Primeira Mão","B4",2008
"0102-4302","ANTROPOLOGIA / ARQUEOLOGIA                        ","Anuário Antropológico","B1",2008
"1138-039X","ANTROPOLOGIA / ARQUEOLOGIA                        ","Anuario da Facultade de Dereito da Universidade da Coruña","B4",2008
"1982-3169","ANTROPOLOGIA / ARQUEOLOGIA                        ","Anuário da Produção Acadêmica Docente (Anhanguera Educacional. Valinhos)","B5",2008
"0210-5810","ANTROPOLOGIA / ARQUEOLOGIA                        ","Anuario de Estudios Americanos (Ed. Impresa)","B1",2008
"1669-5186","ANTROPOLOGIA / ARQUEOLOGIA                        ","Anuario de Estudios de Antropología Social","B1",2008
"0326-9671","ANTROPOLOGIA / ARQUEOLOGIA                        ","Anuario IEHS","B2",2008
"0969-8043","ANTROPOLOGIA / ARQUEOLOGIA                        ","Applied Radiation and Isotopes","A2",2008
"0329-2142","ANTROPOLOGIA / ARQUEOLOGIA                        ","Apuntes de Investigación del CECYP","B3",2008
"1980-6027","ANTROPOLOGIA / ARQUEOLOGIA                        ","Arca da União","B5",2008
"1555-8622","ANTROPOLOGIA / ARQUEOLOGIA                        ","Archaeologies","B2",2008
"0335-5985","ANTROPOLOGIA / ARQUEOLOGIA                        ","Archives de Sciences Sociales des Religions","A2",2008
"1645-6947","ANTROPOLOGIA / ARQUEOLOGIA                        ","Area Domeniu","B5",2008
"1519-0854","ANTROPOLOGIA / ARQUEOLOGIA                        ","Argumento (Jundiaí)","B5",2008
"1679-6020","ANTROPOLOGIA / ARQUEOLOGIA                        ","Argumento (Rio de Janeiro)","B5",2008
"0102-6364","ANTROPOLOGIA / ARQUEOLOGIA                        ","Arqueologia - Centro de Estudos e Pesquisas Arqueológicas, Universidade Federal do Paraná","B3",2008
"1794-7480","ANTROPOLOGIA / ARQUEOLOGIA                        ","Arqueologia Suramericana","B2",2008
"1808-5741","ANTROPOLOGIA / ARQUEOLOGIA                        ","Arquiteturarevista (UNISINOS)","B3",2008
"1809-6298","ANTROPOLOGIA / ARQUEOLOGIA                        ","Arquitextos (São Paulo)","B1",2008
"1516-814X","ANTROPOLOGIA / ARQUEOLOGIA                        ","Arquivos de Direito","B4",2008
"0365-4508","ANTROPOLOGIA / ARQUEOLOGIA                        ","Arquivos do Museu Nacional","B2",2008
"1516-8603","ANTROPOLOGIA / ARQUEOLOGIA                        ","ArtCultura (UFU)","B3",2008
"1516-1692","ANTROPOLOGIA / ARQUEOLOGIA                        ","Arte & Ensaio (UFRJ)","B1",2008
"0102-1656","ANTROPOLOGIA / ARQUEOLOGIA                        ","Atlântica","B5",2008
"1982-0518","ANTROPOLOGIA / ARQUEOLOGIA                        ","Bagoas : Revista de Estudos Gays","B4",2008
"1165-421X","ANTROPOLOGIA / ARQUEOLOGIA                        ","Bastidiana (Brionne) (Cessou em 2006)","B3",2008
"1516-8085","ANTROPOLOGIA / ARQUEOLOGIA                        ","BIB. Revista Brasileira de Informação Bibliográfica em Ciências Sociais","B1",2008
"0006-5218","ANTROPOLOGIA / ARQUEOLOGIA                        ","Blumenau em Cadernos","B5",2008
"1676-014X","ANTROPOLOGIA / ARQUEOLOGIA                        ","Boletim da Sociedade Brasileira de Meteorologia","B4",2008
"0080-312X","ANTROPOLOGIA / ARQUEOLOGIA                        ","Boletim do Museu Nacional. Zoologia","B2",2008
"0522-7291","ANTROPOLOGIA / ARQUEOLOGIA                        ","Boletim do Museu Paraense Emilio Goeldi. Antropologia (Cessou em 2002)","B5",2008
"1677-549X","ANTROPOLOGIA / ARQUEOLOGIA                        ","Boletim Rede Amazônia","B5",2008
"1017-4346","ANTROPOLOGIA / ARQUEOLOGIA                        ","Boletín - Sociedad de Investigación del Arte Rupestre de Bolivia","B5",2008
"0520-4100","ANTROPOLOGIA / ARQUEOLOGIA                        ","Boletin Americanista","B3",2008
"0716-0763","ANTROPOLOGIA / ARQUEOLOGIA                        ","Boletín Antártico Chileno","B4",2008
"0120-2510","ANTROPOLOGIA / ARQUEOLOGIA                        ","Boletin de Antropologia","B3",2008
"0252-841X","ANTROPOLOGIA / ARQUEOLOGIA                        ","Boletín de Antropología Americana","B3",2008
"1981-0350","ANTROPOLOGIA / ARQUEOLOGIA                        ","BR História","B5",2008
"0387-7604","ANTROPOLOGIA / ARQUEOLOGIA                        ","Brain & Development (Tokyo. 1979)","A2",2008
"1519-9053","ANTROPOLOGIA / ARQUEOLOGIA                        ","Brathair (Online)","B4",2008
"0103-4979","ANTROPOLOGIA / ARQUEOLOGIA                        ","Caderno CRH (UFBA. Impresso)","B3",2008
"1677-6976","ANTROPOLOGIA / ARQUEOLOGIA                        ","Caderno Virtual de Turismo (UFRJ)","B4",2008
"1519-0951","ANTROPOLOGIA / ARQUEOLOGIA                        ","Cadernos ADENAUER (São Paulo)","B4",2008
"1518-0395","ANTROPOLOGIA / ARQUEOLOGIA                        ","Cadernos Camilliani","B4",2008
"1413-4519","ANTROPOLOGIA / ARQUEOLOGIA                        ","Cadernos Ceru (USP)","B5",2008
"0104-9658","ANTROPOLOGIA / ARQUEOLOGIA                        ","Cadernos de Antropologia e Imagem (UERJ)","B1",2008
"0104-5679","ANTROPOLOGIA / ARQUEOLOGIA                        ","Cadernos de Campo (USP. 1991)","B3",2008
"1980-5861","ANTROPOLOGIA / ARQUEOLOGIA                        ","Cadernos de Cultura e Ciência (URCA)","B4",2008
"1677-0277","ANTROPOLOGIA / ARQUEOLOGIA                        ","Cadernos de Educação Escolar Indígena","B5",2008
"1808-0758","ANTROPOLOGIA / ARQUEOLOGIA                        ","Cadernos de Estudos - Secretaria de Avaliação e Gestão da Informação","B4",2008
"0104-9798","ANTROPOLOGIA / ARQUEOLOGIA                        ","Cadernos de Historia Social","B5",2008
"1518-7640","ANTROPOLOGIA / ARQUEOLOGIA                        ","Cadernos de Pesquisa do CDHIS (UFU. Impresso)","B5",2008
"0102-311X","ANTROPOLOGIA / ARQUEOLOGIA                        ","Cadernos de Saúde Pública (ENSP. Impresso)","A1",2008
"1808-6780","ANTROPOLOGIA / ARQUEOLOGIA                        ","Cadernos Direito GV","B5",2008
"1413-8409","ANTROPOLOGIA / ARQUEOLOGIA                        ","Cadernos do CEOM (UNOESC)","B3",2008
"1516-0173","ANTROPOLOGIA / ARQUEOLOGIA                        ","Cadernos do GIPE-CIT (UFBA)","B4",2008
"1806-9118","ANTROPOLOGIA / ARQUEOLOGIA                        ","Cadernos do LEPAARQ (UFPEL)","B5",2008
"1676-7349","ANTROPOLOGIA / ARQUEOLOGIA                        ","Cadernos FAFIRE (Recife) (Cessou em 2006. Cont. 1982-5854 Revista FAFIRE (Recife. Impresso))","B5",2008
"1806-003X","ANTROPOLOGIA / ARQUEOLOGIA                        ","Cadernos IHU (UNISINOS)","B4",2008
"1679-0316","ANTROPOLOGIA / ARQUEOLOGIA                        ","Cadernos IHU Idéias (UNISINOS)","B4",2008
"0104-8333","ANTROPOLOGIA / ARQUEOLOGIA                        ","Cadernos Pagu (UNICAMP. Impresso)","A2",2008
"0989-5191","ANTROPOLOGIA / ARQUEOLOGIA                        ","Cahiers du Brésil Contemporain","B3",2008
"0008-0276","ANTROPOLOGIA / ARQUEOLOGIA                        ","Cahiers Internationaux de Sociologie","A2",2008
"1678-3034","ANTROPOLOGIA / ARQUEOLOGIA                        ","Caminhos (UCG. Impresso)","B5",2008
"1519-5538","ANTROPOLOGIA / ARQUEOLOGIA                        ","Campos (UFPR)","B1",2008
"1807-4170","ANTROPOLOGIA / ARQUEOLOGIA                        ","Candelária (Rio de Janeiro)","B5",2008
"1807-376X","ANTROPOLOGIA / ARQUEOLOGIA                        ","Canindé (MAX/UFS. Impresso)","B2",2008
"1517-6916","ANTROPOLOGIA / ARQUEOLOGIA                        ","CAOS. Revista Eletrônica de Ciências Sociais","B5",2008
"0907-5682","ANTROPOLOGIA / ARQUEOLOGIA                        ","Childhood (Copenhagen)","A2",2008
"0716-1182","ANTROPOLOGIA / ARQUEOLOGIA                        ","Chungara (Arica, Impresa)","A2",2008
"0009-6725","ANTROPOLOGIA / ARQUEOLOGIA                        ","Ciência e Cultura","B2",2008
"1413-8123","ANTROPOLOGIA / ARQUEOLOGIA                        ","Ciência e Saúde Coletiva (Impresso)","B3",2008
"1517-1914","ANTROPOLOGIA / ARQUEOLOGIA                        ","Ciência em Movimento (Impresso)","B4",2008
"0101-8515","ANTROPOLOGIA / ARQUEOLOGIA                        ","Ciência Hoje","B2",2008
"1678-2046","ANTROPOLOGIA / ARQUEOLOGIA                        ","Ciência Odontológica Brasileira","B3",2008
"0102-4868","ANTROPOLOGIA / ARQUEOLOGIA                        ","Ciências & Letras (FAPA. Impresso)","B5",2008
"1678-8192","ANTROPOLOGIA / ARQUEOLOGIA                        ","Ciências Humanas em Revista (UFMA)","B5",2008
"1519-7050","ANTROPOLOGIA / ARQUEOLOGIA                        ","Ciências Sociais Unisinos","B3",2008
"1518-4463","ANTROPOLOGIA / ARQUEOLOGIA                        ","Ciencias Sociales y Religión (Impresso)","B2",2008
"1982-2650","ANTROPOLOGIA / ARQUEOLOGIA                        ","Ciencias Sociales y Religión (Online)","B2",2008
"0009-8140","ANTROPOLOGIA / ARQUEOLOGIA                        ","Civilisations (Bruxelles)","A2",2008
"1519-6089","ANTROPOLOGIA / ARQUEOLOGIA                        ","Civitas: Revista de Ciências Sociais (Impresso)","B3",2008
"0102-6003","ANTROPOLOGIA / ARQUEOLOGIA                        ","Clio. Série Arqueológica (UFPE)","B1",2008
"0102-9487","ANTROPOLOGIA / ARQUEOLOGIA                        ","Clio. Série História do Nordeste (UFPE)","B2",2008
"1809-8428","ANTROPOLOGIA / ARQUEOLOGIA                        ","Cognitio-Estudos (PUC-SP. Online)","B3",2008
"1519-7654","ANTROPOLOGIA / ARQUEOLOGIA                        ","ComCiência (UNICAMP)","B3",2008
"0961-754X","ANTROPOLOGIA / ARQUEOLOGIA                        ","Common Knowledge (Oxford)","B3",2008
"1089-201X","ANTROPOLOGIA / ARQUEOLOGIA                        ","Comparative Studies of South Asia, Africa, and the Middle East","B2",2008
"1131-6993","ANTROPOLOGIA / ARQUEOLOGIA                        ","Complutum (Madrid)","B2",2008
"0101-305X","ANTROPOLOGIA / ARQUEOLOGIA                        ","Comum (FACHA)","B4",2008
"1806-4981","ANTROPOLOGIA / ARQUEOLOGIA                        ","Comunicação, Mídia e Consumo (São Paulo. Impresso)","B4",2008
"0084-9189","ANTROPOLOGIA / ARQUEOLOGIA                        ","Conimbriga (Coimbra)","B2",2008
"1983-0238","ANTROPOLOGIA / ARQUEOLOGIA                        ","Contexto (Mossoró)","C ",2008
"185-14472","ANTROPOLOGIA / ARQUEOLOGIA                        ","Critica en Desarrollo. Revista LatinoAmericana de ciencias sociales","B3",2008
"0104-9321","ANTROPOLOGIA / ARQUEOLOGIA                        ","Critica Marxista (São Paulo)","B4",2008
"0011-1600","ANTROPOLOGIA / ARQUEOLOGIA                        ","Critique (Revue)","B4",2008
"1981-2140","ANTROPOLOGIA / ARQUEOLOGIA                        ","CSOnline (UFJF)","B4",2008
"0327-3776","ANTROPOLOGIA / ARQUEOLOGIA                        ","Cuadernos de Antropología Social (Impresa)","B1",2008
"1850-275X","ANTROPOLOGIA / ARQUEOLOGIA                        ","Cuadernos de Antropología Social (Online)","B1",2008
"0327-1471","ANTROPOLOGIA / ARQUEOLOGIA                        ","Cuadernos de la Facultad de Humanidades y Ciencias Sociales. Universidad Nacional de Jujuy","B4",2008
"1139-7861","ANTROPOLOGIA / ARQUEOLOGIA                        ","Cuadernos de Turismo","B3",2008
"0718-4727","ANTROPOLOGIA / ARQUEOLOGIA                        ","Cultura y Religión (En línea)","B4",2008
"0011-3204","ANTROPOLOGIA / ARQUEOLOGIA                        ","Current Anthropology","A1",2008
"8755-898X","ANTROPOLOGIA / ARQUEOLOGIA                        ","Current Research in the Pleistocene","A2",2008
"0011-3921","ANTROPOLOGIA / ARQUEOLOGIA                        ","Current Sociology (Print)","A2",2008
"0011-5258","ANTROPOLOGIA / ARQUEOLOGIA                        ","Dados (Rio de Janeiro. Impresso)","A1",2008
"1519-843X","ANTROPOLOGIA / ARQUEOLOGIA                        ","Debates do NER (UFRGS. Impresso)","B3",2008
"0102-4450","ANTROPOLOGIA / ARQUEOLOGIA                        ","DELTA. Documentação de Estudos em Linguística Teórica e Aplicada (PUCSP. Impresso)","B4",2008
"1415-1499","ANTROPOLOGIA / ARQUEOLOGIA                        ","Democracia Viva","B5",2008
"1982-3894","ANTROPOLOGIA / ARQUEOLOGIA                        ","Desigualdade & Diversidade (PUCRJ)","B5",2008
"1806-9746","ANTROPOLOGIA / ARQUEOLOGIA                        ","Desvendando a História (São Paulo)","B5",2008
"1679-8503","ANTROPOLOGIA / ARQUEOLOGIA                        ","Devires (UFMG)","B3",2008
"1413-0076","ANTROPOLOGIA / ARQUEOLOGIA                        ","Diálogo (São Paulo)","B5",2008
"1413-988X","ANTROPOLOGIA / ARQUEOLOGIA                        ","Discursos Sediciosos (Rio de Janeiro)","B5",2008
"1703-8839","ANTROPOLOGIA / ARQUEOLOGIA                        ","Drogues, Santé et Société","B4",2008
"1343-8832","ANTROPOLOGIA / ARQUEOLOGIA                        ","Earth, Planets and Space","B1",2008
"1518-188X","ANTROPOLOGIA / ARQUEOLOGIA                        ","Ecos Revista","B4",2008
"1679-8872","ANTROPOLOGIA / ARQUEOLOGIA                        ","Edição especial história viva","B4",2008
"0101-756X","ANTROPOLOGIA / ARQUEOLOGIA                        ","Educação Agrícola Superior","B4",2008
"0104-1037","ANTROPOLOGIA / ARQUEOLOGIA                        ","Em Aberto","B3",2008
"1415-6938","ANTROPOLOGIA / ARQUEOLOGIA                        ","Ensaios e Ciência (Campo Grande. Impresso)","B3",2008
"1808-1010","ANTROPOLOGIA / ARQUEOLOGIA                        ","Entrelivros (São Paulo)","B4",2008
"0942-4466","ANTROPOLOGIA / ARQUEOLOGIA                        ","Entwicklungsethnologie (Trier)","A2",2008
"0263-7758","ANTROPOLOGIA / ARQUEOLOGIA                        ","Environment and Planning. D, Society & Space (Print)","B1",2008
"1461-4103","ANTROPOLOGIA / ARQUEOLOGIA                        ","Environmental Archaeology","A2",2008
"1980-833X","ANTROPOLOGIA / ARQUEOLOGIA                        ","ESAC. Economia Solidária e Ação Cooperativa (UNISINOS)","B5",2008
"0014-0481","ANTROPOLOGIA / ARQUEOLOGIA                        ","Espaces et Sociétés","B1",2008
"0101-5621","ANTROPOLOGIA / ARQUEOLOGIA                        ","Espaço & Debates","B3",2008
"1982-6524","ANTROPOLOGIA / ARQUEOLOGIA                        ","Espaço Ameríndio (UFRGS)","B4",2008
"1809-1296","ANTROPOLOGIA / ARQUEOLOGIA                        ","Esporte e Sociedade","B5",2008
"0137-3080","ANTROPOLOGIA / ARQUEOLOGIA                        ","Estudios Latinoamericanos","B2",2008
"0326-7458","ANTROPOLOGIA / ARQUEOLOGIA                        ","Estudios Migratorios Latinoamericanos","B2",2008
"0327-5841","ANTROPOLOGIA / ARQUEOLOGIA                        ","Estudios y Perspectivas en Turismo","B2",2008
"1516-6201","ANTROPOLOGIA / ARQUEOLOGIA                        ","Estudos (Brasília)","B5",2008
"0103-0876","ANTROPOLOGIA / ARQUEOLOGIA                        ","Estudos (UCGO. Impresso)","B5",2008
"0101-546X","ANTROPOLOGIA / ARQUEOLOGIA                        ","Estudos Afro-Asiáticos (UCAM. Impresso)","B2",2008
"0103-4014","ANTROPOLOGIA / ARQUEOLOGIA                        ","Estudos Avançados (USP. Impresso)","B2",2008
"0870-4457","ANTROPOLOGIA / ARQUEOLOGIA                        ","Estudos de Antropologia Cultural e Social","B4",2008
"1413-1587","ANTROPOLOGIA / ARQUEOLOGIA                        ","Estudos de História","B3",2008
"1415-000X","ANTROPOLOGIA / ARQUEOLOGIA                        ","Estudos de Sociologia (Recife)","B4",2008
"1806-6496","ANTROPOLOGIA / ARQUEOLOGIA                        ","Estudos em Jornalismo e Mídia (UFSC)","B5",2008
"0080-0244","ANTROPOLOGIA / ARQUEOLOGIA                        ","Estudos Geológicos. Série B, Estudos e Pesquisas (UFPE)","B4",2008
"0103-2186","ANTROPOLOGIA / ARQUEOLOGIA                        ","Estudos Historicos (Rio de Janeiro)","B1",2008
"1517-2473","ANTROPOLOGIA / ARQUEOLOGIA                        ","Estudos Interdisciplinares sobre o Envelhecimento","B3",2008
"1645-2453","ANTROPOLOGIA / ARQUEOLOGIA                        ","Estudos Património","B4",2008
"1413-0580","ANTROPOLOGIA / ARQUEOLOGIA                        ","Estudos Sociedade e Agricultura (UFRJ)","B2",2008
"1961-9162","ANTROPOLOGIA / ARQUEOLOGIA                        ","Ethnographiques.Org","B4",2008
"0014-1801","ANTROPOLOGIA / ARQUEOLOGIA                        ","Ethnohistory","A1",2008
"0046-2616","ANTROPOLOGIA / ARQUEOLOGIA                        ","Ethnologie Française (Paris)","A2",2008
"1669-2632","ANTROPOLOGIA / ARQUEOLOGIA                        ","Etnografías Contemporáneas","B2",2008
"0873-6561","ANTROPOLOGIA / ARQUEOLOGIA                        ","Etnográfica (Lisboa)","A1",2008
"0869-5415","ANTROPOLOGIA / ARQUEOLOGIA                        ","Ètnograficeskoe Obozrenie (Moskva. 1992)","B4",2008
"0014-2247","ANTROPOLOGIA / ARQUEOLOGIA                        ","Études Tsiganes","B4",2008
"1743-0615","ANTROPOLOGIA / ARQUEOLOGIA                        ","Fieldwork in Religion (Print)","B3",2008
"0920-1297","ANTROPOLOGIA / ARQUEOLOGIA                        ","Focaal (Nijmegen)","B4",2008
"1980-0827","ANTROPOLOGIA / ARQUEOLOGIA                        ","Fórum Ambiental da Alta Paulista","C ",2008
"1414-9494","ANTROPOLOGIA / ARQUEOLOGIA                        ","Fragmentos de Cultura (Goiânia)","B4",2008
"1415-8701","ANTROPOLOGIA / ARQUEOLOGIA                        ","Fronteiras (Florianópolis)","B3",2008
"0104-351X","ANTROPOLOGIA / ARQUEOLOGIA                        ","FUMDHAMentos","B4",2008
"0016-7037","ANTROPOLOGIA / ARQUEOLOGIA                        ","Geochimica et Cosmochimica Acta","A2",2008
"1519-874X","ANTROPOLOGIA / ARQUEOLOGIA                        ","Geologia USP. Série Científica","B5",2008
"0169-555X","ANTROPOLOGIA / ARQUEOLOGIA                        ","Geomorphology (Amsterdam)","B1",2008
"1744-1706","ANTROPOLOGIA / ARQUEOLOGIA                        ","Global Public Health (Online)","B2",2008
"1744-1692","ANTROPOLOGIA / ARQUEOLOGIA                        ","Global Public Health (Print)","B2",2008
"1807-4561","ANTROPOLOGIA / ARQUEOLOGIA                        ","Guanicuns","B5",2008
"1678-6475","ANTROPOLOGIA / ARQUEOLOGIA                        ","Habitus (UCG. Impresso)","B2",2008
"1468-2737","ANTROPOLOGIA / ARQUEOLOGIA                        ","Hispanic Research Journal","A2",2008
"0103-409X","ANTROPOLOGIA / ARQUEOLOGIA                        ","Historia & Perspectivas (UFU)","B4",2008
"1807-1783","ANTROPOLOGIA / ARQUEOLOGIA                        ","História e-História","B4",2008
"1516-2095","ANTROPOLOGIA / ARQUEOLOGIA                        ","História em Revista (UFPel)","B4",2008
"1679-656X","ANTROPOLOGIA / ARQUEOLOGIA                        ","História Viva (São Paulo)","B4",2008
"0104-5970","ANTROPOLOGIA / ARQUEOLOGIA                        ","História, Ciências, Saúde-Manguinhos (Impresso)","B1",2008
"0440-9213","ANTROPOLOGIA / ARQUEOLOGIA                        ","Historical Archaeology","A1",2008
"1806-9983","ANTROPOLOGIA / ARQUEOLOGIA                        ","Horizontes Antropológicos (Online)","A1",2008
"0104-7183","ANTROPOLOGIA / ARQUEOLOGIA                        ","Horizontes Antropológicos (UFRGS. Impresso)","A1",2008
"0268-1161","ANTROPOLOGIA / ARQUEOLOGIA                        ","Human Reproduction (Oxford. Print)","A1",2008
"0018-7615","ANTROPOLOGIA / ARQUEOLOGIA                        ","Humboldt (Spanische Ausg.)","B1",2008
"1390-1249","ANTROPOLOGIA / ARQUEOLOGIA                        ","Íconos (Quito)","B4",2008
"1676-9570","ANTROPOLOGIA / ARQUEOLOGIA                        ","Identidade!","B4",2008
"0265-5012","ANTROPOLOGIA / ARQUEOLOGIA                        ","IDS Bulletin (Brighton. 1984)","A2",2008
"1517-395X","ANTROPOLOGIA / ARQUEOLOGIA                        ","Ilha. Revista de Antropologia (Florianópolis)","B3",2008
"1984-1191","ANTROPOLOGIA / ARQUEOLOGIA                        ","Iluminuras (Porto Alegre)","B4",2008
"1413-666X","ANTROPOLOGIA / ARQUEOLOGIA                        ","Imaginário (USP)","B4",2008
"1807-8583","ANTROPOLOGIA / ARQUEOLOGIA                        ","In Texto (UFRGS. Online)","B3",2008
"1070-9371","ANTROPOLOGIA / ARQUEOLOGIA                        ","Indiana English","B5",2008
"0539-0184","ANTROPOLOGIA / ARQUEOLOGIA                        ","Information sur les Sciences Sociales (Paris)","A1",2008
"1414-3283","ANTROPOLOGIA / ARQUEOLOGIA                        ","Interface (Botucatu. Impresso)","B1",2008
"1861-1303","ANTROPOLOGIA / ARQUEOLOGIA                        ","International Journal of Action Research","B3",2008
"0020-7071","ANTROPOLOGIA / ARQUEOLOGIA                        ","International Journal of American Linguistics","B1",2008
"1092-7697","ANTROPOLOGIA / ARQUEOLOGIA                        ","International Journal of Historical Archaeology","A2",2008
"1360-9939","ANTROPOLOGIA / ARQUEOLOGIA                        ","International Journal of Law, Policy and the Family","A2",2008
"0798-1759","ANTROPOLOGIA / ARQUEOLOGIA                        ","International Journal of Sociology of Agriculture and Food","B1",2008
"1517-6088","ANTROPOLOGIA / ARQUEOLOGIA                        ","Interseções (UERJ)","B2",2008
"0047-2085","ANTROPOLOGIA / ARQUEOLOGIA                        ","Jornal Brasileiro de Psiquiatria (UFRJ. Impresso)","B1",2008
"1414-655X","ANTROPOLOGIA / ARQUEOLOGIA                        ","Jornal da Ciência","B4",2008
"0103-5835","ANTROPOLOGIA / ARQUEOLOGIA                        ","Jornal de Psicanalise","B4",2008
"0037-9174","ANTROPOLOGIA / ARQUEOLOGIA                        ","Journal de la Société des Américanistes","A2",2008
"1156-0428","ANTROPOLOGIA / ARQUEOLOGIA                        ","Journal des Anthropologues (Montrouge)","B1",2008
"0021-8979","ANTROPOLOGIA / ARQUEOLOGIA                        ","Journal of Applied Physics","A1",2008
"1072-5369","ANTROPOLOGIA / ARQUEOLOGIA                        ","Journal of Archaeological Method and Theory","A1",2008
"0305-4403","ANTROPOLOGIA / ARQUEOLOGIA                        ","Journal of Archaeological Science","A1",2008
"1469-5405","ANTROPOLOGIA / ARQUEOLOGIA                        ","Journal of Consumer Culture","B1",2008
"1353-7903","ANTROPOLOGIA / ARQUEOLOGIA                        ","Journal of Contemporary Religion","A2",2008
"1746-4269","ANTROPOLOGIA / ARQUEOLOGIA                        ","Journal of Ethnobiology and Ethnomedicine","B4",2008
"0047-2484","ANTROPOLOGIA / ARQUEOLOGIA                        ","Journal of Human Evolution","A1",2008
"0022-216X","ANTROPOLOGIA / ARQUEOLOGIA                        ","Journal of Latin American Studies (Print)","A1",2008
"0236-5731","ANTROPOLOGIA / ARQUEOLOGIA                        ","Journal of Radioanalytical and Nuclear Chemistry (Print)","B1",2008
"1359-0987","ANTROPOLOGIA / ARQUEOLOGIA                        ","Journal of the Royal Anthropological Institute","A1",2008
"0439-4216","ANTROPOLOGIA / ARQUEOLOGIA                        ","L'Homme (Paris. 1961)","A1",2008
"1262-1692","ANTROPOLOGIA / ARQUEOLOGIA                        ","L'Ordinaire Latino-Américain","B4",2008
"1136-3614","ANTROPOLOGIA / ARQUEOLOGIA                        ","La Ortiga (Santander)","C ",2008
"1676-9651","ANTROPOLOGIA / ARQUEOLOGIA                        ","Labrys (Edição em Português. Online)","B4",2008
"1934-5275","ANTROPOLOGIA / ARQUEOLOGIA                        ","Language Documentation and Conservation","B2",2008
"1045-6635","ANTROPOLOGIA / ARQUEOLOGIA                        ","Latin American Antiquity","A1",2008
"1467-9930","ANTROPOLOGIA / ARQUEOLOGIA                        ","Law & Policy (Online)","A2",2008
"0023-9216","ANTROPOLOGIA / ARQUEOLOGIA                        ","Law & Society Review","A1",2008
"1950-6260","ANTROPOLOGIA / ARQUEOLOGIA                        ","Le Monde Diplomatique","B4",2008
"0040-3075","ANTROPOLOGIA / ARQUEOLOGIA                        ","Les Temps Modernes (Paris. 1945)","B2",2008
"1678-0531","ANTROPOLOGIA / ARQUEOLOGIA                        ","Liames (UNICAMP)","B5",2008
"1415-8604","ANTROPOLOGIA / ARQUEOLOGIA                        ","Lugar Comum (UFRJ)","B3",2008
"1257-0273","ANTROPOLOGIA / ARQUEOLOGIA                        ","Lusotopie (Paris)","B3",2008
"0104-9313","ANTROPOLOGIA / ARQUEOLOGIA                        ","Mana (UFRJ. Impresso)","A1",2008
"1806-0560","ANTROPOLOGIA / ARQUEOLOGIA                        ","Margens (UFPA)","B4",2008
"1984-1590","ANTROPOLOGIA / ARQUEOLOGIA                        ","Massangana (Recife)","C ",2008
"1806-650X","ANTROPOLOGIA / ARQUEOLOGIA                        ","Meio Ambiente Industrial (São Paulo)","B5",2008
"0327-5752","ANTROPOLOGIA / ARQUEOLOGIA                        ","Memoria Americana","B3",2008
"0074-0276","ANTROPOLOGIA / ARQUEOLOGIA                        ","Memórias do Instituto Oswaldo Cruz (Impresso)","B1",2008
"0870-0397","ANTROPOLOGIA / ARQUEOLOGIA                        ","Memórias e Notícias (Nova Série) - Publicação do Departamento de Ciências da Terra e do Museu Mineralógico e Geológico da Universidade de Coimbra","B4",2008
"1980-4474","ANTROPOLOGIA / ARQUEOLOGIA                        ","Metáforas Record","B5",2008
"1983-3687","ANTROPOLOGIA / ARQUEOLOGIA                        ","MG. Biota","B5",2008
"0995-7367","ANTROPOLOGIA / ARQUEOLOGIA                        ","Migrations Société (Paris)","B4",2008
"0102-065X","ANTROPOLOGIA / ARQUEOLOGIA                        ","Minas Gerais. Suplemento Literário","B4",2008
"1518-3394","ANTROPOLOGIA / ARQUEOLOGIA                        ","Mneme (Caicó. Online)","B4",2008
"0104-4826","ANTROPOLOGIA / ARQUEOLOGIA                        ","Montagem (CUML. Ribeirão Preto)","C ",2008
"1938-5145","ANTROPOLOGIA / ARQUEOLOGIA                        ","Museum Anthropology Review","B2",2008
"1980-3303","ANTROPOLOGIA / ARQUEOLOGIA                        ","Música & Cultura (Salvador. Online)","B4",2008
"1982-8713","ANTROPOLOGIA / ARQUEOLOGIA                        ","Nearco (Rio de Janeiro)","C ",2008
"1679-6225","ANTROPOLOGIA / ARQUEOLOGIA                        ","Neotropical Ichthyology (Impresso)","B1",2008
"0028-9930","ANTROPOLOGIA / ARQUEOLOGIA                        ","New Westi Indian Guide/Nieuwe West-Indische Gids","A2",2008
"1470-8515","ANTROPOLOGIA / ARQUEOLOGIA                        ","New Working Paper Series - LSE Gender Institute","B4",2008
"0037-9735","ANTROPOLOGIA / ARQUEOLOGIA                        ","Newsletter - Society for Historical Archaeology","B3",2008
"0376-2041","ANTROPOLOGIA / ARQUEOLOGIA                        ","Noticiaro Mensual - Museo Nacional de Historia Natural","C ",2008
"0242-7702","ANTROPOLOGIA / ARQUEOLOGIA                        ","Nouvelles de l'archéologie (Paris)","B2",2008
"0103-0116","ANTROPOLOGIA / ARQUEOLOGIA                        ","Nova Escola","B4",2008
"0101-3300","ANTROPOLOGIA / ARQUEOLOGIA                        ","Novos Estudos CEBRAP (Impresso)","A1",2008
"0168-583X","ANTROPOLOGIA / ARQUEOLOGIA                        ","Nuclear Instruments & Methods in Physics Research. Section B, Beam Interactions with Materials and Atoms (Print)","A2",2008
"0167-5087","ANTROPOLOGIA / ARQUEOLOGIA                        ","Nuclear Instruments and Methods in Physics Research (Print) (Cessou em 1983. Desmembrado em 2: ISSN 0168-9002 Nuclear iInstruments & Methods in Physics Research. Sec. A (Print); ISSN 0168-583X Nuclear Instruments & Methods In Physics... Sec. B (Print))","A2",2008
"0251-3552","ANTROPOLOGIA / ARQUEOLOGIA                        ","Nueva Sociedad","B4",2008
"1626-0252","ANTROPOLOGIA / ARQUEOLOGIA                        ","Nuevo Mundo-Mundos Nuevos","B4",2008
"1516-1021","ANTROPOLOGIA / ARQUEOLOGIA                        ","Numem (UFJF)","B4",2008
"1676-2274","ANTROPOLOGIA / ARQUEOLOGIA                        ","Nutrição em Pauta","B3",2008
"1519-5481","ANTROPOLOGIA / ARQUEOLOGIA                        ","O Público e o Privado (UECE)","B5",2008
"0104-6675","ANTROPOLOGIA / ARQUEOLOGIA                        ","O Que nos Faz Pensar (PUCRJ)","B5",2008
"1415-1804","ANTROPOLOGIA / ARQUEOLOGIA                        ","O Social em Questão","B4",2008
"1646-5954","ANTROPOLOGIA / ARQUEOLOGIA                        ","Observatorio (OBS*)","B5",2008
"1519-7670","ANTROPOLOGIA / ARQUEOLOGIA                        ","Observatório da Imprensa (São Paulo)","B5",2008
"1517-0845","ANTROPOLOGIA / ARQUEOLOGIA                        ","Olhar (UFSCar)","B5",2008
"0102-6267","ANTROPOLOGIA / ARQUEOLOGIA                        ","Organon (UFRGS)","B4",2008
,"ANTROPOLOGIA / ARQUEOLOGIA                        ","Os Urbanistas","B3",2008
"1806-0528","ANTROPOLOGIA / ARQUEOLOGIA                        ","Os Urbanitas (São Paulo)","B4",2008
"1636-3671","ANTROPOLOGIA / ARQUEOLOGIA                        ","Outre-Terre","B5",2008
"0873-5670","ANTROPOLOGIA / ARQUEOLOGIA                        ","Páginas a & b. Arquivos & Bibliotecas","B3",2008
"1415-4676","ANTROPOLOGIA / ARQUEOLOGIA                        ","Pensar a Prática (UFG. Impresso)","B4",2008
"0101-3459","ANTROPOLOGIA / ARQUEOLOGIA                        ","Perspectivas: Revista de Ciências Sociais (UNESP. Araraquara. Impresso)","B4",2008
"0103-7331","ANTROPOLOGIA / ARQUEOLOGIA                        ","Physis (UERJ. Impresso)","B3",2008
"0032-2474","ANTROPOLOGIA / ARQUEOLOGIA                        ","Polar Record","B1",2008
"0104-8015","ANTROPOLOGIA / ARQUEOLOGIA                        ","Política & Trabalho (UFPB. Impresso)","B3",2008
"1982-3207","ANTROPOLOGIA / ARQUEOLOGIA                        ","Políticas Educativas","B3",2008
"1981-3341","ANTROPOLOGIA / ARQUEOLOGIA                        ","Ponto.Urbe (USP)","B5",2008
"1981-9544","ANTROPOLOGIA / ARQUEOLOGIA                        ","Portas (São Paulo)","B5",2008
"1415-4056","ANTROPOLOGIA / ARQUEOLOGIA                        ","Pós (Brasília)","B5",2008
"0104-1452","ANTROPOLOGIA / ARQUEOLOGIA                        ","Pos-Historia (UNESP. Assis)","B5",2008
"1414-9184","ANTROPOLOGIA / ARQUEOLOGIA                        ","Praia Vermelha (UFRJ)","B5",2008
"1676-7039","ANTROPOLOGIA / ARQUEOLOGIA                        ","Primeira Versão (IFCH-UNICAMP)","B5",2008
"1666-1508","ANTROPOLOGIA / ARQUEOLOGIA                        ","Prismas (Bernal)","B4",2008
"1980-6248","ANTROPOLOGIA / ARQUEOLOGIA                        ","Pró-Posições (UNICAMP. Online)","B5",2008
"0394-1639","ANTROPOLOGIA / ARQUEOLOGIA                        ","Prometeo (Segrate)","B5",2008
"1982-8950","ANTROPOLOGIA / ARQUEOLOGIA                        ","Proposta (Rio de Janeiro)","B5",2008
"1413-7372","ANTROPOLOGIA / ARQUEOLOGIA                        ","Psicologia em Estudo (Impresso)","B1",2008
"1465-5187","ANTROPOLOGIA / ARQUEOLOGIA                        ","Public Archaeology","A2",2008
"0899-2363","ANTROPOLOGIA / ARQUEOLOGIA                        ","Public Culture","A1",2008
"1676-8477","ANTROPOLOGIA / ARQUEOLOGIA                        ","Publicatio UEPG. Ciências Exatas e da Terra, Ciências Agrárias e Engenharias (Impresso)","B4",2008
"1669-8452","ANTROPOLOGIA / ARQUEOLOGIA                        ","Puentes (La Plata)","B5",2008
"1517-5316","ANTROPOLOGIA / ARQUEOLOGIA                        ","Pulsional. Revista de Psicanálise (São Paulo)","B5",2008
"0211-5557","ANTROPOLOGIA / ARQUEOLOGIA                        ","Quaderns de l'Institut Catalá d'Antropologia","B2",2008
"1696-8298","ANTROPOLOGIA / ARQUEOLOGIA                        ","Quaderns-e (Institut Catalá d'Antropologia)","B2",2008
,"ANTROPOLOGIA / ARQUEOLOGIA                        ","Quaternary & Environmental Geosciences","B5",2008
"1350-4487","ANTROPOLOGIA / ARQUEOLOGIA                        ","Radiation Measurements","A2",2008
"0033-8222","ANTROPOLOGIA / ARQUEOLOGIA                        ","Radiocarbon","A2",2008
"0102-552X","ANTROPOLOGIA / ARQUEOLOGIA                        ","Raizes (UFPB)","B5",2008
"1676-8965","ANTROPOLOGIA / ARQUEOLOGIA                        ","RBSE. Revista Brasileira de Sociologia da Emoção (Online)","B5",2008
"0101-8434","ANTROPOLOGIA / ARQUEOLOGIA                        ","REB. Revista Eclesiastica Brasileira","B1",2008
"0318-4137","ANTROPOLOGIA / ARQUEOLOGIA                        ","Recherches Amérindiennes au Québec","B2",2008
"1981-6286","ANTROPOLOGIA / ARQUEOLOGIA                        ","RECIIS. Electronic Journal of Communication Information and Innovation in Health (English edition. Online)","B4",2008
"1981-6278","ANTROPOLOGIA / ARQUEOLOGIA                        ","RECIIS. Revista Eletrônica de Comunicação, Informação & Inovação em Saúde (Edição em Português. Online)","B4",2008
"0185-3929","ANTROPOLOGIA / ARQUEOLOGIA                        ","Relaciones (Zamora)","B5",2008
"0100-8587","ANTROPOLOGIA / ARQUEOLOGIA                        ","Religião & Sociedade (Impresso)","A2",2008
"1980-8585","ANTROPOLOGIA / ARQUEOLOGIA                        ","REMHU (Brasília)","C ",2008
"1677-1222","ANTROPOLOGIA / ARQUEOLOGIA                        ","Rever (PUCSP)","B3",2008
"1541-1443","ANTROPOLOGIA / ARQUEOLOGIA                        ","ReVista (Cambridge, Mass.)","A2",2008
"1807-3506","ANTROPOLOGIA / ARQUEOLOGIA                        ","Revista ADUSP","C ",2008
"1983-2354","ANTROPOLOGIA / ARQUEOLOGIA                        ","Revista África e Africanidades","B5",2008
"1516-7372","ANTROPOLOGIA / ARQUEOLOGIA                        ","Revista Anthropológicas","B1",2008
"1981-1225","ANTROPOLOGIA / ARQUEOLOGIA                        ","Revista Aulas (UNICAMP)","B5",2008
"1415-5400","ANTROPOLOGIA / ARQUEOLOGIA                        ","Revista Brasileira de Ciências Criminais","B1",2008
"0101-3289","ANTROPOLOGIA / ARQUEOLOGIA                        ","Revista Brasileira de Ciências do Esporte","B2",2008
"0102-6909","ANTROPOLOGIA / ARQUEOLOGIA                        ","Revista Brasileira de Ciências Sociais (Impresso)","A1",2008
"1517-4115","ANTROPOLOGIA / ARQUEOLOGIA                        ","Revista Brasileira de Estudos Urbanos e Regionais (ANPUR)","B1",2008
"0375-7536","ANTROPOLOGIA / ARQUEOLOGIA                        ","Revista Brasileira de Geociências","B1",2008
"0102-0188","ANTROPOLOGIA / ARQUEOLOGIA                        ","Revista Brasileira de História (Impresso)","B1",2008
"1518-2355","ANTROPOLOGIA / ARQUEOLOGIA                        ","Revista Brasileira de Saúde da Família (Brasília)","B3",2008
"1981-1659","ANTROPOLOGIA / ARQUEOLOGIA                        ","Revista Brasileira de Segurança Pública","B2",2008
"1518-6784","ANTROPOLOGIA / ARQUEOLOGIA                        ","Revista Brasileira do Caribe (Impresso)","B4",2008
"0717-876X","ANTROPOLOGIA / ARQUEOLOGIA                        ","Revista Chilena de Antropología Visual","B2",2008
"1980-6140","ANTROPOLOGIA / ARQUEOLOGIA                        ","Revista Científica (Instituto Modelo de Ensino Superior)","B5",2008
"0486-6525","ANTROPOLOGIA / ARQUEOLOGIA                        ","Revista Colombiana de Antropologia","B2",2008
"1980-4466","ANTROPOLOGIA / ARQUEOLOGIA                        ","Revista CPC (USP)","B5",2008
"0104-0863","ANTROPOLOGIA / ARQUEOLOGIA                        ","Revista da Biblioteca Mário de Andrade","B3",2008
"1414-7556","ANTROPOLOGIA / ARQUEOLOGIA                        ","Revista da Saúde (URCAMP)","B5",2008
"0034-7612","ANTROPOLOGIA / ARQUEOLOGIA                        ","Revista de Administração Pública (Impresso)","B4",2008
"0034-7701","ANTROPOLOGIA / ARQUEOLOGIA                        ","Revista de Antropologia (USP. Impresso)","A1",2008
"1578-4282","ANTROPOLOGIA / ARQUEOLOGIA                        ","Revista de Antropología Experimental","B4",2008
"0124-485X","ANTROPOLOGIA / ARQUEOLOGIA                        ","Revista de Antropologia y Arqueologia","B2",2008
"0102-0420","ANTROPOLOGIA / ARQUEOLOGIA                        ","Revista de Arqueologia (Sociedade de Arqueologia Brasileira. Impresso)","B2",2008
"0188-3631","ANTROPOLOGIA / ARQUEOLOGIA                        ","Revista de Arqueologia Americana","A2",2008
"0303-9862","ANTROPOLOGIA / ARQUEOLOGIA                        ","Revista de Ciências Sociais (Fortaleza)","B2",2008
"0041-8862","ANTROPOLOGIA / ARQUEOLOGIA                        ","Revista de Ciências Sociais da UFC","B2",2008
"1807-1279","ANTROPOLOGIA / ARQUEOLOGIA                        ","Revista de Estudos e Pesquisas (Fundação Nacional do Índio)","B5",2008
"0104-5490","ANTROPOLOGIA / ARQUEOLOGIA                        ","Revista de Geografia (Recife)","B4",2008
"1808-4001","ANTROPOLOGIA / ARQUEOLOGIA                        ","Revista de História (Rio de Janeiro)","B4",2008
"0034-8309","ANTROPOLOGIA / ARQUEOLOGIA                        ","Revista de Historia (USP)","B1",2008
"1413-0874","ANTROPOLOGIA / ARQUEOLOGIA                        ","Revista de História da Arte e Arqueologia","B3",2008
"0252-0257","ANTROPOLOGIA / ARQUEOLOGIA                        ","Revista de la CEPAL (Impresa)","B3",2008
"0163-0350","ANTROPOLOGIA / ARQUEOLOGIA                        ","Revista de Música Latinoamericana (Print)","B1",2008
"0034-8635","ANTROPOLOGIA / ARQUEOLOGIA                        ","Revista de Occidente","B2",2008
"0034-8910","ANTROPOLOGIA / ARQUEOLOGIA                        ","Revista de Saúde Pública (USP. Impresso)","B1",2008
"1518-3483","ANTROPOLOGIA / ARQUEOLOGIA                        ","Revista Diálogo Educacional (PUCPR. Impresso)","B1",2008
"0103-3093","ANTROPOLOGIA / ARQUEOLOGIA                        ","Revista do CEPA","B3",2008
"0020-3874","ANTROPOLOGIA / ARQUEOLOGIA                        ","Revista do Instituto de Estudos Brasileiros","B3",2008
"0101-4366","ANTROPOLOGIA / ARQUEOLOGIA                        ","Revista do Instituto Histórico e Geographico Brazileiro","B1",2008
"0104-3560","ANTROPOLOGIA / ARQUEOLOGIA                        ","Revista do Museu Antropologico","B4",2008
"0103-9709","ANTROPOLOGIA / ARQUEOLOGIA                        ","Revista do Museu de Arqueologia e Etnologia","B1",2008
"0102-2571","ANTROPOLOGIA / ARQUEOLOGIA                        ","Revista do Patrimônio Histórico e Artístico Nacional","B2",2008
"1981-2434","ANTROPOLOGIA / ARQUEOLOGIA                        ","Revista Eletrônica História em Reflexão (UFGD)","B5",2008
"1678-1813","ANTROPOLOGIA / ARQUEOLOGIA                        ","Revista Enfoques (Rio de Janeiro)","B4",2008
"0104-026X","ANTROPOLOGIA / ARQUEOLOGIA                        ","Revista Estudos Feministas (UFSC. Impresso)","A2",2008
"0924-0608","ANTROPOLOGIA / ARQUEOLOGIA                        ","Revista Europea de Estudios Latinoamericanos y del Caribe","B2",2008
"1982-5854","ANTROPOLOGIA / ARQUEOLOGIA                        ","Revista FAFIRE (Impresso)","B5",2008
"1983-1439","ANTROPOLOGIA / ARQUEOLOGIA                        ","Revista Fazendo História","B5",2008
"1518-6113","ANTROPOLOGIA / ARQUEOLOGIA                        ","Revista Fronteira (Cessou em 2008. Cont. ISSN 1984-8226 Revista Fronteiras (Online))","B5",2008
"1808-558X","ANTROPOLOGIA / ARQUEOLOGIA                        ","Revista Global Tourism (Online)","B3",2008
"1809-7065","ANTROPOLOGIA / ARQUEOLOGIA                        ","Revista Habitus","B2",2008
"1516-2567","ANTROPOLOGIA / ARQUEOLOGIA                        ","Revista Kairós","B3",2008
"1415-4714","ANTROPOLOGIA / ARQUEOLOGIA                        ","Revista Latinoamericana de Psicopatologia Fundamental (Impresso)","B4",2008
"1414-0543","ANTROPOLOGIA / ARQUEOLOGIA                        ","Revista Mediações (UEL)","B5",2008
"0102-5864","ANTROPOLOGIA / ARQUEOLOGIA                        ","Revista Novos Rumos","B5",2008
"0874-1336","ANTROPOLOGIA / ARQUEOLOGIA                        ","Revista Portuguesa de História do Livro","B5",2008
"1981-3813","ANTROPOLOGIA / ARQUEOLOGIA                        ","Revista Preleção","B5",2008
"1519-549X","ANTROPOLOGIA / ARQUEOLOGIA                        ","Revista Psicologia Política (Impresso)","B4",2008
"0102-8863","ANTROPOLOGIA / ARQUEOLOGIA                        ","Revista Rio de Janeiro","B4",2008
,"ANTROPOLOGIA / ARQUEOLOGIA                        ","Revista Sciencia e Vida - revistascienciaevida","B5",2008
"1809-4627","ANTROPOLOGIA / ARQUEOLOGIA                        ","Revista Sociedade em Estudos","B5",2008
"1519-4744","ANTROPOLOGIA / ARQUEOLOGIA                        ","Revista Turismo & Desenvolvimento","B5",2008
"1414-1892","ANTROPOLOGIA / ARQUEOLOGIA                        ","Revista UNICSUL","B5",2008
"1415-2789","ANTROPOLOGIA / ARQUEOLOGIA                        ","Revista UNIVILLE","B4",2008
"0103-9989","ANTROPOLOGIA / ARQUEOLOGIA                        ","Revista USP","B2",2008
"1809-0443","ANTROPOLOGIA / ARQUEOLOGIA                        ","Revista Versões","B5",2008
"0121-6848","ANTROPOLOGIA / ARQUEOLOGIA                        ","Revista Voragine","B3",2008
"0774-5885","ANTROPOLOGIA / ARQUEOLOGIA                        ","Revue Belge de Numismatique et de Sigillographie","A2",2008
"1413-2109","ANTROPOLOGIA / ARQUEOLOGIA                        ","Rua (UNICAMP)","B1",2008
"1983-3725","ANTROPOLOGIA / ARQUEOLOGIA                        ","RUA. Revista Universitária do Audiovisual","B5",2008
"1980-1998","ANTROPOLOGIA / ARQUEOLOGIA                        ","Ruris (Campinas)","B4",2008
"1984-0896","ANTROPOLOGIA / ARQUEOLOGIA                        ","Saberes (Recife)","B4",2008
"0104-8929","ANTROPOLOGIA / ARQUEOLOGIA                        ","Saeculum (UFPB)","B5",2008
"0103-7056","ANTROPOLOGIA / ARQUEOLOGIA                        ","Saneamento Ambiental","B3",2008
"0102-8839","ANTROPOLOGIA / ARQUEOLOGIA                        ","São Paulo em Perspectiva (Impresso)","B3",2008
"0104-1290","ANTROPOLOGIA / ARQUEOLOGIA                        ","Saúde e Sociedade (USP. Impresso)","B2",2008
"1981-2264","ANTROPOLOGIA / ARQUEOLOGIA                        ","SBS Resenhas","B5",2008
"0036-8075","ANTROPOLOGIA / ARQUEOLOGIA                        ","Science (New York, N.Y.)","A1",2008
"1678-3166","ANTROPOLOGIA / ARQUEOLOGIA                        ","Scientiae Studia (USP)","B1",2008
"1518-1324","ANTROPOLOGIA / ARQUEOLOGIA                        ","Série Anis (Brasília)","B5",2008
"1022-0364","ANTROPOLOGIA / ARQUEOLOGIA                        ","Serie Antropología","B4",2008
"1980-9859","ANTROPOLOGIA / ARQUEOLOGIA                        ","Série Antropologia (Brasília. Impresso)","B4",2008
"1980-9867","ANTROPOLOGIA / ARQUEOLOGIA                        ","Série Antropologia (Brasília. Online)","B4",2008
"1982-2693","ANTROPOLOGIA / ARQUEOLOGIA                        ","Série CEPPAC","B5",2008
"1982-4297","ANTROPOLOGIA / ARQUEOLOGIA                        ","Série Documenta (UFRJ. Online)","B4",2008
"1415-689X","ANTROPOLOGIA / ARQUEOLOGIA                        ","Sexta Feira (São Paulo)","B4",2008
"1363-4607","ANTROPOLOGIA / ARQUEOLOGIA                        ","Sexualities (London)","B3",2008
"0097-9740","ANTROPOLOGIA / ARQUEOLOGIA                        ","Signs (Chicago, Ill.)","A2",2008
"1516-6295","ANTROPOLOGIA / ARQUEOLOGIA                        ","Signum (São Paulo)","B3",2008
"1466-0970","ANTROPOLOGIA / ARQUEOLOGIA                        ","Soccer and Society","B2",2008
"0103-0620","ANTROPOLOGIA / ARQUEOLOGIA                        ","Sociais e Humanas","B4",2008
"0964-0282","ANTROPOLOGIA / ARQUEOLOGIA                        ","Social Anthropology (Print)","A2",2008
"0037-7686","ANTROPOLOGIA / ARQUEOLOGIA                        ","Social Compass (Imprimé)","A2",2008
"0277-9536","ANTROPOLOGIA / ARQUEOLOGIA                        ","Social Science & Medicine (1982)","A1",2008
"0164-2472","ANTROPOLOGIA / ARQUEOLOGIA                        ","Social Text","A2",2008
"0103-1570","ANTROPOLOGIA / ARQUEOLOGIA                        ","Sociedade & Natureza (UFU. Impresso)","B5",2008
"1415-8566","ANTROPOLOGIA / ARQUEOLOGIA                        ","Sociedade e Cultura (Impresso)","B3",2008
"0873-6529","ANTROPOLOGIA / ARQUEOLOGIA                        ","Sociologia (Lisboa)","B2",2008
"1980-8747","ANTROPOLOGIA / ARQUEOLOGIA                        ","Sociologia (São Paulo. 2006)","B3",2008
"1386-1425","ANTROPOLOGIA / ARQUEOLOGIA                        ","Spectrochimica Acta. Part A, Molecular and Biomolecular Spectroscopy (Print)","A1",2008
"1519-4388","ANTROPOLOGIA / ARQUEOLOGIA                        ","Studium (UNICAMP)","B4",2008
"0378-9896","ANTROPOLOGIA / ARQUEOLOGIA                        ","Suplemento Antropológico","B5",2008
"1794-2489","ANTROPOLOGIA / ARQUEOLOGIA                        ","Tabula Rasa","B5",2008
"1519-9452","ANTROPOLOGIA / ARQUEOLOGIA                        ","Tellus (UCDB)","A2",2008
"0280-6509","ANTROPOLOGIA / ARQUEOLOGIA                        ","Tellus. Series B, Chemical and Physical Meteorology","A2",2008
"1413-2486","ANTROPOLOGIA / ARQUEOLOGIA                        ","Temáticas (UNICAMP)","B5",2008
"1414-3089","ANTROPOLOGIA / ARQUEOLOGIA                        ","Tempo da Ciência (UNIOESTE)","B5",2008
"0103-2070","ANTROPOLOGIA / ARQUEOLOGIA                        ","Tempo Social (USP. Impresso)","B2",2008
"0104-0103","ANTROPOLOGIA / ARQUEOLOGIA                        ","Teoria & Pesquisa","B4",2008
"1518-4471","ANTROPOLOGIA / ARQUEOLOGIA                        ","Teoria & Sociedade (UFMG)","B1",2008
"1676-7055","ANTROPOLOGIA / ARQUEOLOGIA                        ","Textos Didáticos (UNICAMP)","B5",2008
"0256-6419","ANTROPOLOGIA / ARQUEOLOGIA                        ","The FIEP Bulletin","B3",2008
"0018-2168","ANTROPOLOGIA / ARQUEOLOGIA                        ","The Hispanic American Historical Review","A1",2008
"1807-0604","ANTROPOLOGIA / ARQUEOLOGIA                        ","Tiraz (USP)","B5",2008
"1517-4549","ANTROPOLOGIA / ARQUEOLOGIA                        ","Tomo (UFS)","B3",2008
"1518-3319","ANTROPOLOGIA / ARQUEOLOGIA                        ","Topoi (Rio de Janeiro)","B2",2008
"1697-0101","ANTROPOLOGIA / ARQUEOLOGIA                        ","Trans (Barcelona)","A2",2008
"1517-0152","ANTROPOLOGIA / ARQUEOLOGIA                        ","Transit Circle (Porto Alegre)","B5",2008
"0103-5576","ANTROPOLOGIA / ARQUEOLOGIA                        ","Travessia (Sao Paulo)","B4",2008
"1415-6393","ANTROPOLOGIA / ARQUEOLOGIA                        ","Turismo. Visão e Ação (Itajaí) (Cessou em 2007)","B5",2008
"1519-2571","ANTROPOLOGIA / ARQUEOLOGIA                        ","UNIMONTES Científica","B5",2008
"0120-4807","ANTROPOLOGIA / ARQUEOLOGIA                        ","Universitas Humanistica","B1",2008
"1981-5875","ANTROPOLOGIA / ARQUEOLOGIA                        ","Vestígios. Revista Latino-Americana de Arqueologia Histórica","B1",2008
"1809-4341","ANTROPOLOGIA / ARQUEOLOGIA                        ","Vibrant (Florianópolis)","B1",2008
"1807-4014","ANTROPOLOGIA / ARQUEOLOGIA                        ","Visões (Rio de Janeiro. Impresso)","B3",2008
"0104-3064","ANTROPOLOGIA / ARQUEOLOGIA                        ","Vivencia (UFRN)","B2",2008
"1504-1611","ANTROPOLOGIA / ARQUEOLOGIA                        ","Voices (Sandane)","B1",2008
"0043-8243","ANTROPOLOGIA / ARQUEOLOGIA                        ","World Archaeology","A2",2008
"0049-8246","ANTROPOLOGIA / ARQUEOLOGIA                        ","X-Ray Spectrometry","A2",2008
