"0326-2383","PLANEJAMENTO URBANO E REGIONAL / DEMOGRAFIA       ","Acta Farmacéutica Bonaerense","B4",2008
"1415-6814","PLANEJAMENTO URBANO E REGIONAL / DEMOGRAFIA       ","Acta Scientiarum (UEM) (Cessou em 2002)","B3",2008
"1807-8621","PLANEJAMENTO URBANO E REGIONAL / DEMOGRAFIA       ","Acta Scientiarum. Agronomy (Online)","B3",2008
"0104-7507","PLANEJAMENTO URBANO E REGIONAL / DEMOGRAFIA       ","Agora (UNC)","B5",2008
"1414-0454","PLANEJAMENTO URBANO E REGIONAL / DEMOGRAFIA       ","Ágora (UNISC)","B5",2008
"1413-2591","PLANEJAMENTO URBANO E REGIONAL / DEMOGRAFIA       ","Alcance (UNIVALI) (Cessou em 2007)","B4",2008
"1809-4058","PLANEJAMENTO URBANO E REGIONAL / DEMOGRAFIA       ","Amazônia (Banco da Amazônia. 2005)","C ",2008
"1980-5128","PLANEJAMENTO URBANO E REGIONAL / DEMOGRAFIA       ","Amazônia (UFPA. 2004)","B4",2008
"1678-8621","PLANEJAMENTO URBANO E REGIONAL / DEMOGRAFIA       ","Ambiente Construído (Online)","B1",2008
"1414-753X","PLANEJAMENTO URBANO E REGIONAL / DEMOGRAFIA       ","Ambiente e Sociedade (Campinas)","B2",2008
"0090-0036","PLANEJAMENTO URBANO E REGIONAL / DEMOGRAFIA       ","American Journal of Public Health (1971)","A1",2008
"1936-797X","PLANEJAMENTO URBANO E REGIONAL / DEMOGRAFIA       ","Americas Quarterly","C ",2008
"0001-3765","PLANEJAMENTO URBANO E REGIONAL / DEMOGRAFIA       ","Anais da Academia Brasileira de Ciências (Impresso)","B3",2008
"0003-2573","PLANEJAMENTO URBANO E REGIONAL / DEMOGRAFIA       ","Análise Social","B1",2008
"0273-2289","PLANEJAMENTO URBANO E REGIONAL / DEMOGRAFIA       ","Applied Biochemistry and Biotechnology","B1",2008
"1809-5879","PLANEJAMENTO URBANO E REGIONAL / DEMOGRAFIA       ","Arquitetura e Urbanismo","B5",2008
"1808-5741","PLANEJAMENTO URBANO E REGIONAL / DEMOGRAFIA       ","Arquiteturarevista (UNISINOS)","B3",2008
"1809-6298","PLANEJAMENTO URBANO E REGIONAL / DEMOGRAFIA       ","Arquitextos (São Paulo)","B3",2008
"0066-782X","PLANEJAMENTO URBANO E REGIONAL / DEMOGRAFIA       ","Arquivos Brasileiros de Cardiologia (Impresso)","B3",2008
"1415-076X","PLANEJAMENTO URBANO E REGIONAL / DEMOGRAFIA       ","Arquivos de Ciências da Saúde da UNIPAR (Impresso)","B5",2008
"0004-282X","PLANEJAMENTO URBANO E REGIONAL / DEMOGRAFIA       ","Arquivos de Neuro-Psiquiatria (Impresso)","B2",2008
"0020-3653","PLANEJAMENTO URBANO E REGIONAL / DEMOGRAFIA       ","Arquivos do Instituto Biológico (Impresso)","B4",2008
"1516-8603","PLANEJAMENTO URBANO E REGIONAL / DEMOGRAFIA       ","ArtCultura (UFU)","B2",2008
"0210-4466","PLANEJAMENTO URBANO E REGIONAL / DEMOGRAFIA       ","Asclepio (Madrid)","B3",2008
"0197-4254","PLANEJAMENTO URBANO E REGIONAL / DEMOGRAFIA       ","Atlantic Economic Journal","B2",2008
"1278-3986","PLANEJAMENTO URBANO E REGIONAL / DEMOGRAFIA       ","Autrepart (La Tour d'Aigues)","B2",2008
"0103-8117","PLANEJAMENTO URBANO E REGIONAL / DEMOGRAFIA       ","Bahia Analise & Dados","B4",2008
"1414-6339","PLANEJAMENTO URBANO E REGIONAL / DEMOGRAFIA       ","Benjamin Constant (Rio de Janeiro)","B4",2008
"1806-4272","PLANEJAMENTO URBANO E REGIONAL / DEMOGRAFIA       ","BEPA. Boletim Epidemiológico Paulista (Online)","B4",2008
"1138-9796","PLANEJAMENTO URBANO E REGIONAL / DEMOGRAFIA       ","Biblio 3w (Barcelona)","A2",2008
"0006-3444","PLANEJAMENTO URBANO E REGIONAL / DEMOGRAFIA       ","Biometrika (London)","A2",2008
"1516-3725","PLANEJAMENTO URBANO E REGIONAL / DEMOGRAFIA       ","Bioscience Journal (UFU. Impresso)","B4",2008
"0103-1643","PLANEJAMENTO URBANO E REGIONAL / DEMOGRAFIA       ","Biotemas (UFSC)","B5",2008
"0730-7659","PLANEJAMENTO URBANO E REGIONAL / DEMOGRAFIA       ","Birth (Berkeley, Calif.)","B2",2008
"0006-5218","PLANEJAMENTO URBANO E REGIONAL / DEMOGRAFIA       ","Blumenau em Cadernos","B5",2008
"1808-1320","PLANEJAMENTO URBANO E REGIONAL / DEMOGRAFIA       ","Boletim Estatísticas Públicas","C ",2008
"0101-7888","PLANEJAMENTO URBANO E REGIONAL / DEMOGRAFIA       ","Boletim Gaúcho de Geografia","B3",2008
"0102-549X","PLANEJAMENTO URBANO E REGIONAL / DEMOGRAFIA       ","Boletim Técnico do SENAC","B3",2008
"0717-7917","PLANEJAMENTO URBANO E REGIONAL / DEMOGRAFIA       ","Boletín Latinoamericano y del Caribe de Plantas Medicinales y Aromáticas","B5",2008
"0006-8705","PLANEJAMENTO URBANO E REGIONAL / DEMOGRAFIA       ","Bragantia (São Paulo, SP. Impresso)","B2",2008
"0103-9288","PLANEJAMENTO URBANO E REGIONAL / DEMOGRAFIA       ","Brasil em Números (1992. Impresso) (Cessou em 1996)","C ",2008
"0100-879X","PLANEJAMENTO URBANO E REGIONAL / DEMOGRAFIA       ","Brazilian Journal of Medical and Biological Research (Impresso)","B1",2008
"1679-8171","PLANEJAMENTO URBANO E REGIONAL / DEMOGRAFIA       ","Brazilian Journal of Operations and Production Management","B3",2008
"0074-8609","PLANEJAMENTO URBANO E REGIONAL / DEMOGRAFIA       ","Bulletin of the International Statistical Institute","B1",2008
"0103-4979","PLANEJAMENTO URBANO E REGIONAL / DEMOGRAFIA       ","Caderno CRH (UFBA. Impresso)","B2",2008
"0103-8427","PLANEJAMENTO URBANO E REGIONAL / DEMOGRAFIA       ","Caderno de Geografia (PUCMG. Impresso)","B5",2008
"1516-9286","PLANEJAMENTO URBANO E REGIONAL / DEMOGRAFIA       ","Caderno Espaço Feminino (UFU)","B4",2008
"1807-3492","PLANEJAMENTO URBANO E REGIONAL / DEMOGRAFIA       ","Caderno Pós Ciências Sociais (UFMA) (Cessou em 2005. Cont. 1983-4527 Revista Pós Ciências Sociais (UFMA))","B5",2008
"1677-6976","PLANEJAMENTO URBANO E REGIONAL / DEMOGRAFIA       ","Caderno Virtual de Turismo (UFRJ)","B4",2008
"1518-0395","PLANEJAMENTO URBANO E REGIONAL / DEMOGRAFIA       ","Cadernos Camilliani","B5",2008
"0104-1495","PLANEJAMENTO URBANO E REGIONAL / DEMOGRAFIA       ","Cadernos da FCECA (PUCCAMP)","B4",2008
"1413-2095","PLANEJAMENTO URBANO E REGIONAL / DEMOGRAFIA       ","Cadernos de Arquitetura e Urbanismo (PUCMG)","B3",2008
"1415-3939","PLANEJAMENTO URBANO E REGIONAL / DEMOGRAFIA       ","Cadernos de Economia (UNOESC. Impresso)","C ",2008
"1678-2852","PLANEJAMENTO URBANO E REGIONAL / DEMOGRAFIA       ","Cadernos de Ensaios e Pesquisas (UFF)","B5",2008
"0872-6884","PLANEJAMENTO URBANO E REGIONAL / DEMOGRAFIA       ","Cadernos de Estudos Municipais","B4",2008
"0103-6300","PLANEJAMENTO URBANO E REGIONAL / DEMOGRAFIA       ","Cadernos de História (UFU. Impresso)","B5",2008
"0102-311X","PLANEJAMENTO URBANO E REGIONAL / DEMOGRAFIA       ","Cadernos de Saúde Pública (ENSP. Impresso)","A2",2008
"0102-9711","PLANEJAMENTO URBANO E REGIONAL / DEMOGRAFIA       ","Cadernos do CEAS","B4",2008
"1519-4639","PLANEJAMENTO URBANO E REGIONAL / DEMOGRAFIA       ","Cadernos Geográficos (UFSC)","B5",2008
"1517-2422","PLANEJAMENTO URBANO E REGIONAL / DEMOGRAFIA       ","Cadernos Metrópole (PUCSP)","B1",2008
"0104-8333","PLANEJAMENTO URBANO E REGIONAL / DEMOGRAFIA       ","Cadernos Pagu (UNICAMP. Impresso)","B1",2008
"1679-6861","PLANEJAMENTO URBANO E REGIONAL / DEMOGRAFIA       ","Cadernos PPG-AU/FAUFBA","B4",2008
"0103-1988","PLANEJAMENTO URBANO E REGIONAL / DEMOGRAFIA       ","Cadernos PUR/UFRJ (Cessou em 1989)","B1",2008
"1414-462X","PLANEJAMENTO URBANO E REGIONAL / DEMOGRAFIA       ","Cadernos Saúde Coletiva (UFRJ)","B3",2008
"1678-6343","PLANEJAMENTO URBANO E REGIONAL / DEMOGRAFIA       ","Caminhos de Geografia (UFU)","B4",2008
"1809-6271","PLANEJAMENTO URBANO E REGIONAL / DEMOGRAFIA       ","Campo - Território","B2",2008
"0826-3663","PLANEJAMENTO URBANO E REGIONAL / DEMOGRAFIA       ","Canadian Journal of Latin American and Caribbean Studies","A2",2008
"0705-4580","PLANEJAMENTO URBANO E REGIONAL / DEMOGRAFIA       ","Canadian Journal of Regional Science","A2",2008
"1147-6753","PLANEJAMENTO URBANO E REGIONAL / DEMOGRAFIA       ","Caravelle (Toulouse)","A2",2008
"1983-165X","PLANEJAMENTO URBANO E REGIONAL / DEMOGRAFIA       ","Cavaqueira (União da Vitória)","C ",2008
"1390-4361","PLANEJAMENTO URBANO E REGIONAL / DEMOGRAFIA       ","Centro-H","B5",2008
"1679-3625","PLANEJAMENTO URBANO E REGIONAL / DEMOGRAFIA       ","Cidades (Presidente Prudente)","B1",2008
"0009-6725","PLANEJAMENTO URBANO E REGIONAL / DEMOGRAFIA       ","Ciência e Cultura","B2",2008
"1413-8123","PLANEJAMENTO URBANO E REGIONAL / DEMOGRAFIA       ","Ciência e Saúde Coletiva (Impresso)","B5",2008
"0103-9954","PLANEJAMENTO URBANO E REGIONAL / DEMOGRAFIA       ","Ciência Florestal (UFSM. Impresso)","B3",2008
"0101-8515","PLANEJAMENTO URBANO E REGIONAL / DEMOGRAFIA       ","Ciência Hoje","C ",2008
"0103-8478","PLANEJAMENTO URBANO E REGIONAL / DEMOGRAFIA       ","Ciência Rural (UFSM. Impresso)","B2",2008
"1677-9665","PLANEJAMENTO URBANO E REGIONAL / DEMOGRAFIA       ","Ciências Sociais em Perspectiva (Impresso)","B4",2008
"1519-7050","PLANEJAMENTO URBANO E REGIONAL / DEMOGRAFIA       ","Ciências Sociais Unisinos","B5",2008
"1535-6841","PLANEJAMENTO URBANO E REGIONAL / DEMOGRAFIA       ","City & Community","A2",2008
"1807-7544","PLANEJAMENTO URBANO E REGIONAL / DEMOGRAFIA       ","City & Time (Online)","B1",2008
"1133-4762","PLANEJAMENTO URBANO E REGIONAL / DEMOGRAFIA       ","Ciudad y Territorio, Estudios Territoriales","B2",2008
"1519-6089","PLANEJAMENTO URBANO E REGIONAL / DEMOGRAFIA       ","Civitas: Revista de Ciências Sociais (Impresso)","B4",2008
"1519-7654","PLANEJAMENTO URBANO E REGIONAL / DEMOGRAFIA       ","ComCiência (UNICAMP)","C ",2008
"0361-0926","PLANEJAMENTO URBANO E REGIONAL / DEMOGRAFIA       ","Communications in Statistics. Theory and Methods","B2",2008
"0266-352X","PLANEJAMENTO URBANO E REGIONAL / DEMOGRAFIA       ","Computers and Geotechnics","B2",2008
"0198-9715","PLANEJAMENTO URBANO E REGIONAL / DEMOGRAFIA       ","Computers, Environment and Urban Systems","B1",2008
"1678-7145","PLANEJAMENTO URBANO E REGIONAL / DEMOGRAFIA       ","Confluências (Niterói)","B5",2008
"1413-1536","PLANEJAMENTO URBANO E REGIONAL / DEMOGRAFIA       ","Conjuntura & Planejamento","C ",2008
"0010-5945","PLANEJAMENTO URBANO E REGIONAL / DEMOGRAFIA       ","Conjuntura Economica (Rio de Janeiro)","B3",2008
"1807-4871","PLANEJAMENTO URBANO E REGIONAL / DEMOGRAFIA       ","Conjuntura Econômica Goiana","B5",2008
"1678-1740","PLANEJAMENTO URBANO E REGIONAL / DEMOGRAFIA       ","Conversas Interdisciplinares","B5",2008
"1808-2882","PLANEJAMENTO URBANO E REGIONAL / DEMOGRAFIA       ","Custos e @gronegócio Online","B4",2008
"1278-3366","PLANEJAMENTO URBANO E REGIONAL / DEMOGRAFIA       ","Cybergeo (Paris)","B3",2008
"1807-6432","PLANEJAMENTO URBANO E REGIONAL / DEMOGRAFIA       ","Da Vinci (Curitiba. Impresso)","B5",2008
"0011-5258","PLANEJAMENTO URBANO E REGIONAL / DEMOGRAFIA       ","Dados (Rio de Janeiro. Impresso)","A1",2008
"1517-3801","PLANEJAMENTO URBANO E REGIONAL / DEMOGRAFIA       ","Datagramazero (Rio de Janeiro)","B3",2008
"1415-1499","PLANEJAMENTO URBANO E REGIONAL / DEMOGRAFIA       ","Democracia Viva","B5",2008
"1678-1821","PLANEJAMENTO URBANO E REGIONAL / DEMOGRAFIA       ","Desafio (Campo Grande)","B5",2008
"1518-952X","PLANEJAMENTO URBANO E REGIONAL / DEMOGRAFIA       ","Desenvolvimento e Meio Ambiente (UFPR)","C ",2008
"1678-4855","PLANEJAMENTO URBANO E REGIONAL / DEMOGRAFIA       ","Desenvolvimento em Questão","B4",2008
"1806-2741","PLANEJAMENTO URBANO E REGIONAL / DEMOGRAFIA       ","Desígnio (São Paulo)","B3",2008
"1413-0076","PLANEJAMENTO URBANO E REGIONAL / DEMOGRAFIA       ","Diálogo (São Paulo)","B5",2008
"1415-9945","PLANEJAMENTO URBANO E REGIONAL / DEMOGRAFIA       ","Diálogos (Maringá)","B3",2008
"1666-4124","PLANEJAMENTO URBANO E REGIONAL / DEMOGRAFIA       ","Documentos y Aportes en Administración Pública y Gestión Estatal","B2",2008
"0212-1573","PLANEJAMENTO URBANO E REGIONAL / DEMOGRAFIA       ","Documents d'Anàlisi Geogràfica","B2",2008
"0104-0405","PLANEJAMENTO URBANO E REGIONAL / DEMOGRAFIA       ","Dynamis (FURB. Impresso) (Cessou em 2004. Cont. ISSN 1982-4866 Dynamis (FURB. Online))","B5",2008
"1982-4866","PLANEJAMENTO URBANO E REGIONAL / DEMOGRAFIA       ","Dynamis (FURB. Online)","B5",2008
"1808-2599","PLANEJAMENTO URBANO E REGIONAL / DEMOGRAFIA       ","E-Compós (Brasília)","B3",2008
"1517-1949","PLANEJAMENTO URBANO E REGIONAL / DEMOGRAFIA       ","Eccos Revista Científica (Impresso)","B4",2008
"1470-160X","PLANEJAMENTO URBANO E REGIONAL / DEMOGRAFIA       ","Ecological Indicators","A2",2008
"1708-3087","PLANEJAMENTO URBANO E REGIONAL / DEMOGRAFIA       ","Ecology and Society","A1",2008
"0104-0618","PLANEJAMENTO URBANO E REGIONAL / DEMOGRAFIA       ","Economia e Sociedade (UNICAMP. Impresso)","B2",2008
"1405-8421","PLANEJAMENTO URBANO E REGIONAL / DEMOGRAFIA       ","Economía, Sociedad y Territorio","B1",2008
"0104-4346","PLANEJAMENTO URBANO E REGIONAL / DEMOGRAFIA       ","Educacao & Mudanca (Faculdade de Filosofia Bernardo Sayão)","B5",2008
"1809-0079","PLANEJAMENTO URBANO E REGIONAL / DEMOGRAFIA       ","Egesta (UNISANTOS)","B5",2008
"1870-9036","PLANEJAMENTO URBANO E REGIONAL / DEMOGRAFIA       ","El Periplo Sustentable","B2",2008
"0100-6916","PLANEJAMENTO URBANO E REGIONAL / DEMOGRAFIA       ","Engenharia Agrícola (Impresso)","B2",2008
"1414-3984","PLANEJAMENTO URBANO E REGIONAL / DEMOGRAFIA       ","Engenharia na Agricultura","B3",2008
"1413-4152","PLANEJAMENTO URBANO E REGIONAL / DEMOGRAFIA       ","Engenharia Sanitária e Ambiental","B1",2008
"0101-1723","PLANEJAMENTO URBANO E REGIONAL / DEMOGRAFIA       ","Ensaios FEE (Impresso)","B4",2008
"0943-0105","PLANEJAMENTO URBANO E REGIONAL / DEMOGRAFIA       ","Environmental Geology (Berlin)","B3",2008
"1679-4974","PLANEJAMENTO URBANO E REGIONAL / DEMOGRAFIA       ","Epidemiologia e Serviços de Saúde","B5",2008
"1980-833X","PLANEJAMENTO URBANO E REGIONAL / DEMOGRAFIA       ","ESAC. Economia Solidária e Ação Cooperativa (UNISINOS)","B5",2008
"1414-722X","PLANEJAMENTO URBANO E REGIONAL / DEMOGRAFIA       ","Esboços (UFSC)","B3",2008
"0014-0481","PLANEJAMENTO URBANO E REGIONAL / DEMOGRAFIA       ","Espaces et Sociétés","A2",2008
"0101-5621","PLANEJAMENTO URBANO E REGIONAL / DEMOGRAFIA       ","Espaço & Debates","B1",2008
"1518-4196","PLANEJAMENTO URBANO E REGIONAL / DEMOGRAFIA       ","Espaço Plural (Unioeste)","B4",2008
"0186-7210","PLANEJAMENTO URBANO E REGIONAL / DEMOGRAFIA       ","Estudios Demográficos y Urbanos de El Colegio de México","B1",2008
"0327-5841","PLANEJAMENTO URBANO E REGIONAL / DEMOGRAFIA       ","Estudios y Perspectivas en Turismo","B5",2008
"0104-7132","PLANEJAMENTO URBANO E REGIONAL / DEMOGRAFIA       ","Estudo & Debate (UNIVATES. Impresso)","C ",2008
"0103-4014","PLANEJAMENTO URBANO E REGIONAL / DEMOGRAFIA       ","Estudos Avançados (USP. Impresso)","B1",2008
"1516-3296","PLANEJAMENTO URBANO E REGIONAL / DEMOGRAFIA       ","Estudos e Pesquisas. Informação Demográfica e Socioeconômica","C ",2008
"0101-4161","PLANEJAMENTO URBANO E REGIONAL / DEMOGRAFIA       ","Estudos Econômicos (USP. Impresso)","B2",2008
"0101-4064","PLANEJAMENTO URBANO E REGIONAL / DEMOGRAFIA       ","Estudos Ibero-Americanos (PUCRS. Impresso)","B2",2008
"0250-7161","PLANEJAMENTO URBANO E REGIONAL / DEMOGRAFIA       ","EURE (Santiago. Impresa)","A1",2008
"0377-2217","PLANEJAMENTO URBANO E REGIONAL / DEMOGRAFIA       ","European Journal of Operational Research","A2",2008
"1128-3602","PLANEJAMENTO URBANO E REGIONAL / DEMOGRAFIA       ","European Review for Medical and Pharmacological Sciences","A2",2008
"1231-1952","PLANEJAMENTO URBANO E REGIONAL / DEMOGRAFIA       ","European Spatial Research and Policy","A2",2008
"1063-6560","PLANEJAMENTO URBANO E REGIONAL / DEMOGRAFIA       ","Evolutionary Computation","B1",2008
"0531-5565","PLANEJAMENTO URBANO E REGIONAL / DEMOGRAFIA       ","Experimental Gerontology","B1",2008
"1981-5948","PLANEJAMENTO URBANO E REGIONAL / DEMOGRAFIA       ","FACIentífica","C ",2008
"1678-8648","PLANEJAMENTO URBANO E REGIONAL / DEMOGRAFIA       ","Fórum Administrativo","C ",2008
"1414-9494","PLANEJAMENTO URBANO E REGIONAL / DEMOGRAFIA       ","Fragmentos de Cultura (Goiânia)","C ",2008
"1517-9699","PLANEJAMENTO URBANO E REGIONAL / DEMOGRAFIA       ","Gênero (Niterói)","B5",2008
"1980-7759","PLANEJAMENTO URBANO E REGIONAL / DEMOGRAFIA       ","Geoamazônia (UFPA)","C ",2008
"1578-5157","PLANEJAMENTO URBANO E REGIONAL / DEMOGRAFIA       ","Geofocus (Madrid)","B2",2008
"0100-7912","PLANEJAMENTO URBANO E REGIONAL / DEMOGRAFIA       ","Geografia (Rio Claro. Impresso)","B2",2008
"1983-4543","PLANEJAMENTO URBANO E REGIONAL / DEMOGRAFIA       ","Geografia Econômica (Florianópolis)","C ",2008
"0103-3964","PLANEJAMENTO URBANO E REGIONAL / DEMOGRAFIA       ","Geosul (UFSC)","B1",2008
"1809-189X","PLANEJAMENTO URBANO E REGIONAL / DEMOGRAFIA       ","Geotextos (Salvador)","B4",2008
"1677-4841","PLANEJAMENTO URBANO E REGIONAL / DEMOGRAFIA       ","Gerenciamento Costeiro Integrado","B4",2008
"0104-530X","PLANEJAMENTO URBANO E REGIONAL / DEMOGRAFIA       ","Gestão & Produção (UFSCAR. Impresso)","B2",2008
"1679-1827","PLANEJAMENTO URBANO E REGIONAL / DEMOGRAFIA       ","Gestão.Org","B3",2008
"0921-8181","PLANEJAMENTO URBANO E REGIONAL / DEMOGRAFIA       ","Global and Planetary Change (Print)","A2",2008
"1354-1013","PLANEJAMENTO URBANO E REGIONAL / DEMOGRAFIA       ","Global Change Biology (Print)","A1",2008
"0959-3780","PLANEJAMENTO URBANO E REGIONAL / DEMOGRAFIA       ","Global Environmental Change","A2",2008
"1414-0268","PLANEJAMENTO URBANO E REGIONAL / DEMOGRAFIA       ","Grifos (UNOESC)","B5",2008
"1353-8292","PLANEJAMENTO URBANO E REGIONAL / DEMOGRAFIA       ","Health and Place","B1",2008
"1682-3451","PLANEJAMENTO URBANO E REGIONAL / DEMOGRAFIA       ","Higher Education Management and Policy (Print)","C ",2008
"1807-1783","PLANEJAMENTO URBANO E REGIONAL / DEMOGRAFIA       ","História e-História","B4",2008
"1519-3314","PLANEJAMENTO URBANO E REGIONAL / DEMOGRAFIA       ","História Econômica & História de Empresas","B5",2008
"0104-5970","PLANEJAMENTO URBANO E REGIONAL / DEMOGRAFIA       ","História, Ciências, Saúde-Manguinhos (Impresso)","B1",2008
"1475-4916","PLANEJAMENTO URBANO E REGIONAL / DEMOGRAFIA       ","Homeopathy (Edinburgh. Print)","B2",2008
"0104-7183","PLANEJAMENTO URBANO E REGIONAL / DEMOGRAFIA       ","Horizontes Antropológicos (UFRGS. Impresso)","A2",2008
"0102-0536","PLANEJAMENTO URBANO E REGIONAL / DEMOGRAFIA       ","Horticultura Brasileira (Impresso)","B3",2008
"0300-7839","PLANEJAMENTO URBANO E REGIONAL / DEMOGRAFIA       ","Human Ecology (New York, N.Y.)","A2",2008
"1413-0718","PLANEJAMENTO URBANO E REGIONAL / DEMOGRAFIA       ","Humanas (UFRGS)","B5",2008
"1516-6082","PLANEJAMENTO URBANO E REGIONAL / DEMOGRAFIA       ","Ícone (Recife) (Cessou em 2006. Cont. ISSN 2175-215X Ícone (Recife. Online))","C ",2008
"1984-1191","PLANEJAMENTO URBANO E REGIONAL / DEMOGRAFIA       ","Iluminuras (Porto Alegre)","B5",2008
"1413-666X","PLANEJAMENTO URBANO E REGIONAL / DEMOGRAFIA       ","Imaginário (USP)","B3",2008
"0103-3905","PLANEJAMENTO URBANO E REGIONAL / DEMOGRAFIA       ","Indicadores Econômicos FEE (Impresso)","B3",2008
"0925-4692","PLANEJAMENTO URBANO E REGIONAL / DEMOGRAFIA       ","Inflammopharmacology (Dordrecht. Print)","A2",2008
"1676-0670","PLANEJAMENTO URBANO E REGIONAL / DEMOGRAFIA       ","Informe Gepec (Impresso)","B1",2008
"1679-415X","PLANEJAMENTO URBANO E REGIONAL / DEMOGRAFIA       ","Informe GEPEC (Online)","B1",2008
"1517-6940","PLANEJAMENTO URBANO E REGIONAL / DEMOGRAFIA       ","Insight Inteligência (Rio de Janeiro)","B5",2008
"1413-6147","PLANEJAMENTO URBANO E REGIONAL / DEMOGRAFIA       ","Integração (USJT)","B4",2008
"1518-7012","PLANEJAMENTO URBANO E REGIONAL / DEMOGRAFIA       ","Interações (UCDB)","B4",2008
"1806-6062","PLANEJAMENTO URBANO E REGIONAL / DEMOGRAFIA       ","Interface (Porto Nacional)","C ",2008
"0029-5981","PLANEJAMENTO URBANO E REGIONAL / DEMOGRAFIA       ","International Journal for Numerical Methods in Engineering (Print)","A1",2008
"1743-5250","PLANEJAMENTO URBANO E REGIONAL / DEMOGRAFIA       ","International Journal of Ecodynamics (Online) (Cessou em 2007. Fundiu-se com ISSN 1744-3679 International Journal of Design and Nature (Online) e ISSN 1755-7445 International Journal of Design & Nature and Ecodynamics (Online))","A2",2008
"0925-5273","PLANEJAMENTO URBANO E REGIONAL / DEMOGRAFIA       ","International Journal of Production Economics","A2",2008
"0143-1161","PLANEJAMENTO URBANO E REGIONAL / DEMOGRAFIA       ","International Journal of Remote Sensing (Print)","A1",2008
"0956-4624","PLANEJAMENTO URBANO E REGIONAL / DEMOGRAFIA       ","International Journal of STD & AIDS","B1",2008
"1474-2748","PLANEJAMENTO URBANO E REGIONAL / DEMOGRAFIA       ","International Journal of Technology Management & Sustainable Development","A2",2008
"0192-5121","PLANEJAMENTO URBANO E REGIONAL / DEMOGRAFIA       ","International Political Science Review","A1",2008
"0020-871X","PLANEJAMENTO URBANO E REGIONAL / DEMOGRAFIA       ","International Social Security Review (Print)","A2",2008
"0379-0282","PLANEJAMENTO URBANO E REGIONAL / DEMOGRAFIA       ","Internationale Revue für Soziale Sicherheit","B1",2008
"1516-697X","PLANEJAMENTO URBANO E REGIONAL / DEMOGRAFIA       ","IP (Belo Horizonte)","B5",2008
"1413-7895","PLANEJAMENTO URBANO E REGIONAL / DEMOGRAFIA       ","Irriga (UNESP Botucatu)","B3",2008
"1025-6016","PLANEJAMENTO URBANO E REGIONAL / DEMOGRAFIA       ","Isotopes in Environmental and Health Studies","A2",2008
"0021-7557","PLANEJAMENTO URBANO E REGIONAL / DEMOGRAFIA       ","Jornal de Pediatria (Impresso)","B4",2008
"0898-2643","PLANEJAMENTO URBANO E REGIONAL / DEMOGRAFIA       ","Journal of Aging and Health","B1",2008
"0890-4065","PLANEJAMENTO URBANO E REGIONAL / DEMOGRAFIA       ","Journal of Aging Studies","B1",2008
"1612-9830","PLANEJAMENTO URBANO E REGIONAL / DEMOGRAFIA       ","Journal of Agriculture and Rural Development in the Tropics and Subtropics (Print)","A2",2008
"0021-9010","PLANEJAMENTO URBANO E REGIONAL / DEMOGRAFIA       ","Journal of Applied Psychology","B1",2008
"0021-9320","PLANEJAMENTO URBANO E REGIONAL / DEMOGRAFIA       ","Journal of Biosocial Science (Print)","A2",2008
"0749-0208","PLANEJAMENTO URBANO E REGIONAL / DEMOGRAFIA       ","Journal of Coastal Research","B1",2008
"0143-005X","PLANEJAMENTO URBANO E REGIONAL / DEMOGRAFIA       ","Journal of Epidemiology and Community Health (1979)","A2",2008
"0378-8741","PLANEJAMENTO URBANO E REGIONAL / DEMOGRAFIA       ","Journal of Ethnopharmacology","B2",2008
"0022-3573","PLANEJAMENTO URBANO E REGIONAL / DEMOGRAFIA       ","Journal of Pharmacy and Pharmacology","B2",2008
"0718-2724","PLANEJAMENTO URBANO E REGIONAL / DEMOGRAFIA       ","Journal of Technology Management & Innovation","B3",2008
"0966-6923","PLANEJAMENTO URBANO E REGIONAL / DEMOGRAFIA       ","Journal of Transport Geography","B2",2008
"0733-9488","PLANEJAMENTO URBANO E REGIONAL / DEMOGRAFIA       ","Journal of Urban Planning and Development","A1",2008
"1676-5834","PLANEJAMENTO URBANO E REGIONAL / DEMOGRAFIA       ","Justiça & História (Impresso)","B4",2008
"1519-8758","PLANEJAMENTO URBANO E REGIONAL / DEMOGRAFIA       ","Lato & Sensu (UNAMA)","C ",2008
"1807-9733","PLANEJAMENTO URBANO E REGIONAL / DEMOGRAFIA       ","Leite & Derivados","C ",2008
"1808-3536","PLANEJAMENTO URBANO E REGIONAL / DEMOGRAFIA       ","Liinc em Revista","B4",2008
"1678-7684","PLANEJAMENTO URBANO E REGIONAL / DEMOGRAFIA       ","Margem Esquerda","B4",2008
"0025-3227","PLANEJAMENTO URBANO E REGIONAL / DEMOGRAFIA       ","Marine Geology (Print)","B2",2008
"1807-0140","PLANEJAMENTO URBANO E REGIONAL / DEMOGRAFIA       ","Matrix Magazine (São Paulo)","C ",2008
"1984-2201","PLANEJAMENTO URBANO E REGIONAL / DEMOGRAFIA       ","Mercator (Fortaleza. Online)","B3",2008
"1676-8329","PLANEJAMENTO URBANO E REGIONAL / DEMOGRAFIA       ","Mercator (UFC)","B3",2008
"1677-0706","PLANEJAMENTO URBANO E REGIONAL / DEMOGRAFIA       ","Métis (UCS)","C ",2008
"1983-7801","PLANEJAMENTO URBANO E REGIONAL / DEMOGRAFIA       ","Mosaico (Goiânia)","B5",2008
"1981-7207","PLANEJAMENTO URBANO E REGIONAL / DEMOGRAFIA       ","Mouseion (UniLasalle)","C ",2008
"1806-2946","PLANEJAMENTO URBANO E REGIONAL / DEMOGRAFIA       ","Multiciência (UNICAMP)","B2",2008
"1519-566X","PLANEJAMENTO URBANO E REGIONAL / DEMOGRAFIA       ","Neotropical Entomology (Impresso)","B2",2008
"1679-7221","PLANEJAMENTO URBANO E REGIONAL / DEMOGRAFIA       ","Nossa História (São Paulo)","C ",2008
"0303-1829","PLANEJAMENTO URBANO E REGIONAL / DEMOGRAFIA       ","Notas de Población (Impresa)","A1",2008
"0103-6351","PLANEJAMENTO URBANO E REGIONAL / DEMOGRAFIA       ","Nova Economia (UFMG. Impresso)","B3",2008
"0101-3300","PLANEJAMENTO URBANO E REGIONAL / DEMOGRAFIA       ","Novos Estudos CEBRAP (Impresso)","A2",2008
"0251-3552","PLANEJAMENTO URBANO E REGIONAL / DEMOGRAFIA       ","Nueva Sociedad","B1",2008
"1626-0252","PLANEJAMENTO URBANO E REGIONAL / DEMOGRAFIA       ","Nuevo Mundo-Mundos Nuevos","B1",2008
"0104-7809","PLANEJAMENTO URBANO E REGIONAL / DEMOGRAFIA       ","O Mundo da Saúde (CUSC. Impresso)","B5",2008
"1518-6091","PLANEJAMENTO URBANO E REGIONAL / DEMOGRAFIA       ","O Mundo da Usinagem (São Paulo)","C ",2008
"1981-1780","PLANEJAMENTO URBANO E REGIONAL / DEMOGRAFIA       ","Observare (UNIFACS)","C ",2008
"1519-8693","PLANEJAMENTO URBANO E REGIONAL / DEMOGRAFIA       ","Olam: Ciência & Tecnologia (Rio Claro. CD-Rom)","B4",2008
"1413-585X","PLANEJAMENTO URBANO E REGIONAL / DEMOGRAFIA       ","Organizações & Sociedade (Impresso)","B3",2008
"1517-3879","PLANEJAMENTO URBANO E REGIONAL / DEMOGRAFIA       ","Organizações Rurais e Agroindustriais (UFLA)","B4",2008
"0104-6098","PLANEJAMENTO URBANO E REGIONAL / DEMOGRAFIA       ","Paisagem e Ambiente","B2",2008
"1405-7425","PLANEJAMENTO URBANO E REGIONAL / DEMOGRAFIA       ","Papeles de Población","A1",2008
"1695-7121","PLANEJAMENTO URBANO E REGIONAL / DEMOGRAFIA       ","Pasos (El Sauzal)","B2",2008
"0031-3920","PLANEJAMENTO URBANO E REGIONAL / DEMOGRAFIA       ","Pediatria Moderna","B5",2008
"1982-2707","PLANEJAMENTO URBANO E REGIONAL / DEMOGRAFIA       ","Pensamento Plural (UFPEL)","B5",2008
"1676-9503","PLANEJAMENTO URBANO E REGIONAL / DEMOGRAFIA       ","Pensar BH. Política Social","C ",2008
"0101-2908","PLANEJAMENTO URBANO E REGIONAL / DEMOGRAFIA       ","Perspectiva (Erexim)","C ",2008
"1808-575X","PLANEJAMENTO URBANO E REGIONAL / DEMOGRAFIA       ","Perspectiva Econômica (São Leopoldo. Online)","B5",2008
"1808-866X","PLANEJAMENTO URBANO E REGIONAL / DEMOGRAFIA       ","Perspectiva Geográfica (Impresso)","B5",2008
"1413-9936","PLANEJAMENTO URBANO E REGIONAL / DEMOGRAFIA       ","Perspectivas em Ciência da Informação (Impresso)","B2",2008
"1695-534X","PLANEJAMENTO URBANO E REGIONAL / DEMOGRAFIA       ","Perspectivas Urbanas (Internet)","B3",2008
"1806-9029","PLANEJAMENTO URBANO E REGIONAL / DEMOGRAFIA       ","Pesquisa & Debate (São Paulo. 1985. Online)","B4",2008
"1517-6398","PLANEJAMENTO URBANO E REGIONAL / DEMOGRAFIA       ","Pesquisa Agropecuária Tropical (Impresso)","B3",2008
"0973-1296","PLANEJAMENTO URBANO E REGIONAL / DEMOGRAFIA       ","Pharmacognosy Magazine","C ",2008
"1807-9083","PLANEJAMENTO URBANO E REGIONAL / DEMOGRAFIA       ","Plurais (Anápolis)","B4",2008
"0104-8015","PLANEJAMENTO URBANO E REGIONAL / DEMOGRAFIA       ","Política & Trabalho (UFPB. Impresso)","B3",2008
"1682-346X","PLANEJAMENTO URBANO E REGIONAL / DEMOGRAFIA       ","Politiques et Gestion de l'Enseignement Supérieur (Imprimé)","C ",2008
"0098-7921","PLANEJAMENTO URBANO E REGIONAL / DEMOGRAFIA       ","Population and Development Review","B2",2008
"0199-0039","PLANEJAMENTO URBANO E REGIONAL / DEMOGRAFIA       ","Population and Environment","B2",2008
"0167-5923","PLANEJAMENTO URBANO E REGIONAL / DEMOGRAFIA       ","Population Research and Policy Review","B1",2008
"0032-471X","PLANEJAMENTO URBANO E REGIONAL / DEMOGRAFIA       ","Population Review. (Cessou em 1998. Cont.1549-0955 Population Review (Online))","A2",2008
"1544-8452","PLANEJAMENTO URBANO E REGIONAL / DEMOGRAFIA       ","Population Space and Place (Online)","A2",2008
"0032-4728","PLANEJAMENTO URBANO E REGIONAL / DEMOGRAFIA       ","Population Studies","A2",2008
"1544-8444","PLANEJAMENTO URBANO E REGIONAL / DEMOGRAFIA       ","Population, Space and Place","A2",2008
"1518-9554","PLANEJAMENTO URBANO E REGIONAL / DEMOGRAFIA       ","Pós. Revista do Programa de Pós-Graduação em Arquitetura e Urbanismo da FAUUSP","B3",2008
"1414-9184","PLANEJAMENTO URBANO E REGIONAL / DEMOGRAFIA       ","Praia Vermelha (UFRJ)","B4",2008
"1807-1112","PLANEJAMENTO URBANO E REGIONAL / DEMOGRAFIA       ","Prâksis (FEEVALE)","B4",2008
"1809-4031","PLANEJAMENTO URBANO E REGIONAL / DEMOGRAFIA       ","Práxis Educativa (Impresso)","B3",2008
"1809-9408","PLANEJAMENTO URBANO E REGIONAL / DEMOGRAFIA       ","Presença da Mulher","B5",2008
"0103-6513","PLANEJAMENTO URBANO E REGIONAL / DEMOGRAFIA       ","Produção (São Paulo. Impresso)","B3",2008
"0309-1325","PLANEJAMENTO URBANO E REGIONAL / DEMOGRAFIA       ","Progress in Human Geography","A2",2008
"1518-5125","PLANEJAMENTO URBANO E REGIONAL / DEMOGRAFIA       ","Projectare (Pelotas)","B5",2008
"1808-6586","PLANEJAMENTO URBANO E REGIONAL / DEMOGRAFIA       ","Projeto Design","B4",2008
"1414-9893","PLANEJAMENTO URBANO E REGIONAL / DEMOGRAFIA       ","Psicologia: Ciência e Profissão (Impresso)","B2",2008
"1016-796X","PLANEJAMENTO URBANO E REGIONAL / DEMOGRAFIA       ","Public Transport International (Multilingual ed.) (Cessou em 1996. Foi desdobrado em três: ISSN 1029-1261, 1029-127X e 1029-1288)","B2",2008
"1676-8493","PLANEJAMENTO URBANO E REGIONAL / DEMOGRAFIA       ","Publicatio UEPG. Ciências Humanas, Ciências Sociais Aplicadas, Lingüística, Letras e Artes (Impresso)","C ",2008
"0748-8017","PLANEJAMENTO URBANO E REGIONAL / DEMOGRAFIA       ","Quality and Reliability Engineering International (Print)","B3",2008
"1405-8626","PLANEJAMENTO URBANO E REGIONAL / DEMOGRAFIA       ","Quivera Revista de estudios urbanos, regionales, territoriales, ambientales y sociales","B1",2008
"1678-068X","PLANEJAMENTO URBANO E REGIONAL / DEMOGRAFIA       ","R.E.V.I. Revista de Estudos do Vale Iguaçu","B5",2008
"1415-6555","PLANEJAMENTO URBANO E REGIONAL / DEMOGRAFIA       ","RAC. Revista de Administração Contemporânea (Impresso)","B2",2008
"1678-6483","PLANEJAMENTO URBANO E REGIONAL / DEMOGRAFIA       ","RACE : Revista de Administração, Contabilidade e Economia","B4",2008
"1676-5648","PLANEJAMENTO URBANO E REGIONAL / DEMOGRAFIA       ","RAE Eletrônica (Online)","B2",2008
"1809-2039","PLANEJAMENTO URBANO E REGIONAL / DEMOGRAFIA       ","RAI : Revista de Administração e Inovação","B3",2008
"1808-0936","PLANEJAMENTO URBANO E REGIONAL / DEMOGRAFIA       ","RBC. Revista Brasileira de Cartografia (Online)","B2",2008
"1806-8405","PLANEJAMENTO URBANO E REGIONAL / DEMOGRAFIA       ","RBPG. Revista Brasileira de Pós-Graduação","B3",2008
"1516-1684","PLANEJAMENTO URBANO E REGIONAL / DEMOGRAFIA       ","RDE. Revista de Desenvolvimento Econômico","B2",2008
"1983-8166","PLANEJAMENTO URBANO E REGIONAL / DEMOGRAFIA       ","REBAP. Revista Brasileira de Administração Política","B5",2008
"1414-7106","PLANEJAMENTO URBANO E REGIONAL / DEMOGRAFIA       ","Redes (Santa Cruz do Sul. Impresso)","B1",2008
"0103-8842","PLANEJAMENTO URBANO E REGIONAL / DEMOGRAFIA       ","Reflexão e Ação (UNISC. Impr.)","B4",2008
"1806-4051","PLANEJAMENTO URBANO E REGIONAL / DEMOGRAFIA       ","REGA. Revista de Gestão de Águas da América Latina","B4",2008
"1809-2276","PLANEJAMENTO URBANO E REGIONAL / DEMOGRAFIA       ","REGE. Revista de Gestão USP","B4",2008
"1984-1205","PLANEJAMENTO URBANO E REGIONAL / DEMOGRAFIA       ","Regiões e Cidades","C ",2008
"1676-6881","PLANEJAMENTO URBANO E REGIONAL / DEMOGRAFIA       ","Religião e Cultura (PUCSP)","B3",2008
"1980-8585","PLANEJAMENTO URBANO E REGIONAL / DEMOGRAFIA       ","REMHU (Brasília)","C ",2008
"0968-8080","PLANEJAMENTO URBANO E REGIONAL / DEMOGRAFIA       ","Reproductive Health Matters (Print)","B1",2008
"1422-4437","PLANEJAMENTO URBANO E REGIONAL / DEMOGRAFIA       ","Res Socialis","C ",2008
"1806-4884","PLANEJAMENTO URBANO E REGIONAL / DEMOGRAFIA       ","Revista Academia Campista de Letras","B5",2008
"1807-698X","PLANEJAMENTO URBANO E REGIONAL / DEMOGRAFIA       ","Revista Ágora (Rio de Janeiro)","B5",2008
"1676-5672","PLANEJAMENTO URBANO E REGIONAL / DEMOGRAFIA       ","Revista Análise. Série Ciências Humanas","C ",2008
"1516-7429","PLANEJAMENTO URBANO E REGIONAL / DEMOGRAFIA       ","Revista Brasileira de Administração Pública e de Empresas","B5",2008
"1980-9735","PLANEJAMENTO URBANO E REGIONAL / DEMOGRAFIA       ","Revista Brasileira de Agroecologia","B2",2008
"0100-0683","PLANEJAMENTO URBANO E REGIONAL / DEMOGRAFIA       ","Revista Brasileira de Ciência do Solo (Impresso)","B3",2008
"0102-6909","PLANEJAMENTO URBANO E REGIONAL / DEMOGRAFIA       ","Revista Brasileira de Ciências Sociais (Impresso)","A1",2008
"1807-1228","PLANEJAMENTO URBANO E REGIONAL / DEMOGRAFIA       ","Revista Brasileira de Direito (Passo Fundo)","C ",2008
"0034-7140","PLANEJAMENTO URBANO E REGIONAL / DEMOGRAFIA       ","Revista Brasileira de Economia (Impresso)","B1",2008
"1983-0408","PLANEJAMENTO URBANO E REGIONAL / DEMOGRAFIA       ","Revista Brasileira de Educação Profissional e Tecnológica","C ",2008
"1415-4366","PLANEJAMENTO URBANO E REGIONAL / DEMOGRAFIA       ","Revista Brasileira de Engenharia Agrícola e Ambiental (Impresso)","B2",2008
"1807-1929","PLANEJAMENTO URBANO E REGIONAL / DEMOGRAFIA       ","Revista Brasileira de Engenharia Agrícola e Ambiental (Online)","B2",2008
"0085-5626","PLANEJAMENTO URBANO E REGIONAL / DEMOGRAFIA       ","Revista Brasileira de Entomologia (Impresso)","B2",2008
"1415-790X","PLANEJAMENTO URBANO E REGIONAL / DEMOGRAFIA       ","Revista Brasileira de Epidemiologia (Impresso)","B2",2008
"0034-7175","PLANEJAMENTO URBANO E REGIONAL / DEMOGRAFIA       ","Revista Brasileira de Estatística","B2",2008
"0102-3098","PLANEJAMENTO URBANO E REGIONAL / DEMOGRAFIA       ","Revista Brasileira de Estudos de População (Impresso)","A2",2008
"1517-4115","PLANEJAMENTO URBANO E REGIONAL / DEMOGRAFIA       ","Revista Brasileira de Estudos Urbanos e Regionais (ANPUR)","A2",2008
"0102-695X","PLANEJAMENTO URBANO E REGIONAL / DEMOGRAFIA       ","Revista Brasileira de Farmacognosia (Impresso)","B5",2008
"0100-2945","PLANEJAMENTO URBANO E REGIONAL / DEMOGRAFIA       ","Revista Brasileira de Fruticultura (Impresso)","B4",2008
"0034-723X","PLANEJAMENTO URBANO E REGIONAL / DEMOGRAFIA       ","Revista Brasileira de Geografia","B2",2008
"1809-9823","PLANEJAMENTO URBANO E REGIONAL / DEMOGRAFIA       ","Revista Brasileira de Geriatria e Gerontologia (UnATI. Impresso)","B2",2008
"1809-239X","PLANEJAMENTO URBANO E REGIONAL / DEMOGRAFIA       ","Revista Brasileira de Gestão e Desenvolvimento Regional","B4",2008
"0102-0188","PLANEJAMENTO URBANO E REGIONAL / DEMOGRAFIA       ","Revista Brasileira de História (Impresso)","A2",2008
"1519-5902","PLANEJAMENTO URBANO E REGIONAL / DEMOGRAFIA       ","Revista Brasileira de História da Educação","B3",2008
"0102-7786","PLANEJAMENTO URBANO E REGIONAL / DEMOGRAFIA       ","Revista Brasileira de Meteorologia (Impresso)","B2",2008
"0103-0752","PLANEJAMENTO URBANO E REGIONAL / DEMOGRAFIA       ","Revista Brasileira de Probabilidade e Estatística","B2",2008
"1516-4446","PLANEJAMENTO URBANO E REGIONAL / DEMOGRAFIA       ","Revista Brasileira de Psiquiatria (São Paulo. 1999. Impresso)","B2",2008
"1414-381X","PLANEJAMENTO URBANO E REGIONAL / DEMOGRAFIA       ","Revista Brasileira de Recursos Hídricos","B2",2008
"1808-0723","PLANEJAMENTO URBANO E REGIONAL / DEMOGRAFIA       ","Revista Brasileira de Risco e Seguro (Online)","B5",2008
"1518-6784","PLANEJAMENTO URBANO E REGIONAL / DEMOGRAFIA       ","Revista Brasileira do Caribe (Impresso)","B4",2008
"0034-737X","PLANEJAMENTO URBANO E REGIONAL / DEMOGRAFIA       ","Revista Ceres","B4",2008
"1516-2664","PLANEJAMENTO URBANO E REGIONAL / DEMOGRAFIA       ","Revista CESUMAR","B5",2008
"0716-1549","PLANEJAMENTO URBANO E REGIONAL / DEMOGRAFIA       ","Revista Chilena de Nutrición (Impresa)","B4",2008
"1794-8347","PLANEJAMENTO URBANO E REGIONAL / DEMOGRAFIA       ","Revista Ciencias Estrategicas","C ",2008
"1807-0124","PLANEJAMENTO URBANO E REGIONAL / DEMOGRAFIA       ","Revista Comciência","C ",2008
"1980-4466","PLANEJAMENTO URBANO E REGIONAL / DEMOGRAFIA       ","Revista CPC (USP)","B5",2008
"1518-1766","PLANEJAMENTO URBANO E REGIONAL / DEMOGRAFIA       ","Revista da Academia de Letras da Bahia","C ",2008
"1679-768X","PLANEJAMENTO URBANO E REGIONAL / DEMOGRAFIA       ","Revista da ANPEGE","B1",2008
"1414-7513","PLANEJAMENTO URBANO E REGIONAL / DEMOGRAFIA       ","Revista da Cátedra Jaime Cortesão (USP)","B3",2008
"0101-7187","PLANEJAMENTO URBANO E REGIONAL / DEMOGRAFIA       ","Revista da Faculdade de Direito da UFG","C ",2008
"1516-1234","PLANEJAMENTO URBANO E REGIONAL / DEMOGRAFIA       ","Revista da FAE","B5",2008
"1980-7694","PLANEJAMENTO URBANO E REGIONAL / DEMOGRAFIA       ","Revista da Sociedade Brasileira de Arborização Urbana","C ",2008
"0080-2107","PLANEJAMENTO URBANO E REGIONAL / DEMOGRAFIA       ","Revista de Administração (FEA-USP)","B2",2008
"1679-5350","PLANEJAMENTO URBANO E REGIONAL / DEMOGRAFIA       ","Revista de administração da Unimep","B5",2008
"0034-7604","PLANEJAMENTO URBANO E REGIONAL / DEMOGRAFIA       ","Revista de Administração Municipal","B4",2008
"0034-7612","PLANEJAMENTO URBANO E REGIONAL / DEMOGRAFIA       ","Revista de Administração Pública (Impresso)","B1",2008
"1808-4532","PLANEJAMENTO URBANO E REGIONAL / DEMOGRAFIA       ","Revista de Ciências Farmacêuticas Básica e Aplicada","B4",2008
"1315-9518","PLANEJAMENTO URBANO E REGIONAL / DEMOGRAFIA       ","Revista de Ciencias Sociales - Universidad del Zulia. Facultad de Ciencias Económicas y Sociales","C ",2008
"0102-8774","PLANEJAMENTO URBANO E REGIONAL / DEMOGRAFIA       ","Revista de Direito do Trabalho (São Paulo)","B4",2008
"1980-1955","PLANEJAMENTO URBANO E REGIONAL / DEMOGRAFIA       ","Revista de Direito Internacional, Econômico e Tributário","B5",2008
"1676-871X","PLANEJAMENTO URBANO E REGIONAL / DEMOGRAFIA       ","Revista de Direito Social (Sapucaia do Sul)","B4",2008
"0102-7956","PLANEJAMENTO URBANO E REGIONAL / DEMOGRAFIA       ","Revista de Direito Tributário (São Paulo)","B2",2008
"1517-9192","PLANEJAMENTO URBANO E REGIONAL / DEMOGRAFIA       ","Revista de Direitos Difusos","B4",2008
"1677-4973","PLANEJAMENTO URBANO E REGIONAL / DEMOGRAFIA       ","Revista de Economia & Relações Internacionais","B4",2008
"0556-5782","PLANEJAMENTO URBANO E REGIONAL / DEMOGRAFIA       ","Revista de Economia (Curitiba)","B5",2008
"1981-4771","PLANEJAMENTO URBANO E REGIONAL / DEMOGRAFIA       ","Revista de Economia Agrícola (Impresso)","B3",2008
"1415-9848","PLANEJAMENTO URBANO E REGIONAL / DEMOGRAFIA       ","Revista de Economia Contemporânea (Impresso)","B5",2008
"1676-7608","PLANEJAMENTO URBANO E REGIONAL / DEMOGRAFIA       ","Revista de Economia e Administração (Impresso)","B4",2008
"1679-1614","PLANEJAMENTO URBANO E REGIONAL / DEMOGRAFIA       ","Revista de Economia e Agronegócio","B4",2008
"0103-2003","PLANEJAMENTO URBANO E REGIONAL / DEMOGRAFIA       ","Revista de Economia e Sociologia Rural (Impresso)","B1",2008
"1981-8939","PLANEJAMENTO URBANO E REGIONAL / DEMOGRAFIA       ","Revista de Economia Fluminense","C ",2008
"0101-3157","PLANEJAMENTO URBANO E REGIONAL / DEMOGRAFIA       ","Revista de Economia Política (Impresso)","B2",2008
"1676-8698","PLANEJAMENTO URBANO E REGIONAL / DEMOGRAFIA       ","Revista de Estudos Criminais","B4",2008
"1519-504X","PLANEJAMENTO URBANO E REGIONAL / DEMOGRAFIA       ","Revista de Estudos Sociais (UFMT)","B5",2008
"1808-4001","PLANEJAMENTO URBANO E REGIONAL / DEMOGRAFIA       ","Revista de História (Rio de Janeiro)","B4",2008
"1982-3967","PLANEJAMENTO URBANO E REGIONAL / DEMOGRAFIA       ","Revista de Informação Contábil (UFPE)","B5",2008
"1682-0908","PLANEJAMENTO URBANO E REGIONAL / DEMOGRAFIA       ","Revista de la CEPAL (Online)","B3",2008
"0102-0811","PLANEJAMENTO URBANO E REGIONAL / DEMOGRAFIA       ","Revista de Matemática e Estatística (Impresso) (Cessou em 2004. Cont. ISSN 1980-4245 Revista de Matemática e Estatística (Online))","B5",2008
"1413-3849","PLANEJAMENTO URBANO E REGIONAL / DEMOGRAFIA       ","Revista de Negócios (Cessou em 2006)","B3",2008
"1415-5273","PLANEJAMENTO URBANO E REGIONAL / DEMOGRAFIA       ","Revista de Nutrição (Impresso)","B3",2008
"1413-4969","PLANEJAMENTO URBANO E REGIONAL / DEMOGRAFIA       ","Revista de Política Agrícola","B4",2008
"0104-8740","PLANEJAMENTO URBANO E REGIONAL / DEMOGRAFIA       ","Revista de Politicas Publicas (UFMA)","B4",2008
"0101-823X","PLANEJAMENTO URBANO E REGIONAL / DEMOGRAFIA       ","Revista de Previdência Social","B5",2008
"1518-8787","PLANEJAMENTO URBANO E REGIONAL / DEMOGRAFIA       ","Revista de Saúde Pública (Online)","B2",2008
"0034-8910","PLANEJAMENTO URBANO E REGIONAL / DEMOGRAFIA       ","Revista de Saúde Pública (USP. Impresso)","A2",2008
"0104-4478","PLANEJAMENTO URBANO E REGIONAL / DEMOGRAFIA       ","Revista de Sociologia e Política (UFPR. Impresso)","B1",2008
"1641-4713","PLANEJAMENTO URBANO E REGIONAL / DEMOGRAFIA       ","Revista del CESLA","B4",2008
"1807-2062","PLANEJAMENTO URBANO E REGIONAL / DEMOGRAFIA       ","Revista Desenbahia","B5",2008
"1518-3483","PLANEJAMENTO URBANO E REGIONAL / DEMOGRAFIA       ","Revista Diálogo Educacional (PUCPR. Impresso)","B4",2008
"1982-0496","PLANEJAMENTO URBANO E REGIONAL / DEMOGRAFIA       ","Revista Direitos Fundamentais & Democracia (UniBrasil)","B5",2008
"0041-8781","PLANEJAMENTO URBANO E REGIONAL / DEMOGRAFIA       ","Revista do Hospital das Clínicas (USP. Impresso) (Cessou em 2004. Cont. ISSN 1807-5932 Clinics (São Paulo. Impresso))","B3",2008
"0073-9855","PLANEJAMENTO URBANO E REGIONAL / DEMOGRAFIA       ","Revista do Instituto Adolfo Lutz (Impresso)","B4",2008
"1516-344X","PLANEJAMENTO URBANO E REGIONAL / DEMOGRAFIA       ","Revista do Instituto Geográphico e Histórico da Bahia","B5",2008
"0101-4366","PLANEJAMENTO URBANO E REGIONAL / DEMOGRAFIA       ","Revista do Instituto Histórico e Geographico Brazileiro","B2",2008
"1984-0586","PLANEJAMENTO URBANO E REGIONAL / DEMOGRAFIA       ","Revista do Observatório do Milênio de Belo Horizonte","B5",2008
"0034-9240","PLANEJAMENTO URBANO E REGIONAL / DEMOGRAFIA       ","Revista do Serviço Público","B2",2008
"0102-7212","PLANEJAMENTO URBANO E REGIONAL / DEMOGRAFIA       ","Revista dos Transportes Públicos","B3",2008
"0100-4956","PLANEJAMENTO URBANO E REGIONAL / DEMOGRAFIA       ","Revista Econômica do Nordeste","B3",2008
"1696-4713","PLANEJAMENTO URBANO E REGIONAL / DEMOGRAFIA       ","Revista Electrónica Iberoamericana Sobre Calidad, Eficacia y Cambio en Educación","B2",2008
"1808-2653","PLANEJAMENTO URBANO E REGIONAL / DEMOGRAFIA       ","Revista Eletrônica da Associação dos Geógrafos Brasileiros, Seção Três Lagoas","B5",2008
"1517-1256","PLANEJAMENTO URBANO E REGIONAL / DEMOGRAFIA       ","Revista Eletrônica do Mestrado em Educação Ambiental","B4",2008
"0104-026X","PLANEJAMENTO URBANO E REGIONAL / DEMOGRAFIA       ","Revista Estudos Feministas (UFSC. Impresso)","A2",2008
"1676-045X","PLANEJAMENTO URBANO E REGIONAL / DEMOGRAFIA       ","Revista Expectativa (Impresso)","B5",2008
"0104-7043","PLANEJAMENTO URBANO E REGIONAL / DEMOGRAFIA       ","Revista FAEEBA","B3",2008
"1679-107X","PLANEJAMENTO URBANO E REGIONAL / DEMOGRAFIA       ","Revista Gestão Contemporânea","C ",2008
"1517-7602","PLANEJAMENTO URBANO E REGIONAL / DEMOGRAFIA       ","Revista Humanae (Recife)","C ",2008
"1982-1638","PLANEJAMENTO URBANO E REGIONAL / DEMOGRAFIA       ","Revista Jurídica da Faculdade 2 de Julho","C ",2008
"1519-1753","PLANEJAMENTO URBANO E REGIONAL / DEMOGRAFIA       ","Revista Jurídica da Universidade de Cuiabá","C ",2008
"1516-2567","PLANEJAMENTO URBANO E REGIONAL / DEMOGRAFIA       ","Revista Kairós","B5",2008
"1414-4980","PLANEJAMENTO URBANO E REGIONAL / DEMOGRAFIA       ","Revista Katálysis (Impresso)","B2",2008
"1415-4714","PLANEJAMENTO URBANO E REGIONAL / DEMOGRAFIA       ","Revista Latinoamericana de Psicopatologia Fundamental (Impresso)","B3",2008
"1809-0125","PLANEJAMENTO URBANO E REGIONAL / DEMOGRAFIA       ","Revista Magister de Direito Imobiliário, Registral, Urbanístico e Ambiental (Cessou em 2005. Cont. ISSN 2175-1994 Revista Magister de Direito Ambiental e Urbanístico)","C ",2008
"0103-880X","PLANEJAMENTO URBANO E REGIONAL / DEMOGRAFIA       ","Revista médica de Minas Gerais (Belo Horizonte)","B5",2008
"1806-5988","PLANEJAMENTO URBANO E REGIONAL / DEMOGRAFIA       ","Revista Mineira de Contabilidade","C ",2008
"1807-5479","PLANEJAMENTO URBANO E REGIONAL / DEMOGRAFIA       ","Revista Ohun","C ",2008
"1020-4989","PLANEJAMENTO URBANO E REGIONAL / DEMOGRAFIA       ","Revista Panamericana de Salud Pública (Impresa) / Pan American Journal of Public Health (Impresa)","B1",2008
"0556-6916","PLANEJAMENTO URBANO E REGIONAL / DEMOGRAFIA       ","Revista Paranaense de Desenvolvimento","B5",2008
"1676-1901","PLANEJAMENTO URBANO E REGIONAL / DEMOGRAFIA       ","Revista Produção Online","B4",2008
"0102-8863","PLANEJAMENTO URBANO E REGIONAL / DEMOGRAFIA       ","Revista Rio de Janeiro","B3",2008
"1809-0044","PLANEJAMENTO URBANO E REGIONAL / DEMOGRAFIA       ","Revista Tecnologia e Sociedade","B5",2008
"1518-2290","PLANEJAMENTO URBANO E REGIONAL / DEMOGRAFIA       ","Revista Trilhas (UNAMA)","B5",2008
"1517-3275","PLANEJAMENTO URBANO E REGIONAL / DEMOGRAFIA       ","Revista UNIVAP","B5",2008
"0103-9989","PLANEJAMENTO URBANO E REGIONAL / DEMOGRAFIA       ","Revista USP","B5",2008
"1809-0028","PLANEJAMENTO URBANO E REGIONAL / DEMOGRAFIA       ","Revista Veredas","C ",2008
"1678-0264","PLANEJAMENTO URBANO E REGIONAL / DEMOGRAFIA       ","Revista Virtual : Contestado e Educação","B5",2008
"1493-8871","PLANEJAMENTO URBANO E REGIONAL / DEMOGRAFIA       ","Revue Organisations & Territoires","B4",2008
"1293-8882","PLANEJAMENTO URBANO E REGIONAL / DEMOGRAFIA       ","Revue Tiers Monde","B1",2008
"1806-6720","PLANEJAMENTO URBANO E REGIONAL / DEMOGRAFIA       ","RGO. Revista de Gestão Organizacional (UNOCHAPECÓ. Impresso)","B4",2008
"1981-982X","PLANEJAMENTO URBANO E REGIONAL / DEMOGRAFIA       ","RGSA: Revista de Gestão Social e Ambiental","B3",2008
"1679-3498","PLANEJAMENTO URBANO E REGIONAL / DEMOGRAFIA       ","Risco (São Carlos)","B3",2008
"0104-4311","PLANEJAMENTO URBANO E REGIONAL / DEMOGRAFIA       ","Roteiro (UNOESC)","B5",2008
"1809-1687","PLANEJAMENTO URBANO E REGIONAL / DEMOGRAFIA       ","RP em Revista","C ",2008
"0104-7175","PLANEJAMENTO URBANO E REGIONAL / DEMOGRAFIA       ","Sanare (Curitiba)","B5",2008
"0102-8839","PLANEJAMENTO URBANO E REGIONAL / DEMOGRAFIA       ","São Paulo em Perspectiva (Impresso)","B1",2008
"0104-1290","PLANEJAMENTO URBANO E REGIONAL / DEMOGRAFIA       ","Saúde e Sociedade (USP. Impresso)","B2",2008
"1519-1125","PLANEJAMENTO URBANO E REGIONAL / DEMOGRAFIA       ","Scientia Agraria (UFPR. Impresso)","B5",2008
"1138-9788","PLANEJAMENTO URBANO E REGIONAL / DEMOGRAFIA       ","Scripta Nova (Barcelona)","A1",2008
"1677-1001","PLANEJAMENTO URBANO E REGIONAL / DEMOGRAFIA       ","Semina (UPF)","B4",2008
"0101-9562","PLANEJAMENTO URBANO E REGIONAL / DEMOGRAFIA       ","Sequência (UFSC)","B3",2008
"1415-6946","PLANEJAMENTO URBANO E REGIONAL / DEMOGRAFIA       ","Ser Social (UnB)","B2",2008
"0103-1570","PLANEJAMENTO URBANO E REGIONAL / DEMOGRAFIA       ","Sociedade & Natureza (UFU. Impresso)","B4",2008
"0102-6992","PLANEJAMENTO URBANO E REGIONAL / DEMOGRAFIA       ","Sociedade e Estado (UnB. Impresso)","B1",2008
"1517-4522","PLANEJAMENTO URBANO E REGIONAL / DEMOGRAFIA       ","Sociologias (UFRGS. Impresso)","B1",2008
"1816-1154","PLANEJAMENTO URBANO E REGIONAL / DEMOGRAFIA       ","SOURCE (Print) (Bonn)","B4",2008
"0714-0045","PLANEJAMENTO URBANO E REGIONAL / DEMOGRAFIA       ","Survey Methodology","B4",2008
"1368-0005","PLANEJAMENTO URBANO E REGIONAL / DEMOGRAFIA       ","Syntax (Oxford. Print)","B1",2008
"1679-5652","PLANEJAMENTO URBANO E REGIONAL / DEMOGRAFIA       ","Tempo & Memória","B5",2008
"1414-3089","PLANEJAMENTO URBANO E REGIONAL / DEMOGRAFIA       ","Tempo da Ciência (UNIOESTE)","B5",2008
"0103-2070","PLANEJAMENTO URBANO E REGIONAL / DEMOGRAFIA       ","Tempo Social (USP. Impresso)","B1",2008
"0104-0103","PLANEJAMENTO URBANO E REGIONAL / DEMOGRAFIA       ","Teoria & Pesquisa","B4",2008
"1138-9737","PLANEJAMENTO URBANO E REGIONAL / DEMOGRAFIA       ","Teoría de la Educación (Internet)","B5",2008
"0104-0960","PLANEJAMENTO URBANO E REGIONAL / DEMOGRAFIA       ","Teoria e Evidencia Economica (UPF)","B4",2008
"0104-8112","PLANEJAMENTO URBANO E REGIONAL / DEMOGRAFIA       ","Terra e Cultura","B5",2008
"1679-2297","PLANEJAMENTO URBANO E REGIONAL / DEMOGRAFIA       ","Terrae (Online)","C ",2008
"1063-0732","PLANEJAMENTO URBANO E REGIONAL / DEMOGRAFIA       ","The Journal of Urban Technology","A2",2008
"1079-5006","PLANEJAMENTO URBANO E REGIONAL / DEMOGRAFIA       ","The Journals of Gerontology. Series A, Biological Sciences and Medical sciences","A2",2008
"1079-5014","PLANEJAMENTO URBANO E REGIONAL / DEMOGRAFIA       ","The Journals of Gerontology. Series B, Psychological Sciences and Social Sciences","A2",2008
"1874-3315","PLANEJAMENTO URBANO E REGIONAL / DEMOGRAFIA       ","The Open Agriculture Journal","C ",2008
"1516-9537","PLANEJAMENTO URBANO E REGIONAL / DEMOGRAFIA       ","Trabalho & Educação (UFMG)","B4",2008
"1516-0025","PLANEJAMENTO URBANO E REGIONAL / DEMOGRAFIA       ","Traços (UNAMA)","B5",2008
"0104-639X","PLANEJAMENTO URBANO E REGIONAL / DEMOGRAFIA       ","Tradterm","B2",2008
"0103-5576","PLANEJAMENTO URBANO E REGIONAL / DEMOGRAFIA       ","Travessia (Sao Paulo)","B4",2008
"0103-5541","PLANEJAMENTO URBANO E REGIONAL / DEMOGRAFIA       ","Turismo em Analise (Cessou em 2007. Cont. ISSN 1984-4867 Revista Turismo em Análise)","B3",2008
"1415-6393","PLANEJAMENTO URBANO E REGIONAL / DEMOGRAFIA       ","Turismo. Visão e Ação (Itajaí) (Cessou em 2007)","B4",2008
"1988-5261","PLANEJAMENTO URBANO E REGIONAL / DEMOGRAFIA       ","TURyDES (Málaga)","B5",2008
"1519-2571","PLANEJAMENTO URBANO E REGIONAL / DEMOGRAFIA       ","UNIMONTES Científica","B5",2008
"1750-712X","PLANEJAMENTO URBANO E REGIONAL / DEMOGRAFIA       ","Urban Design (London)","A2",2008
"0042-0980","PLANEJAMENTO URBANO E REGIONAL / DEMOGRAFIA       ","Urban Studies (Harlow. Print)","A1",2008
"0392-5005","PLANEJAMENTO URBANO E REGIONAL / DEMOGRAFIA       ","Urbanistica Informazioni","B4",2008
"0104-8775","PLANEJAMENTO URBANO E REGIONAL / DEMOGRAFIA       ","Varia História (UFMG. Impresso)","B2",2008
"1519-9886","PLANEJAMENTO URBANO E REGIONAL / DEMOGRAFIA       ","Varia Scientia (UNIOESTE)","B4",2008
"1981-545X","PLANEJAMENTO URBANO E REGIONAL / DEMOGRAFIA       ","VeraCidade (Salvador. Online)","B5",2008
"0104-3064","PLANEJAMENTO URBANO E REGIONAL / DEMOGRAFIA       ","Vivencia (UFRN)","B5",2008
"0043-1397","PLANEJAMENTO URBANO E REGIONAL / DEMOGRAFIA       ","Water Resources Research","A1",2008
"1870-2953","PLANEJAMENTO URBANO E REGIONAL / DEMOGRAFIA       ","Well-Being and Social Policy","B4",2008
"0305-750X","PLANEJAMENTO URBANO E REGIONAL / DEMOGRAFIA       ","World Development","B1",2008
