"1981-030X","ARQUITETURA E URBANISMO                           ","19&20 (Rio de Janeiro)","B3",2008
"0213-487X","ARQUITETURA E URBANISMO                           ","A & V (Madrid)","A2",2008
"1028-3072","ARQUITETURA E URBANISMO                           ","AAA. Archivos de Arquitectura Antillana","B4",2008
"1807-8664","ARQUITETURA E URBANISMO                           ","Acta Scientiarum. Technology (Online)","B3",2008
"1850-2032","ARQUITETURA E URBANISMO                           ","Actas de Diseño","B4",2008
"1983-005X","ARQUITETURA E URBANISMO                           ","Agitprop (São Paulo)","B4",2008
"1518-8728","ARQUITETURA E URBANISMO                           ","Alceu (PUCRJ)","B1",2008
"1678-8621","ARQUITETURA E URBANISMO                           ","Ambiente Construído (Online)","B1",2008
"1415-8876","ARQUITETURA E URBANISMO                           ","Ambiente Construído (São Paulo. Impresso)","B1",2008
"1518-0360","ARQUITETURA E URBANISMO                           ","Âmbito Jurídico","B5",2008
"1405-2253","ARQUITETURA E URBANISMO                           ","America Latina en la Historía Económica","B2",2008
"1413-1803","ARQUITETURA E URBANISMO                           ","Anais do Museu Histórico Nacional","B1",2008
"0101-4714","ARQUITETURA E URBANISMO                           ","Anais do Museu Paulista (Impresso)","B2",2008
"0395-2649","ARQUITETURA E URBANISMO                           ","Annales (Paris)","A1",2008
"0003-6870","ARQUITETURA E URBANISMO                           ","Applied Ergonomics","A1",2008
"1660-9336","ARQUITETURA E URBANISMO                           ","Applied Mechanics and Materials","B3",2008
"1806-7700","ARQUITETURA E URBANISMO                           ","Ar (Unileste)","B5",2008
"0587-3452","ARQUITETURA E URBANISMO                           ","Arch +","A2",2008
"0003-8504","ARQUITETURA E URBANISMO                           ","Architectural Design","A1",2008
"0003-858X","ARQUITETURA E URBANISMO                           ","Architectural Record","B1",2008
"0003-861X","ARQUITETURA E URBANISMO                           ","Architectural Review (London)","B1",2008
"1994-6961","ARQUITETURA E URBANISMO                           ","Archnet-IJAR: International Journal of Architectural Research","B5",2008
"0717-6996","ARQUITETURA E URBANISMO                           ","ARQ (Santiago. En línea)","B1",2008
"0716-0852","ARQUITETURA E URBANISMO                           ","ARQ (Santiago. Impresa)","B1",2008
"1518-238X","ARQUITETURA E URBANISMO                           ","Arqtexto (UFRGS)","B1",2008
"1605-5624","ARQUITETURA E URBANISMO                           ","Arquine (México. Impresa)","A2",2008
"1645-9415","ARQUITETURA E URBANISMO                           ","Arquitectura Ibérica","B4",2008
"0214-1256","ARQUITETURA E URBANISMO                           ","Arquitectura Viva","B4",2008
"1808-5741","ARQUITETURA E URBANISMO                           ","Arquiteturarevista (UNISINOS)","B2",2008
"1809-6298","ARQUITETURA E URBANISMO                           ","Arquitextos (São Paulo)","B1",2008
"0004-2749","ARQUITETURA E URBANISMO                           ","Arquivos Brasileiros de Oftalmologia (Impresso)","B3",2008
"1806-2962","ARQUITETURA E URBANISMO                           ","Art& (São Paulo. Online)","B4",2008
"1516-1692","ARQUITETURA E URBANISMO                           ","Arte & Ensaio (UFRJ)","B2",2008
"1517-7432","ARQUITETURA E URBANISMO                           ","Assentamentos Humanos (Marília)","B4",2008
"1679-2378","ARQUITETURA E URBANISMO                           ","Athena (Curitiba)","B4",2008
"0102-8979","ARQUITETURA E URBANISMO                           ","AU. Arquitetura e Urbanismo","B4",2008
"0926-5805","ARQUITETURA E URBANISMO                           ","Automation in Construction (Print)","A1",2008
"0103-8117","ARQUITETURA E URBANISMO                           ","Bahia Analise & Dados","B4",2008
"0525-5708","ARQUITETURA E URBANISMO                           ","Barroco (Belo Horizonte)","B3",2008
"0005-6855","ARQUITETURA E URBANISMO                           ","Bauwelt (Gutersloh. 1952)","B1",2008
"1138-9796","ARQUITETURA E URBANISMO                           ","Biblio 3w (Barcelona)","A2",2008
"0102-9568","ARQUITETURA E URBANISMO                           ","Bioikos (Campinas)","B4",2008
"0104-4389","ARQUITETURA E URBANISMO                           ","Bios (Belo Horizonte)","B4",2008
"1646-3137","ARQUITETURA E URBANISMO                           ","BOCC. Biblioteca On-line de Ciências da Comunicação","B4",2008
"1676-3661","ARQUITETURA E URBANISMO                           ","Boletim IBCCRIM","B5",2008
"0045-270X","ARQUITETURA E URBANISMO                           ","Brasil Florestal (Impresso)","B5",2008
"0360-1323","ARQUITETURA E URBANISMO                           ","Building and Environment","A1",2008
"0143-6244","ARQUITETURA E URBANISMO                           ","Building Services Engineering Research & Technology","B3",2008
"1453-0392","ARQUITETURA E URBANISMO                           ","Buletin de Informare Documentara I.S.I.M.","B5",2008
"0103-4979","ARQUITETURA E URBANISMO                           ","Caderno CRH (UFBA. Impresso)","B2",2008
"1806-5414","ARQUITETURA E URBANISMO                           ","Caderno de pesquisa do Programa de Mestrado Profissionalizante em Gestão de Políticas Públicas (UNIVALI)","C ",2008
"1677-6976","ARQUITETURA E URBANISMO                           ","Caderno Virtual de Turismo (UFRJ)","B5",2008
"1413-2095","ARQUITETURA E URBANISMO                           ","Cadernos de Arquitetura e Urbanismo (PUCMG)","B2",2008
"1809-4120","ARQUITETURA E URBANISMO                           ","Cadernos de Pós Graduação em Arquitetura e Urbanismo (Mackenzie. Online)","B3",2008
"0102-311X","ARQUITETURA E URBANISMO                           ","Cadernos de Saúde Pública (ENSP. Impresso)","B1",2008
"1809-8606","ARQUITETURA E URBANISMO                           ","Cadernos do Desenvolvimento","B3",2008
"1679-7604","ARQUITETURA E URBANISMO                           ","Cadernos do PROARQ (UFRJ)","B2",2008
"1517-2422","ARQUITETURA E URBANISMO                           ","Cadernos Metrópole (PUCSP)","B3",2008
"1679-6861","ARQUITETURA E URBANISMO                           ","Cadernos PPG-AU/FAUFBA","B3",2008
"1676-6288","ARQUITETURA E URBANISMO                           ","Cadernos PROLAM/USP","B2",2008
"1414-462X","ARQUITETURA E URBANISMO                           ","Cadernos Saúde Coletiva (UFRJ)","B3",2008
"1141-7161","ARQUITETURA E URBANISMO                           ","Cahiers des Amériques Latines (Paris)","B1",2008
"1679-3404","ARQUITETURA E URBANISMO                           ","CASA (Araraquara)","B4",2008
"0008-7181","ARQUITETURA E URBANISMO                           ","Casabella (1965)","A2",2008
"0958-9465","ARQUITETURA E URBANISMO                           ","Cement & Concrete Composites","A2",2008
"0366-6913","ARQUITETURA E URBANISMO                           ","Cerâmica (São Paulo. Impresso)","B2",2008
"1413-4608","ARQUITETURA E URBANISMO                           ","Cerâmica Industrial (Impresso)","B4",2008
"1679-3625","ARQUITETURA E URBANISMO                           ","Cidades (Presidente Prudente)","B1",2008
"1645-0639","ARQUITETURA E URBANISMO                           ","Cidades Comunidades e Territórios","B3",2008
"1676-4188","ARQUITETURA E URBANISMO                           ","Ciência & Ambiente","B5",2008
"0100-8307","ARQUITETURA E URBANISMO                           ","Ciência e Natura","B4",2008
"1807-7544","ARQUITETURA E URBANISMO                           ","City & Time (Online)","B2",2008
"1981-5956","ARQUITETURA E URBANISMO                           ","City & Time Revista","B2",2008
"1133-4762","ARQUITETURA E URBANISMO                           ","Ciudad y Territorio, Estudios Territoriales","B2",2008
"0187-8611","ARQUITETURA E URBANISMO                           ","Ciudades (Puebla)","B5",2008
"1676-3475","ARQUITETURA E URBANISMO                           ","Communicare (São Paulo)","B4",2008
"0305-0548","ARQUITETURA E URBANISMO                           ","Computers & Operations Research","A1",2008
"0045-7949","ARQUITETURA E URBANISMO                           ","Computers & Structures","B1",2008
"1806-4981","ARQUITETURA E URBANISMO                           ","Comunicação, Mídia e Consumo (São Paulo. Impresso)","B4",2008
"1415-2681","ARQUITETURA E URBANISMO                           ","Concinnitas (Rio de Janeiro. Impresso)","B1",2008
"1677-0943","ARQUITETURA E URBANISMO                           ","Conexão (UCS)","B4",2008
"0950-0618","ARQUITETURA E URBANISMO                           ","Construction & Building Materials","B1",2008
"1518-0689","ARQUITETURA E URBANISMO                           ","Cronos (Natal. Impresso)","B4",2008
"0327-3776","ARQUITETURA E URBANISMO                           ","Cuadernos de Antropología Social (Impresa)","B1",2008
"1516-893X","ARQUITETURA E URBANISMO                           ","Cultura Visual (Impresso)","B4",2008
"1807-6432","ARQUITETURA E URBANISMO                           ","Da Vinci (Curitiba. Impresso)","B5",2008
"1448-7136","ARQUITETURA E URBANISMO                           ","Design Philosophy Papers (Online)","A2",2008
"0142-694X","ARQUITETURA E URBANISMO                           ","Design Studies","A1",2008
"1806-2741","ARQUITETURA E URBANISMO                           ","Desígnio (São Paulo)","B2",2008
"1813-9248","ARQUITETURA E URBANISMO                           ","Diálogos de la Comunicación","B1",2008
"1982-0313","ARQUITETURA E URBANISMO                           ","Dobras (Barueri, SP)","B5",2008
"1380-3204","ARQUITETURA E URBANISMO                           ","DOCOMOMO Journal","B1",2008
"0012-5377","ARQUITETURA E URBANISMO                           ","Domus (Milano)","A2",2008
"1808-2599","ARQUITETURA E URBANISMO                           ","E-Compós (Brasília)","B3",2008
"1981-4224","ARQUITETURA E URBANISMO                           ","Educação & Imagem (UERJ)","B4",2008
"1414-5057","ARQUITETURA E URBANISMO                           ","Educação & Tecnologia","B5",2008
"1414-3895","ARQUITETURA E URBANISMO                           ","Educação Gráfica (UNESP. Bauru)","B1",2008
"0212-5633","ARQUITETURA E URBANISMO                           ","El Croquis (El Escorial, adrid)","A2",2008
"0102-9169","ARQUITETURA E URBANISMO                           ","Energia na Agricultura (UNESP. Botucatu. Impresso)","B3",2008
"0378-7788","ARQUITETURA E URBANISMO                           ","Energy and Buildings","A1",2008
"0196-8904","ARQUITETURA E URBANISMO                           ","Energy Conversion and Management","A2",2008
"0873-1152","ARQUITETURA E URBANISMO                           ","Engenharia Civil UM (Braga)","B5",2008
"1413-4152","ARQUITETURA E URBANISMO                           ","Engenharia Sanitária e Ambiental","B3",2008
"1676-1790","ARQUITETURA E URBANISMO                           ","Engenharia Térmica","B4",2008
"0955-7997","ARQUITETURA E URBANISMO                           ","Engineering Analysis with Boundary Elements","B1",2008
"1415-6938","ARQUITETURA E URBANISMO                           ","Ensaios e Ciência (Campo Grande. Impresso)","B5",2008
"1645-7668","ARQUITETURA E URBANISMO                           ","Ensinarte (Braga)","B5",2008
"0956-2478","ARQUITETURA E URBANISMO                           ","Environment and Urbanization","B1",2008
"0364-152X","ARQUITETURA E URBANISMO                           ","Environmental Management (New York)","A2",2008
"1414-9354","ARQUITETURA E URBANISMO                           ","Episteme (Tubarão)","B5",2008
"0014-0139","ARQUITETURA E URBANISMO                           ","Ergonomics (London. Print)","A1",2008
"1414-722X","ARQUITETURA E URBANISMO                           ","Esboços (UFSC)","B2",2008
"0120-6702","ARQUITETURA E URBANISMO                           ","Escala (Bogotá)","B3",2008
"1413-3342","ARQUITETURA E URBANISMO                           ","Espaço e Cultura (UERJ)","B2",2008
"1516-9375","ARQUITETURA E URBANISMO                           ","Espaço e Geografia (UnB)","B4",2008
"1139-3637","ARQUITETURA E URBANISMO                           ","Espéculo (Madrid)","B2",2008
"1414-0144","ARQUITETURA E URBANISMO                           ","Estudos de Sociologia (São Paulo)","B2",2008
"1808-4281","ARQUITETURA E URBANISMO                           ","Estudos e Pesquisas em Psicologia (Online)","B3",2008
"0104-4249","ARQUITETURA E URBANISMO                           ","Estudos em Design (Impresso)","B1",2008
"1983-196X","ARQUITETURA E URBANISMO                           ","Estudos em Design (Online)","B1",2008
"0250-7161","ARQUITETURA E URBANISMO                           ","EURE (Santiago. Impresa)","A2",2008
"1678-5428","ARQUITETURA E URBANISMO                           ","Exacta (São Paulo. Impresso)","B5",2008
"1755-0068","ARQUITETURA E URBANISMO                           ","Field (Sheffield)","B4",2008
"1466-4615","ARQUITETURA E URBANISMO                           ","Film-Philosophy (London)","B1",2008
"1677-5554","ARQUITETURA E URBANISMO                           ","Formas e Linguagens (UNIJUÍ)","C ",2008
"1676-6962","ARQUITETURA E URBANISMO                           ","Fórum de Direito Urbano e Ambiental (Impresso)","B5",2008
"1982-9531","ARQUITETURA E URBANISMO                           ","Fórum Patrimônio : Ambiente Construído e Patrimônio Sustentável (UFMG. Online)","B5",2008
"1519-311X","ARQUITETURA E URBANISMO                           ","Galáxia (PUCSP)","B2",2008
"1982-2553","ARQUITETURA E URBANISMO                           ","Galáxia (São Paulo. Online)","B2",2008
"0016-7185","ARQUITETURA E URBANISMO                           ","Geoforum","B1",2008
"0100-7912","ARQUITETURA E URBANISMO                           ","Geografia (Rio Claro. Impresso)","B2",2008
"1808-8058","ARQUITETURA E URBANISMO                           ","Geografias (UFMG)","B5",2008
"1165-0354","ARQUITETURA E URBANISMO                           ","Géographie et Cultures (Paris)","A2",2008
"1518-6059","ARQUITETURA E URBANISMO                           ","Geonordeste (UFS)","B4",2008
"0103-3964","ARQUITETURA E URBANISMO                           ","Geosul (UFSC)","B3",2008
"1809-189X","ARQUITETURA E URBANISMO                           ","Geotextos (Salvador)","B4",2008
"1414-7416","ARQUITETURA E URBANISMO                           ","Geousp (USP)","B5",2008
"0104-530X","ARQUITETURA E URBANISMO                           ","Gestão & Produção (UFSCAR. Impresso)","B1",2008
"1981-1543","ARQUITETURA E URBANISMO                           ","Gestão & Tecnologia de Projetos","B2",2008
"0197-3975","ARQUITETURA E URBANISMO                           ","Habitat International","A2",2008
"1093-4421","ARQUITETURA E URBANISMO                           ","Harvard Design Magazine","B1",2008
"1679-656X","ARQUITETURA E URBANISMO                           ","História Viva (São Paulo)","B3",2008
"0104-5970","ARQUITETURA E URBANISMO                           ","História, Ciências, Saúde-Manguinhos (Impresso)","B1",2008
"1808-6284","ARQUITETURA E URBANISMO                           ","Histórica (São Paulo. Online)","B4",2008
"0102-9479","ARQUITETURA E URBANISMO                           ","Humanidades (Brasília)","B4",2008
"1027-5606","ARQUITETURA E URBANISMO                           ","Hydrology and Earth System Sciences","B2",2008
"1812-2108","ARQUITETURA E URBANISMO                           ","Hydrology and Earth System Sciences Discussions (Print)","B2",2008
"1479-9456","ARQUITETURA E URBANISMO                           ","Icon (Epping)","B5",2008
"0101-3106","ARQUITETURA E URBANISMO                           ","Ide (São Paulo. Impresso)","B5",2008
"0018-9359","ARQUITETURA E URBANISMO                           ","IEEE Transactions on Education","A2",2008
"1517-395X","ARQUITETURA E URBANISMO                           ","Ilha. Revista de Antropologia (Florianópolis)","B3",2008
"0103-7676","ARQUITETURA E URBANISMO                           ","Impulso (Piracicaba)","B3",2008
"1808-5377","ARQUITETURA E URBANISMO                           ","Infodesign (SBDI. Online)","B2",2008
"1413-6147","ARQUITETURA E URBANISMO                           ","Integração (USJT)","B5",2008
"0146-6518","ARQUITETURA E URBANISMO                           ","International Journal for Housing Science and Its Applications","B2",2008
"1478-0771","ARQUITETURA E URBANISMO                           ","International Journal of Architectural Computing","A1",2008
"0169-8141","ARQUITETURA E URBANISMO                           ","International Journal of Industrial Ergonomics","A2",2008
"1895-8648","ARQUITETURA E URBANISMO                           ","International Journal of Information Technology and Intelligent Computing","A1",2008
"1403-2147","ARQUITETURA E URBANISMO                           ","International Journal of Low Energy and Sustainable Buildings (Online)","B2",2008
"1998-4448","ARQUITETURA E URBANISMO                           ","International Journal of Mechanics","B3",2008
"1473-3315","ARQUITETURA E URBANISMO                           ","International Journal of Ventilation","B3",2008
"0790-0627","ARQUITETURA E URBANISMO                           ","International Journal of Water Resources Development (Print)","B1",2008
"1519-468X","ARQUITETURA E URBANISMO                           ","Interpretar Arquitetura (UFMG. Online)","B3",2008
"1433-8157","ARQUITETURA E URBANISMO                           ","Journal for Geometry and Graphics","B2",2008
"1464-343X","ARQUITETURA E URBANISMO                           ","Journal of African Earth Sciences (1994)","B1",2008
"1672-6529","ARQUITETURA E URBANISMO                           ","Journal of Bionics Engineering","A1",2008
"0959-6526","ARQUITETURA E URBANISMO                           ","Journal of Cleaner Production","A2",2008
"1555-1423","ARQUITETURA E URBANISMO                           ","Journal of Computational and Nonlinear Dynamics (Online)","A2",2008
"1569-1551","ARQUITETURA E URBANISMO                           ","Journal of Design Research (Online)","A1",2008
"0022-0418","ARQUITETURA E URBANISMO                           ","Journal of Documentation","B1",2008
"1367-3270","ARQUITETURA E URBANISMO                           ","Journal of Knowledge Management","B2",2008
"1728-7715","ARQUITETURA E URBANISMO                           ","Journal of Research in Architecture and Planning","B5",2008
"0022-460X","ARQUITETURA E URBANISMO                           ","Journal of Sound and Vibration","A2",2008
"1678-5878","ARQUITETURA E URBANISMO                           ","Journal of the Brazilian Society of Mechanical Sciences and Engineering (Impresso)","B2",2008
"1357-4809","ARQUITETURA E URBANISMO                           ","Journal of Urban Design (Abingdon)","A2",2008
"1807-6017","ARQUITETURA E URBANISMO                           ","Juris Plenum","C ",2008
"0121-3776","ARQUITETURA E URBANISMO                           ","Kinetoscopio (Medellin)","B5",2008
"0100-512X","ARQUITETURA E URBANISMO                           ","Kriterion (UFMG. Impresso)","B2",2008
"0368-492X","ARQUITETURA E URBANISMO                           ","Kybernetes","B2",2008
"0169-2046","ARQUITETURA E URBANISMO                           ","Landscape and Urban Planning","A2",2008
"0142-6397","ARQUITETURA E URBANISMO                           ","Landscape Research","A2",2008
"1809-0540","ARQUITETURA E URBANISMO                           ","Leituras Paisagísticas (UFRJ)","B3",2008
"1296-4077","ARQUITETURA E URBANISMO                           ","Les Cahiers de la Recherche Architecturale et Urbaine","A1",2008
"1516-2168","ARQUITETURA E URBANISMO                           ","Licere (Belo Horizonte. Impresso)","B4",2008
"1981-3171","ARQUITETURA E URBANISMO                           ","Licere (Centro de Estudos de Lazer e Recreação. Online)","B4",2008
"1415-8604","ARQUITETURA E URBANISMO                           ","Lugar Comum (UFRJ)","B5",2008
"1981-4070","ARQUITETURA E URBANISMO                           ","Lumina (UFJF. Online)","B4",2008
"0076-1508","ARQUITETURA E URBANISMO                           ","Lusitânia Sacra","B3",2008
"1477-7835","ARQUITETURA E URBANISMO                           ","Management of Environmental Quality","B3",2008
"0025-2700","ARQUITETURA E URBANISMO                           ","Maquinas e Metais","B5",2008
"1517-7076","ARQUITETURA E URBANISMO                           ","Matéria (UFRJ)","B4",2008
"0264-1275","ARQUITETURA E URBANISMO                           ","Materials & Design","B1",2008
"1516-1439","ARQUITETURA E URBANISMO                           ","Materials Research (São Carlos. Impresso)","B2",2008
"1982-2073","ARQUITETURA E URBANISMO                           ","Matrizes (USP. Impresso)","B3",2008
"1809-3922","ARQUITETURA E URBANISMO                           ","MDC. Mínimo Denominador Comum (Impresso)","B4",2008
"1518-3394","ARQUITETURA E URBANISMO                           ","Mneme (Caicó. Online)","B5",2008
"1808-561X","ARQUITETURA E URBANISMO                           ","Morus (UNICAMP)","B2",2008
"1138-1507","ARQUITETURA E URBANISMO                           ","Neutra (Sevilla)","B3",2008
"0101-3300","ARQUITETURA E URBANISMO                           ","Novos Estudos CEBRAP (Impresso)","B1",2008
"1981-9412","ARQUITETURA E URBANISMO                           ","Noz (PUCRJ)","B5",2008
"0251-3552","ARQUITETURA E URBANISMO                           ","Nueva Sociedad","B1",2008
"0104-7809","ARQUITETURA E URBANISMO                           ","O Mundo da Saúde (CUSC. Impresso)","B5",2008
"0185-464X","ARQUITETURA E URBANISMO                           ","Obras (México. Immpresa)","C ",2008
"0104-0308","ARQUITETURA E URBANISMO                           ","Oculum (PUCCAMP)","B5",2008
"1519-7727","ARQUITETURA E URBANISMO                           ","Oculum Ensaios (PUCCAMP)","B2",2008
"1519-8693","ARQUITETURA E URBANISMO                           ","Olam: Ciência & Tecnologia (Rio Claro. CD-Rom)","B4",2008
"0168-2601","ARQUITETURA E URBANISMO                           ","Open House International","A2",2008
"1806-0528","ARQUITETURA E URBANISMO                           ","Os Urbanitas (São Paulo)","B5",2008
"1679-0944","ARQUITETURA E URBANISMO                           ","P@ranoá (UnB)","B2",2008
"0030-9230","ARQUITETURA E URBANISMO                           ","Paedagogica Historica (Imprimé)","A1",2008
"0103-863X","ARQUITETURA E URBANISMO                           ","Paidéia (USP. Ribeirao Preto. Impresso)","B2",2008
"0104-6098","ARQUITETURA E URBANISMO                           ","Paisagem e Ambiente","B2",2008
"1809-6204","ARQUITETURA E URBANISMO                           ","Paisagens em Debate (USP)","C ",2008
"1677-7395","ARQUITETURA E URBANISMO                           ","Paranoá (UnB)","B2",2008
"1980-6809","ARQUITETURA E URBANISMO                           ","PARC : Pesquisa em Arquitetura e Construção","B3",2008
"1413-9375","ARQUITETURA E URBANISMO                           ","Parcerias Estratégicas (Brasília)","B4",2008
"1806-700X","ARQUITETURA E URBANISMO                           ","Patrimônio: Lazer & Turismo (UNISANTOS)","B5",2008
"1677-0595","ARQUITETURA E URBANISMO                           ","Pauta Geral","B5",2008
"0079-0958","ARQUITETURA E URBANISMO                           ","Perspecta (New Haven, Conn.)","A2",2008
"1695-5323","ARQUITETURA E URBANISMO                           ","Perspectivas Urbanas (Ed. impresa)","B2",2008
"1695-534X","ARQUITETURA E URBANISMO                           ","Perspectivas Urbanas (Internet)","B2",2008
"0100-204X","ARQUITETURA E URBANISMO                           ","Pesquisa Agropecuária Brasileira (1977. Impressa)","B1",2008
"1981-0695","ARQUITETURA E URBANISMO                           ","Pesquisa Brasileira em Ciência da Informação e Biblioteconomia","C ",2008
"0103-5762","ARQUITETURA E URBANISMO                           ","Pesquisa em Foco (UFMA)","B5",2008
"0266-5433","ARQUITETURA E URBANISMO                           ","Planning Perspectives (Print)","A2",2008
"1517-5677","ARQUITETURA E URBANISMO                           ","Poiesis (Niterói)","B4",2008
"1676-0727","ARQUITETURA E URBANISMO                           ","Polêm!ca","B4",2008
"1982-4807","ARQUITETURA E URBANISMO                           ","Ponto-e-Vírgula (PUCSP)","B3",2008
"1981-6766","ARQUITETURA E URBANISMO                           ","PontodeAcesso (UFBA)","B5",2008
"0267-5315","ARQUITETURA E URBANISMO                           ","Portuguese Studies","B1",2008
"1518-9554","ARQUITETURA E URBANISMO                           ","Pós. Revista do Programa de Pós-Graduação em Arquitetura e Urbanismo da FAUUSP","B1",2008
"1982-9507","ARQUITETURA E URBANISMO                           ","Pós: Revista do Programa de Pós-Graduação em Artes","B5",2008
"1679-4176","ARQUITETURA E URBANISMO                           ","Preá (Natal)","B5",2008
"1413-1862","ARQUITETURA E URBANISMO                           ","Presença Pedagogica","B5",2008
"1518-2983","ARQUITETURA E URBANISMO                           ","Principia (Juiz de Fora)","B5",2008
"1676-4056","ARQUITETURA E URBANISMO                           ","Product (IGDP)","B1",2008
"1559-9736","ARQUITETURA E URBANISMO                           ","Progressive Planning","B1",2008
"1518-5125","ARQUITETURA E URBANISMO                           ","Projectare (Pelotas)","B5",2008
"1518-8256","ARQUITETURA E URBANISMO                           ","Psicanálise em Revista","B5",2008
"1870-350X","ARQUITETURA E URBANISMO                           ","Psicología para América Latina","B4",2008
"0103-6564","ARQUITETURA E URBANISMO                           ","Psicologia USP (Impresso)","B3",2008
"1415-6555","ARQUITETURA E URBANISMO                           ","RAC. Revista de Administração Contemporânea (Impresso)","B3",2008
"1605-4806","ARQUITETURA E URBANISMO                           ","Razón y Palabra","B3",2008
"1516-1684","ARQUITETURA E URBANISMO                           ","RDE. Revista de Desenvolvimento Econômico","B3",2008
"0243-1742","ARQUITETURA E URBANISMO                           ","Recherche Architecturale. Rapport d'Exécution de l' Appel d'Offres","A1",2008
"1414-7106","ARQUITETURA E URBANISMO                           ","Redes (Santa Cruz do Sul. Impresso)","B3",2008
"1668-1576","ARQUITETURA E URBANISMO                           ","Registros (Mar del Plata)","B5",2008
"0960-1481","ARQUITETURA E URBANISMO                           ","Renewable Energy","A2",2008
"1679-1916","ARQUITETURA E URBANISMO                           ","RENOTE. Revista Novas Tecnologias na Educação","B5",2008
"1516-0874","ARQUITETURA E URBANISMO                           ","Revista Arcos (ESDI/UERJ) (Cessou em 2001. Cont. ISSN 1984-5596 Arcos Design (Online))","B5",2008
"0102-6909","ARQUITETURA E URBANISMO                           ","Revista Brasileira de Ciências Sociais (Impresso)","B1",2008
"1807-9962","ARQUITETURA E URBANISMO                           ","Revista Brasileira de Direito Ambiental","B5",2008
"1413-6538","ARQUITETURA E URBANISMO                           ","Revista Brasileira de Educação Especial","B4",2008
"0034-7183","ARQUITETURA E URBANISMO                           ","Revista Brasileira de Estudos Pedagogicos","B3",2008
"1517-4115","ARQUITETURA E URBANISMO                           ","Revista Brasileira de Estudos Urbanos e Regionais (ANPUR)","B1",2008
"0102-695X","ARQUITETURA E URBANISMO                           ","Revista Brasileira de Farmacognosia (Impresso)","B4",2008
"1413-3555","ARQUITETURA E URBANISMO                           ","Revista Brasileira de Fisioterapia (Impresso)","B4",2008
"1982-6125","ARQUITETURA E URBANISMO                           ","Revista Brasileira de Pesquisa em Turismo","B4",2008
"0303-7657","ARQUITETURA E URBANISMO                           ","Revista Brasileira de Saúde Ocupacional","B4",2008
"1677-9649","ARQUITETURA E URBANISMO                           ","Revista Ciência e Tecnologia","B4",2008
"1980-4466","ARQUITETURA E URBANISMO                           ","Revista CPC (USP)","B4",2008
"1980-7554","ARQUITETURA E URBANISMO                           ","Revista D (Uniritter)","B5",2008
"1519-0455","ARQUITETURA E URBANISMO                           ","Revista da ADPPUCRS","B5",2008
"1677-2261","ARQUITETURA E URBANISMO                           ","Revista da FARN (Impresso)","B5",2008
"1414-3887","ARQUITETURA E URBANISMO                           ","Revista da Fundação Pedro Calmon","B5",2008
"1980-7694","ARQUITETURA E URBANISMO                           ","Revista da Sociedade Brasileira de Arborização Urbana","B5",2008
"0080-2107","ARQUITETURA E URBANISMO                           ","Revista de Administração (FEA-USP)","B4",2008
"0103-8575","ARQUITETURA E URBANISMO                           ","Revista de Ciência & Tecnologia","B5",2008
"1413-1439","ARQUITETURA E URBANISMO                           ","Revista de Direito Ambiental","B5",2008
"1517-9192","ARQUITETURA E URBANISMO                           ","Revista de Direitos Difusos","B4",2008
"0104-5962","ARQUITETURA E URBANISMO                           ","Revista de Educação Publica (UFMT)","B2",2008
"1678-5738","ARQUITETURA E URBANISMO                           ","Revista de Engenharia da Universidade Católica de Petrópolis","B5",2008
"1808-4001","ARQUITETURA E URBANISMO                           ","Revista de História (Rio de Janeiro)","B5",2008
"1646-1762","ARQUITETURA E URBANISMO                           ","Revista de História da Arte","B5",2008
"1984-0136","ARQUITETURA E URBANISMO                           ","Revista de Pesquisa Aplicada à Engenharia","C ",2008
"1807-3778","ARQUITETURA E URBANISMO                           ","Revista Design em Foco (Salvador. Impresso)","B4",2008
"1518-3483","ARQUITETURA E URBANISMO                           ","Revista Diálogo Educacional (PUCPR. Impresso)","B4",2008
"0104-8368","ARQUITETURA E URBANISMO                           ","Revista do Arquivo Publico Mineiro","B4",2008
"1677-7042","ARQUITETURA E URBANISMO                           ","Revista do Arquivo Público Mineiro - História e Arquivística","B4",2008
"1415-2061","ARQUITETURA E URBANISMO                           ","Revista do CCEI","B4",2008
"0020-3874","ARQUITETURA E URBANISMO                           ","Revista do Instituto de Estudos Brasileiros","B3",2008
"1516-344X","ARQUITETURA E URBANISMO                           ","Revista do Instituto Geográphico e Histórico da Bahia","B4",2008
"0101-4366","ARQUITETURA E URBANISMO                           ","Revista do Instituto Histórico e Geographico Brazileiro","B1",2008
"0102-2571","ARQUITETURA E URBANISMO                           ","Revista do Patrimônio Histórico e Artístico Nacional","B1",2008
"0102-7212","ARQUITETURA E URBANISMO                           ","Revista dos Transportes Públicos","B3",2008
"1676-9430","ARQUITETURA E URBANISMO                           ","Revista Educação em Movimento","B5",2008
"0102-7735","ARQUITETURA E URBANISMO                           ","Revista Educação em Questão (UFRN. Impresso)","B4",2008
"1669-3582","ARQUITETURA E URBANISMO                           ","Revista Electrónica de Psicología Política (En línea)","B3",2008
"1981-8270","ARQUITETURA E URBANISMO                           ","Revista Eletrônica de Educação e Tecnologia do Senai-SP","B4",2008
"1519-6186","ARQUITETURA E URBANISMO                           ","Revista Espaço Acadêmico (UEM)","C ",2008
"1415-0549","ARQUITETURA E URBANISMO                           ","Revista FAMECOS (Impresso)","B2",2008
"1677-9479","ARQUITETURA E URBANISMO                           ","Revista Gestão & Tecnologia","B3",2008
"1808-0448","ARQUITETURA E URBANISMO                           ","Revista Gestão Industrial","B4",2008
"0121-6651","ARQUITETURA E URBANISMO                           ","Revista Iberoamericana de Polimeros","B3",2008
"1519-1451","ARQUITETURA E URBANISMO                           ","Revista Instituto Brasileiro de Desenvolvimento e Pesquisas Hospitalares","B5",2008
"1516-0033","ARQUITETURA E URBANISMO                           ","Revista Interfaces (UFRJ)","B4",2008
"1645-5576","ARQUITETURA E URBANISMO                           ","Revista Internacional Construlink","B4",2008
"0718-1299","ARQUITETURA E URBANISMO                           ","Revista INVI","B4",2008
"1808-2807","ARQUITETURA E URBANISMO                           ","Revista Jurídica (Brasília)","C ",2008
"1807-0930","ARQUITETURA E URBANISMO                           ","Revista Magister de Direito Civil e Processual Civil","B5",2008
"1808-6292","ARQUITETURA E URBANISMO                           ","Revista Minerva","B5",2008
"1981-125X","ARQUITETURA E URBANISMO                           ","Revista Observatório Itaú Cultural","B4",2008
"1677-6704","ARQUITETURA E URBANISMO                           ","Revista Odontológica de Araçatuba","B5",2008
"0556-6916","ARQUITETURA E URBANISMO                           ","Revista Paranaense de Desenvolvimento","B4",2008
"1676-1901","ARQUITETURA E URBANISMO                           ","Revista Produção Online","B3",2008
"1981-3724","ARQUITETURA E URBANISMO                           ","Revista Tempo de Conquista","B5",2008
"1517-3275","ARQUITETURA E URBANISMO                           ","Revista UNIVAP","B5",2008
"1690-7760","ARQUITETURA E URBANISMO                           ","Revista Universitaria de Investigación y Dialogo Académico","C ",2008
"0103-9989","ARQUITETURA E URBANISMO                           ","Revista USP","B3",2008
"1517-1639","ARQUITETURA E URBANISMO                           ","Rio do Sul","B5",2008
"1679-3498","ARQUITETURA E URBANISMO                           ","Risco (São Carlos)","B2",2008
"0103-1651","ARQUITETURA E URBANISMO                           ","RUA. Revista de Arquitetura e Urbanismo","B3",2008
"0148-7191","ARQUITETURA E URBANISMO                           ","SAE Technical Paper Series","B4",2008
"0102-8839","ARQUITETURA E URBANISMO                           ","São Paulo em Perspectiva (Impresso)","B3",2008
"1808-1592","ARQUITETURA E URBANISMO                           ","Saúde e Direitos Humanos","B4",2008
"0104-1290","ARQUITETURA E URBANISMO                           ","Saúde e Sociedade (USP. Impresso)","B2",2008
"1138-9788","ARQUITETURA E URBANISMO                           ","Scripta Nova (Barcelona)","A2",2008
"1492-3157","ARQUITETURA E URBANISMO                           ","SEED Journal. Semiotics, Evolution, Energy, and Development","B4",2008
"0037-1998","ARQUITETURA E URBANISMO                           ","Semiotica (Berlin)","B1",2008
"1516-4330","ARQUITETURA E URBANISMO                           ","Significação: Revista de Cultura Audiovisual","B2",2008
"0101-7225","ARQUITETURA E URBANISMO                           ","Sinopses (USP)","B5",2008
"1981-4240","ARQUITETURA E URBANISMO                           ","Sistemas Prediais","B5",2008
"0103-1570","ARQUITETURA E URBANISMO                           ","Sociedade & Natureza (UFU. Impresso)","B4",2008
"0038-092X","ARQUITETURA E URBANISMO                           ","Solar Energy","A1",2008
"0391-2248","ARQUITETURA E URBANISMO                           ","Storia Urbana (Testo stampato)","A2",2008
"1984-2988","ARQUITETURA E URBANISMO                           ","Strategic Design Research Journal","B3",2008
"1460-1176","ARQUITETURA E URBANISMO                           ","Studies in the History of Gardens & Designed Landscapes","A1",2008
"0327-9022","ARQUITETURA E URBANISMO                           ","Summa + (Buenos Aires)","A2",2008
"1678-3697","ARQUITETURA E URBANISMO                           ","TD. Teoria e Debate","B4",2008
"0104-1053","ARQUITETURA E URBANISMO                           ","Techne : Revista de Tecnologia da Construção (São Paulo)","B5",2008
"0102-8782","ARQUITETURA E URBANISMO                           ","Tempo Brasileiro","B4",2008
"0102-8030","ARQUITETURA E URBANISMO                           ","Terra Livre","B2",2008
"1677-9509","ARQUITETURA E URBANISMO                           ","Textos & Contextos (Porto Alegre)","B2",2008
"1577-3760","ARQUITETURA E URBANISMO                           ","Textos de la Cibersociedad","B5",2008
"0001-4966","ARQUITETURA E URBANISMO                           ","The Journal of the Acoustical Society of America","A1",2008
"1982-4319","ARQUITETURA E URBANISMO                           ","Tópos (UNESP. Presidente Prudente)","B5",2008
"1050-2092","ARQUITETURA E URBANISMO                           ","Traditional Dwellings and Settlements Review","A2",2008
"1415-7713","ARQUITETURA E URBANISMO                           ","Transportes (Rio de Janeiro)","B4",2008
"0103-5576","ARQUITETURA E URBANISMO                           ","Travessia (Sao Paulo)","B4",2008
"1984-0071","ARQUITETURA E URBANISMO                           ","Tríades em Revista","B4",2008
"1615-5289","ARQUITETURA E URBANISMO                           ","Universal Access in the Information Society (Print)","A1",2008
"1518-3580","ARQUITETURA E URBANISMO                           ","UNOPAR Científica. Ciências Humanas e Educação","B4",2008
"1357-5317","ARQUITETURA E URBANISMO                           ","Urban Design International (London. Print)","A2",2008
"0042-0980","ARQUITETURA E URBANISMO                           ","Urban Studies (Harlow. Print)","A1",2008
"0042-1022","ARQUITETURA E URBANISMO                           ","Urbanistica (Torino)","B1",2008
"0728-5108","ARQUITETURA E URBANISMO                           ","Urbs (Melbourne)","B5",2008
"0104-0839","ARQUITETURA E URBANISMO                           ","VeraCidade (Salvador. Impresso)","B5",2008
"1981-545X","ARQUITETURA E URBANISMO                           ","VeraCidade (Salvador. Online)","B5",2008
"1806-6925","ARQUITETURA E URBANISMO                           ","Verso e Reverso (Unisinos. Online)","B5",2008
"0104-3064","ARQUITETURA E URBANISMO                           ","Vivencia (UFRN)","B5",2008
