"0101-9163","CIÊNCIA DE ALIMENTOS                              ","A Hora Veterinária","B5",2008
"0023-9135","CIÊNCIA DE ALIMENTOS                              ","A Lavoura (Rio de Janeiro)","C ",2008
"0097-6156","CIÊNCIA DE ALIMENTOS                              ","ACS Symposium Series","C ",2008
"0139-3006","CIÊNCIA DE ALIMENTOS                              ","Acta Alimentaria (Print)","B2",2008
"0044-5967","CIÊNCIA DE ALIMENTOS                              ","Acta Amazonica (Impresso)","B3",2008
"0120-548X","CIÊNCIA DE ALIMENTOS                              ","Acta Biologica Colombiana","B4",2008
"0001-5504","CIÊNCIA DE ALIMENTOS                              ","Acta Científica Venezolana","C ",2008
"0102-8650","CIÊNCIA DE ALIMENTOS                              ","Acta Cirúrgica Brasileira (Impresso)","B4",2008
"0326-2383","CIÊNCIA DE ALIMENTOS                              ","Acta Farmacéutica Bonaerense","B2",2008
"0567-7572","CIÊNCIA DE ALIMENTOS                              ","Acta Horticulturae","B3",2008
"1679-9216","CIÊNCIA DE ALIMENTOS                              ","Acta Scientiae Veterinariae (Online)","B5",2008
"1415-6814","CIÊNCIA DE ALIMENTOS                              ","Acta Scientiarum (UEM) (Cessou em 2002)","C ",2008
"1679-9275","CIÊNCIA DE ALIMENTOS                              ","Acta Scientiarum. Agronomy (Impresso)","B5",2008
"1807-8672","CIÊNCIA DE ALIMENTOS                              ","Acta Scientiarum. Animal Sciences","B5",2008
"1806-2563","CIÊNCIA DE ALIMENTOS                              ","Acta Scientiarum. Technology (Impresso)","B5",2008
"1684-5315","CIÊNCIA DE ALIMENTOS                              ","African Journal of Biotechnology","B2",2008
"1996-0824","CIÊNCIA DE ALIMENTOS                              ","African Journal of Plant Science","C ",2008
"1981-0997","CIÊNCIA DE ALIMENTOS                              ","Agrária (Recife. Online)","C ",2008
"0365-2718","CIÊNCIA DE ALIMENTOS                              ","Agronomia (UFRRJ)","B5",2008
"0103-0779","CIÊNCIA DE ALIMENTOS                              ","Agropecuária Catarinense","B5",2008
"0300-5755","CIÊNCIA DE ALIMENTOS                              ","Alimentaria (Madrid)","B2",2008
"0103-4235","CIÊNCIA DE ALIMENTOS                              ","Alimentos e Nutrição (UNESP. Marilia)","B3",2008
"0971-4693","CIÊNCIA DE ALIMENTOS                              ","Allelopathy Journal","B2",2008
"1808-0251","CIÊNCIA DE ALIMENTOS                              ","Ambiência (UNICENTRO)","C ",2008
"0044-7447","CIÊNCIA DE ALIMENTOS                              ","Ambio (Oslo)","A2",2008
"1557-4571","CIÊNCIA DE ALIMENTOS                              ","American Journal of Food Technology","C ",2008
"0001-3765","CIÊNCIA DE ALIMENTOS                              ","Anais da Academia Brasileira de Ciências (Impresso)","B2",2008
"1137-6627","CIÊNCIA DE ALIMENTOS                              ","Anales del Sistema Sanitario de Navarra","B5",2008
"1677-3055","CIÊNCIA DE ALIMENTOS                              ","Analytica (São Paulo)","C ",2008
"0003-2670","CIÊNCIA DE ALIMENTOS                              ","Analytica Chimica Acta (Print)","A1",2008
"1618-2642","CIÊNCIA DE ALIMENTOS                              ","Analytical and Bioanalytical Chemistry","A1",2008
"0377-8401","CIÊNCIA DE ALIMENTOS                              ","Animal Feed Science and Technology (Print)","B1",2008
"1357-7298","CIÊNCIA DE ALIMENTOS                              ","Animal Science. British Society of Animal Science (Cessou em 2006. Fundiu-se com ISSN 1627-3583 Animal Research (Print), ISSN 0926-5287 Reproduction Nutrition Development (Print) e ISSN 1751-7311 Animal (Cambridge. Print))","B1",2008
"1590-4261","CIÊNCIA DE ALIMENTOS                              ","Annals of Microbiology","B2",2008
"0956-3202","CIÊNCIA DE ALIMENTOS                              ","Antiviral Chemistry & Chemotherapy","B4",2008
"0003-6072","CIÊNCIA DE ALIMENTOS                              ","Antonie van Leeuwenhoek (Gedrukt)","B1",2008
"0195-6663","CIÊNCIA DE ALIMENTOS                              ","Appetite (London. Print)","A2",2008
"0099-2240","CIÊNCIA DE ALIMENTOS                              ","Applied and Environmental Microbiology (Print)","A1",2008
"0273-2289","CIÊNCIA DE ALIMENTOS                              ","Applied Biochemistry and Biotechnology","B1",2008
"0175-7598","CIÊNCIA DE ALIMENTOS                              ","Applied Microbiology and Biotechnology","A2",2008
"0044-8486","CIÊNCIA DE ALIMENTOS                              ","Aquaculture (Amsterdam)","B1",2008
"0967-6120","CIÊNCIA DE ALIMENTOS                              ","Aquaculture International","B2",2008
"1353-5773","CIÊNCIA DE ALIMENTOS                              ","Aquaculture Nutrition (Print)","B1",2008
"0365-6233","CIÊNCIA DE ALIMENTOS                              ","Archiv der Pharmazie (Weinheim)","B1",2008
"0739-4462","CIÊNCIA DE ALIMENTOS                              ","Archives of Insect Biochemistry and Physiology","B1",2008
"0003-9969","CIÊNCIA DE ALIMENTOS                              ","Archives of Oral Biology","B1",2008
"0340-5761","CIÊNCIA DE ALIMENTOS                              ","Archives of Toxicology","A1",2008
"1517-784X","CIÊNCIA DE ALIMENTOS                              ","Archives of Veterinary Science","B5",2008
"0004-0622","CIÊNCIA DE ALIMENTOS                              ","Archivos Latinoamericanos de Nutrición","B2",2008
"0102-0935","CIÊNCIA DE ALIMENTOS                              ","Arquivo Brasileiro de Medicina Veterinária e Zootecnia","B2",2008
"0004-2730","CIÊNCIA DE ALIMENTOS                              ","Arquivos Brasileiros de Endocrinologia e Metabologia (Impresso)","B3",2008
"0004-282X","CIÊNCIA DE ALIMENTOS                              ","Arquivos de Neuro-Psiquiatria (Impresso)","B2",2008
"0020-3653","CIÊNCIA DE ALIMENTOS                              ","Arquivos do Instituto Biológico (Impresso)","B4",2008
"0004-2927","CIÊNCIA DE ALIMENTOS                              ","Ars Pharmaceutica","B5",2008
"0102-6380","CIÊNCIA DE ALIMENTOS                              ","ARS Veterinária (Impresso)","B3",2008
"0102-1656","CIÊNCIA DE ALIMENTOS                              ","Atlântica","C ",2008
"1516-3105","CIÊNCIA DE ALIMENTOS                              ","Avicultura Industrial (Porto Feliz. Impresso)","C ",2008
"1742-7835","CIÊNCIA DE ALIMENTOS                              ","Basic & Clinical Pharmacology & Toxicology (Print)","A2",2008
"1809-5577","CIÊNCIA DE ALIMENTOS                              ","Bio Farma","C ",2008
"1369-703X","CIÊNCIA DE ALIMENTOS                              ","Biochemical Engineering Journal","B1",2008
"0006-2960","CIÊNCIA DE ALIMENTOS                              ","Biochemistry (Easton)","A1",2008
"1431-6730","CIÊNCIA DE ALIMENTOS                              ","Biological Chemistry (Print)","A1",2008
"0163-4984","CIÊNCIA DE ALIMENTOS                              ","Biological Trace Element Research","B1",2008
"1559-0720","CIÊNCIA DE ALIMENTOS                              ","Biological Trace Element Research (online)","C ",2008
"1525-7797","CIÊNCIA DE ALIMENTOS                              ","Biomacromolecules","A1",2008
"0961-9534","CIÊNCIA DE ALIMENTOS                              ","Biomass & Bioenergy","A2",2008
"1806-3810","CIÊNCIA DE ALIMENTOS                              ","Biomassa & Energia (Viçosa)","C ",2008
"0006-3525","CIÊNCIA DE ALIMENTOS                              ","Biopolymers (New York. Print)","A1",2008
"1615-7605","CIÊNCIA DE ALIMENTOS                              ","Bioprocess and Biosystems Engineering (Internet)","C ",2008
"1615-7591","CIÊNCIA DE ALIMENTOS                              ","Bioprocess and Biosystems Engineering (Print)","B1",2008
"0960-8524","CIÊNCIA DE ALIMENTOS                              ","Bioresource Technology","A1",2008
"1930-2126","CIÊNCIA DE ALIMENTOS                              ","Bioresources (Raleigh, N.C)","C ",2008
"1516-3725","CIÊNCIA DE ALIMENTOS                              ","Bioscience Journal (UFU. Impresso)","B5",2008
"1537-5110","CIÊNCIA DE ALIMENTOS                              ","Biosystems Engineering","B1",2008
"0141-5492","CIÊNCIA DE ALIMENTOS                              ","Biotechnology Letters","B1",2008
"8756-7938","CIÊNCIA DE ALIMENTOS                              ","Biotechnology Progress (Print)","A2",2008
"1414-4522","CIÊNCIA DE ALIMENTOS                              ","Biotecnologia Ciência & Desenvolvimento (Impresso)","C ",2008
"0103-1643","CIÊNCIA DE ALIMENTOS                              ","Biotemas (UFSC)","C ",2008
"1471-2091","CIÊNCIA DE ALIMENTOS                              ","BMC Biochemistry (Online)","B4",2008
"0101-3637","CIÊNCIA DE ALIMENTOS                              ","Boletim da Sociedade Brasileira de Ciência e Tecnologia de Alimentos","B3",2008
"0102-0323","CIÊNCIA DE ALIMENTOS                              ","Boletim do Centro de Pesquisa e Processamento de Alimentos (Impresso)","B3",2008
"0006-6648","CIÊNCIA DE ALIMENTOS                              ","Bollettino Chimico Farmaceutico (Milano)","B5",2008
"1019-1593","CIÊNCIA DE ALIMENTOS                              ","Botswana Journal of Technology","C ",2008
"0006-8705","CIÊNCIA DE ALIMENTOS                              ","Bragantia (São Paulo, SP. Impresso)","B3",2008
"0006-8993","CIÊNCIA DE ALIMENTOS                              ","Brain Research","A2",2008
"1517-9877","CIÊNCIA DE ALIMENTOS                              ","Brasil Alimentos (São Paulo)","C ",2008
"1516-8913","CIÊNCIA DE ALIMENTOS                              ","Brazilian Archives of Biology and Technology (Impresso)","B2",2008
"0104-6632","CIÊNCIA DE ALIMENTOS                              ","Brazilian Journal of Chemical Engineering (Impresso)","B2",2008
"1516-7275","CIÊNCIA DE ALIMENTOS                              ","Brazilian journal of food technology (Impresso)","B3",2008
"1981-6723","CIÊNCIA DE ALIMENTOS                              ","Brazilian Journal of Food Technology (Online)","C ",2008
"1517-7645","CIÊNCIA DE ALIMENTOS                              ","Brazilian Journal of Food Technology. Preprint Serie","C ",2008
"0100-879X","CIÊNCIA DE ALIMENTOS                              ","Brazilian Journal of Medical and Biological Research (Impresso)","B1",2008
"1517-8382","CIÊNCIA DE ALIMENTOS                              ","Brazilian Journal of Microbiology (Impresso)","B2",2008
"1677-0420","CIÊNCIA DE ALIMENTOS                              ","Brazilian Journal of Plant Physiology (Impresso)","B3",2008
"1413-9596","CIÊNCIA DE ALIMENTOS                              ","Brazilian Journal of Veterinary Research and Animal Science (Impresso)","B4",2008
"0007-070X","CIÊNCIA DE ALIMENTOS                              ","British Food Journal (1966)","B2",2008
"0007-1145","CIÊNCIA DE ALIMENTOS                              ","British Journal of Nutrition","A1",2008
"0007-1668","CIÊNCIA DE ALIMENTOS                              ","British Poultry Science (Print)","B1",2008
"0104-1096","CIÊNCIA DE ALIMENTOS                              ","Cadernos de Ciência & Tecnologia","B5",2008
"0102-311X","CIÊNCIA DE ALIMENTOS                              ","Cadernos de Saúde Pública (ENSP. Impresso)","B4",2008
"0309-166X","CIÊNCIA DE ALIMENTOS                              ","Cambridge Journal of Economics","B2",2008
"0008-4212","CIÊNCIA DE ALIMENTOS                              ","Canadian Journal of Physiology and Pharmacology (Print)","B1",2008
"0144-8617","CIÊNCIA DE ALIMENTOS                              ","Carbohydrate Polymers","A1",2008
"0008-6215","CIÊNCIA DE ALIMENTOS                              ","Carbohydrate Research (Chicago, Ill.. Print)","B1",2008
"1460-2180","CIÊNCIA DE ALIMENTOS                              ","Carcinogenesis (New York. Online)","B5",2008
"0263-6484","CIÊNCIA DE ALIMENTOS                              ","Cell Biochemistry and Function","B1",2008
"0008-8749","CIÊNCIA DE ALIMENTOS                              ","Cellular Immunology (Print)","B1",2008
"1644-3624","CIÊNCIA DE ALIMENTOS                              ","Central European Journal of Chemistry","B4",2008
"0009-0352","CIÊNCIA DE ALIMENTOS                              ","Cereal Chemistry","B1",2008
"0009-0379","CIÊNCIA DE ALIMENTOS                              ","Ceres (Rome. English ed.) (Cessou em 1996)","C ",2008
"1747-0277","CIÊNCIA DE ALIMENTOS                              ","Chemical Biology & Drug Design (Print)","A2",2008
"0930-7516","CIÊNCIA DE ALIMENTOS                              ","Chemical Engineering & Technology","B1",2008
"0255-2701","CIÊNCIA DE ALIMENTOS                              ","Chemical Engineering and Processing","B1",2008
"0009-2797","CIÊNCIA DE ALIMENTOS                              ","Chemico-Biological Interactions (Print)","A1",2008
"1612-1872","CIÊNCIA DE ALIMENTOS                              ","Chemistry & Biodiversity (Print)","B1",2008
"0045-6535","CIÊNCIA DE ALIMENTOS                              ","Chemosphere (Oxford)","A1",2008
"1518-2797","CIÊNCIA DE ALIMENTOS                              ","Ciência Animal Brasileira (UFG. Impresso)","B4",2008
"1413-7054","CIÊNCIA DE ALIMENTOS                              ","Ciência e Agrotecnologia (UFLA)","B2",2008
"1980-0029","CIÊNCIA DE ALIMENTOS                              ","Ciência e Cultura (Barretos)","C ",2008
"0718-1620","CIÊNCIA DE ALIMENTOS                              ","Ciencia e Investigación Agraria (En línea. Edición en Español)","B5",2008
"0304-5609","CIÊNCIA DE ALIMENTOS                              ","Ciencia e Investigación Agraria (Impresa)","B5",2008
"1413-8123","CIÊNCIA DE ALIMENTOS                              ","Ciência e Saúde Coletiva (Impresso)","B5",2008
"0101-2061","CIÊNCIA DE ALIMENTOS                              ","Ciência e Tecnologia de Alimentos (Impresso)","B2",2008
"1678-457X","CIÊNCIA DE ALIMENTOS                              ","Ciência e Tecnologia de Alimentos (Online)","B5",2008
,"CIÊNCIA DE ALIMENTOS                              ","Ciência e Tecnologia de Alimentos, Agroindustria, Energia , Meio Ambiente","C ",2008
"1678-2046","CIÊNCIA DE ALIMENTOS                              ","Ciência Odontológica Brasileira","C ",2008
"0103-8478","CIÊNCIA DE ALIMENTOS                              ","Ciência Rural (UFSM. Impresso)","B2",2008
"1135-8122","CIÊNCIA DE ALIMENTOS                              ","Ciencia y Tecnología Alimentaria","B4",2008
"0009-8981","CIÊNCIA DE ALIMENTOS                              ","Clinica Chimica Acta (Print)","A1",2008
"0009-9120","CIÊNCIA DE ALIMENTOS                              ","Clinical Biochemistry","B1",2008
"1434-6621","CIÊNCIA DE ALIMENTOS                              ","Clinical Chemistry and Laboratory Medicine","B1",2008
"0261-5614","CIÊNCIA DE ALIMENTOS                              ","Clinical Nutrition (Edinburgh)","A1",2008
"1807-5932","CIÊNCIA DE ALIMENTOS                              ","Clinics (USP. Impresso)","B5",2008
"1809-6875","CIÊNCIA DE ALIMENTOS                              ","Coffee Science","C ",2008
"0927-7765","CIÊNCIA DE ALIMENTOS                              ","Colloids and Surfaces. B, Biointerfaces (Print)","A2",2008
"0098-1354","CIÊNCIA DE ALIMENTOS                              ","Computers & Chemical Engineering","B1",2008
"1806-9185","CIÊNCIA DE ALIMENTOS                              ","Comunicado Técnico (Embrapa Clima Temperado. Online)","C ",2008
"1516-5744","CIÊNCIA DE ALIMENTOS                              ","Comunicado Técnico (Embrapa Mandioca e Fruticultura Tropical. Impresso)","B5",2008
"0103-5231","CIÊNCIA DE ALIMENTOS                              ","Comunicado Tecnico - Centro Nacional de Pesquisa de Tecnologia Agroindustrial de Alimentos","C ",2008
"0967-0661","CIÊNCIA DE ALIMENTOS                              ","Control Engineering Practice","B1",2008
"1678-6858","CIÊNCIA DE ALIMENTOS                              ","Controle de Contaminação","C ",2008
"0738-8551","CIÊNCIA DE ALIMENTOS                              ","Critical Reviews in Biotechnology","A1",2008
"1040-8398","CIÊNCIA DE ALIMENTOS                              ","Critical Reviews in Food Science and Nutrition","A1",2008
"1516-358X","CIÊNCIA DE ALIMENTOS                              ","Cultivar Grandes Culturas","C ",2008
"1518-3165","CIÊNCIA DE ALIMENTOS                              ","Cultivar HF (Pelotas)","C ",2008
"1573-4013","CIÊNCIA DE ALIMENTOS                              ","Current Food Science","C ",2008
"0343-8651","CIÊNCIA DE ALIMENTOS                              ","Current Microbiology (Print)","B1",2008
"0973-8916","CIÊNCIA DE ALIMENTOS                              ","Current Trends in Biotechnology and Pharmacy","C ",2008
"1958-5586","CIÊNCIA DE ALIMENTOS                              ","Dairy Science & Technology","B5",2008
"0012-1797","CIÊNCIA DE ALIMENTOS                              ","Diabetes (New York, N.Y.)","A1",2008
"1678-0493","CIÊNCIA DE ALIMENTOS                              ","Diálogos & Ciência (Online)","C ",2008
"1518-8736","CIÊNCIA DE ALIMENTOS                              ","Direito e Sociedade (Curitiba)","C ",2008
"1516-781X","CIÊNCIA DE ALIMENTOS                              ","Documentos (Embrapa Soja)","B5",2008
"0737-3937","CIÊNCIA DE ALIMENTOS                              ","Drying Technology","B1",2008
"0143-7208","CIÊNCIA DE ALIMENTOS                              ","Dyes and Pigments","A2",2008
"0100-4670","CIÊNCIA DE ALIMENTOS                              ","Eclética Química (UNESP. Araraquara. Impresso)","B4",2008
"0921-8009","CIÊNCIA DE ALIMENTOS                              ","Ecological Economics (Amsterdam)","B1",2008
"0304-3800","CIÊNCIA DE ALIMENTOS                              ","Ecological Modelling","A2",2008
"0367-0244","CIÊNCIA DE ALIMENTOS                              ","Ecology of Food and Nutrition","B2",2008
"0717-3458","CIÊNCIA DE ALIMENTOS                              ","Electronic Journal of Biotechnology","B1",2008
"1579-4377","CIÊNCIA DE ALIMENTOS                              ","Electronic Journal of Environmental, Agricultural and Food Chemistry","C ",2008
"0887-0624","CIÊNCIA DE ALIMENTOS                              ","Energy & Fuels (Print)","A2",2008
"0196-8904","CIÊNCIA DE ALIMENTOS                              ","Energy Conversion and Management","B1",2008
"0100-7947","CIÊNCIA DE ALIMENTOS                              ","Engarrafador Moderno","C ",2008
"0100-6916","CIÊNCIA DE ALIMENTOS                              ","Engenharia Agrícola (Impresso)","B2",2008
"1414-3984","CIÊNCIA DE ALIMENTOS                              ","Engenharia na Agricultura","C ",2008
"1413-4152","CIÊNCIA DE ALIMENTOS                              ","Engenharia Sanitária e Ambiental","B5",2008
"1668-3889","CIÊNCIA DE ALIMENTOS                              ","Enología (Godoy Cruz)","C ",2008
"1092-8758","CIÊNCIA DE ALIMENTOS                              ","Environmental Engineering Science","B1",2008
"1566-0745","CIÊNCIA DE ALIMENTOS                              ","Environmental Pollution (London)","C ",2008
"0141-0229","CIÊNCIA DE ALIMENTOS                              ","Enzyme and Microbial Technology","A2",2008
"1438-2377","CIÊNCIA DE ALIMENTOS                              ","European Food Research & Technology (Print)","B1",2008
"1439-6319","CIÊNCIA DE ALIMENTOS                              ","European Journal of Applied Physiology (Print)","B1",2008
"1438-7697","CIÊNCIA DE ALIMENTOS                              ","European Journal of Lipid Science and Technology (Print)","B1",2008
"0928-0987","CIÊNCIA DE ALIMENTOS                              ","European Journal of Pharmaceutical Sciences","A1",2008
"1741-4288","CIÊNCIA DE ALIMENTOS                              ","Evidence-Based Complementary and Alternative Medicine (Online)","C ",2008
"1741-427X","CIÊNCIA DE ALIMENTOS                              ","Evidence-Based Complementary and Alternative Medicine (Print)","B1",2008
"1535-3702","CIÊNCIA DE ALIMENTOS                              ","Experimental Biology and Medicine (Maywood, N.J.: Print)","A2",2008
"1806-1699","CIÊNCIA DE ALIMENTOS                              ","FAZU em Revista (Uberaba)","C ",2008
"1777-5566","CIÊNCIA DE ALIMENTOS                              ","Feedinfo News Service","C ",2008
"0378-1097","CIÊNCIA DE ALIMENTOS                              ","FEMS Microbiology Letters","A2",2008
"1567-1356","CIÊNCIA DE ALIMENTOS                              ","FEMS Yeast Research","A2",2008
"1679-172X","CIÊNCIA DE ALIMENTOS                              ","FI. Food Ingredients","C ",2008
"0920-1742","CIÊNCIA DE ALIMENTOS                              ","Fish Physiology and Biochemistry","B2",2008
"1519-9088","CIÊNCIA DE ALIMENTOS                              ","Fitness & Performance Journal (Impresso)","C ",2008
"0100-4158","CIÊNCIA DE ALIMENTOS                              ","Fitopatologia Brasileira (Impresso) (Cessou em 2007. Cont. ISSN 1982-5676 Tropical Plant Pathology (Impresso))","B3",2008
"1099-1026","CIÊNCIA DE ALIMENTOS                              ","Flavour and Fragrance Journal (Online)","C ",2008
"0179-2415","CIÊNCIA DE ALIMENTOS                              ","Fleischwirtschaft International","C ",2008
"0378-3812","CIÊNCIA DE ALIMENTOS                              ","Fluid Phase Equilibria","B1",2008
"0265-203X","CIÊNCIA DE ALIMENTOS                              ","Food Additives and Contaminants (Cessou em 2008. Foi desdobrado em dois: Food Additives & Contaminants. Part B, Surveillance e Food Additives & Contaminants. Part A, Chemistry, Analysis, Control, Exposure & Risk Assessment)","B1",2008
"1935-5130","CIÊNCIA DE ALIMENTOS                              ","FOOD AND BIOPROCESS TECHNOLOGY","B2",2008
"1935-5149","CIÊNCIA DE ALIMENTOS                              ","Food and Bioprocess Technology (On Line)","C ",2008
"0278-6915","CIÊNCIA DE ALIMENTOS                              ","Food and Chemical Toxicology","A2",2008
"0379-5721","CIÊNCIA DE ALIMENTOS                              ","Food and Nutrition Bulletin (Tokyo. Print)","B1",2008
"1557-1858","CIÊNCIA DE ALIMENTOS                              ","Food Biophysics","B1",2008
"0890-5436","CIÊNCIA DE ALIMENTOS                              ","Food Biotechnology","B2",2008
"0308-8146","CIÊNCIA DE ALIMENTOS                              ","Food Chemistry","A1",2008
"0956-7135","CIÊNCIA DE ALIMENTOS                              ","Food Control","B1",2008
"0268-005X","CIÊNCIA DE ALIMENTOS                              ","Food Hydrocolloids","A2",2008
"0740-0020","CIÊNCIA DE ALIMENTOS                              ","Food Microbiology (Print)","A1",2008
"1092-7514","CIÊNCIA DE ALIMENTOS                              ","Food Quality","B4",2008
"0950-3293","CIÊNCIA DE ALIMENTOS                              ","Food Quality and Preference","A2",2008
"0963-9969","CIÊNCIA DE ALIMENTOS                              ","Food Research International","A2",2008
"1096-1127","CIÊNCIA DE ALIMENTOS                              ","Food Science & Technology (Online)","C ",2008
"1226-7708","CIÊNCIA DE ALIMENTOS                              ","Food Science and Biotechnology (Seoul)","B3",2008
"1082-0132","CIÊNCIA DE ALIMENTOS                              ","Food Science and Technology International","B2",2008
"1344-6606","CIÊNCIA DE ALIMENTOS                              ","Food Science and Technology Research","B2",2008
"1330-9862","CIÊNCIA DE ALIMENTOS                              ","Food Technology and Biotechnology","B1",2008
"1524-8275","CIÊNCIA DE ALIMENTOS                              ","Foodservice Research International (Cessou em 2005. Fundiu-se com ISSN 1471-5732 Food Service Technology (Print) e ISSN 1748-0140 Journal of Foodservice (Print))","B4",2008
"1071-5762","CIÊNCIA DE ALIMENTOS                              ","Free Radical Research","A1",2008
"1018-4619","CIÊNCIA DE ALIMENTOS                              ","Fresenius Environmental Bulletin","B2",2008
"0939-4435","CIÊNCIA DE ALIMENTOS                              ","Fruit Processing","B3",2008
"1808-1878","CIÊNCIA DE ALIMENTOS                              ","Gene Conserve","B5",2008
"1676-5680","CIÊNCIA DE ALIMENTOS                              ","Genetics and Molecular Research","B2",2008
"0016-7061","CIÊNCIA DE ALIMENTOS                              ","Geoderma (Amsterdam)","A2",2008
"1072-6349","CIÊNCIA DE ALIMENTOS                              ","Geosynthetics International","B5",2008
"0017-3495","CIÊNCIA DE ALIMENTOS                              ","Grasas y Aceites (Sevilla)","B2",2008
"0328-4166","CIÊNCIA DE ALIMENTOS                              ","Heladería Panadería Latinoamericana","C ",2008
"1492-7535","CIÊNCIA DE ALIMENTOS                              ","Hemodialysis International","C ",2008
"1882-1723","CIÊNCIA DE ALIMENTOS                              ","High Pressure Bioscience and Biotechnology","C ",2008
"0101-9171","CIÊNCIA DE ALIMENTOS                              ","Higiene Alimentar","B5",2008
"0102-0536","CIÊNCIA DE ALIMENTOS                              ","Horticultura Brasileira (Impresso)","B4",2008
"1554-0014","CIÊNCIA DE ALIMENTOS                              ","Hybridoma (Larchmont. 2005)","B2",2008
"1445-4793","CIÊNCIA DE ALIMENTOS                              ","ICCP News","C ",2008
"1042-0940","CIÊNCIA DE ALIMENTOS                              ","Ichnos. An International Journal of Plant and Animal Traces","B5",2008
"0019-1604","CIÊNCIA DE ALIMENTOS                              ","Igaku to Seibutsugaku / Medicine and Biology","C ",2008
"1475-2689","CIÊNCIA DE ALIMENTOS                              ","In Vitro Cellular & Developmental Biology - Plant (Online)","C ",2008
"1054-5476","CIÊNCIA DE ALIMENTOS                              ","In Vitro Cellular & Developmental Biology. Plant","B2",2008
"1678-7250","CIÊNCIA DE ALIMENTOS                              ","Indústria de Laticínios","C ",2008
"0888-5885","CIÊNCIA DE ALIMENTOS                              ","Industrial & Engineering Chemistry Research","B1",2008
"0104-0219","CIÊNCIA DE ALIMENTOS                              ","Infarma (Brasília)","C ",2008
"1510-3625","CIÊNCIA DE ALIMENTOS                              ","Infopesca Internacional","C ",2008
"0100-3364","CIÊNCIA DE ALIMENTOS                              ","Informe Agropecuário (Belo Horizonte)","B5",2008
"1466-8564","CIÊNCIA DE ALIMENTOS                              ","Innovative Food Science & Emerging Technologies","B1",2008
"0964-8305","CIÊNCIA DE ALIMENTOS                              ","International Biodeterioration & Biodegradation","B1",2008
"0958-6946","CIÊNCIA DE ALIMENTOS                              ","International Dairy Journal","A2",2008
"1470-6423","CIÊNCIA DE ALIMENTOS                              ","International Journal of Consumer Studies (Print)","B3",2008
"1364-727X","CIÊNCIA DE ALIMENTOS                              ","International Journal of Dairy Technology (Print)","B1",2008
"1811-9743","CIÊNCIA DE ALIMENTOS                              ","International Journal of Diary Science (Print)","C ",2008
"0306-7319","CIÊNCIA DE ALIMENTOS                              ","International Journal of Environmental Analytical Chemistry (Print)","B1",2008
"1556-3758","CIÊNCIA DE ALIMENTOS                              ","International Journal of Food Engineering","B4",2008
"0168-1605","CIÊNCIA DE ALIMENTOS                              ","International Journal of Food Microbiology","A1",2008
"1094-2912","CIÊNCIA DE ALIMENTOS                              ","International Journal of Food Properties","B1",2008
"1365-2621","CIÊNCIA DE ALIMENTOS                              ","International Journal of Food Science & Technology (Online)","C ",2008
"0950-5423","CIÊNCIA DE ALIMENTOS                              ","International Journal of Food Science & Technology (Print)","B1",2008
"0963-7486","CIÊNCIA DE ALIMENTOS                              ","International Journal of Food Sciences and Nutrition","B1",2008
"1459-0255","CIÊNCIA DE ALIMENTOS                              ","International Journal of Food, Agriculture and Environment (Print)","B2",2008
"0307-0565","CIÊNCIA DE ALIMENTOS                              ","International Journal of Obesity","A1",2008
"1019-6439","CIÊNCIA DE ALIMENTOS                              ","International Journal of Oncology","A2",2008
"1555-1431","CIÊNCIA DE ALIMENTOS                              ","International Journal of Probiotics & Prebiotics","B4",2008
"1867-2930","CIÊNCIA DE ALIMENTOS                              ","International Review of Food Science and Technology","C ",2008
"1590-6515","CIÊNCIA DE ALIMENTOS                              ","Italian Food & Beverage Technology","B3",2008
"1120-1770","CIÊNCIA DE ALIMENTOS                              ","Italian Journal of Food Sciences","B2",2008
"1344-6304","CIÊNCIA DE ALIMENTOS                              ","Japanese Journal of Infectious Diseases (Print)","B1",2008
"1590-8577","CIÊNCIA DE ALIMENTOS                              ","JOP. Journal of the Pancreas (Online)","C ",2008
"1806-3713","CIÊNCIA DE ALIMENTOS                              ","Jornal Brasileiro de Pneumologia (Impresso)","B4",2008
"1151-0285","CIÊNCIA DE ALIMENTOS                              ","Journal International des Sciences de la Vigne et du Vin","B1",2008
"0021-8561","CIÊNCIA DE ALIMENTOS                              ","Journal of Agricultural and Food Chemistry","A2",2008
"1939-1250","CIÊNCIA DE ALIMENTOS                              ","Journal of Agricultural Science and Technology","C ",2008
"1230-1388","CIÊNCIA DE ALIMENTOS                              ","Journal of Animal and Feed Sciences","B2",2008
"0021-8812","CIÊNCIA DE ALIMENTOS                              ","Journal of Animal Science","A2",2008
"0021-8839","CIÊNCIA DE ALIMENTOS                              ","Journal of Apicultural Research","B2",2008
"1364-5072","CIÊNCIA DE ALIMENTOS                              ","Journal of Applied Microbiology (Print)","A2",2008
"1056-6171","CIÊNCIA DE ALIMENTOS                              ","Journal of Applied Poultry Research (Print)","B2",2008
"1049-8850","CIÊNCIA DE ALIMENTOS                              ","Journal of Aquatic Food Product Technology","B3",2008
"0021-9193","CIÊNCIA DE ALIMENTOS                              ","Journal of Bacteriology (Print)","A1",2008
"0233-111X","CIÊNCIA DE ALIMENTOS                              ","Journal of Basic Microbiology","B1",2008
"0168-1656","CIÊNCIA DE ALIMENTOS                              ","Journal of Biotechnology","A1",2008
"0730-2312","CIÊNCIA DE ALIMENTOS                              ","Journal of Cellular Biochemistry (Print)","A1",2008
"0733-5210","CIÊNCIA DE ALIMENTOS                              ","Journal of Cereal Science (Print)","A1",2008
"0021-9568","CIÊNCIA DE ALIMENTOS                              ","Journal of Chemical and Engineering Data","A2",2008
"0268-2575","CIÊNCIA DE ALIMENTOS                              ","Journal of Chemical Technology and Biotechnology (1986)","B1",2008
"0264-3413","CIÊNCIA DE ALIMENTOS                              ","Journal of Chemical Technology and Biotechnology. Chemical Technology (Cessou em 1985. Fundiu-se com ISSN 0264-3421 Journal of Chemical Technology and Biotechnology. Biotechnology)","B4",2008
"0021-9614","CIÊNCIA DE ALIMENTOS                              ","Journal of Chemical Thermodynamics","B1",2008
"1570-0232","CIÊNCIA DE ALIMENTOS                              ","Journal of Chromatography. B (Print)","A2",2008
"0898-929X","CIÊNCIA DE ALIMENTOS                              ","Journal of Cognitive Neuroscience","A1",2008
"0022-0302","CIÊNCIA DE ALIMENTOS                              ","Journal of Dairy Science","A2",2008
"0360-1234","CIÊNCIA DE ALIMENTOS                              ","Journal of Environmental Science and Health. Part B. Pesticides, Food Contaminants, and Agricultural Wastes","B1",2008
"0972-060X","CIÊNCIA DE ALIMENTOS                              ","Journal of Essential Oil-Bearing Plants","B5",2008
"0378-8741","CIÊNCIA DE ALIMENTOS                              ","Journal of Ethnopharmacology","A2",2008
"1356-1294","CIÊNCIA DE ALIMENTOS                              ","Journal of Evaluation in Clinical Practice (Print)","B1",2008
"0145-8884","CIÊNCIA DE ALIMENTOS                              ","Journal of Food Biochemistry","B2",2008
"0889-1575","CIÊNCIA DE ALIMENTOS                              ","Journal of Food Composition and Analysis (Print)","A2",2008
"0260-8774","CIÊNCIA DE ALIMENTOS                              ","Journal of Food Engineering","A2",2008
"0145-8876","CIÊNCIA DE ALIMENTOS                              ","Journal of Food Process Engineering","B2",2008
"0145-8892","CIÊNCIA DE ALIMENTOS                              ","Journal of Food Processing and Preservation","B2",2008
"0362-028X","CIÊNCIA DE ALIMENTOS                              ","Journal of Food Protection","B1",2008
"0146-9428","CIÊNCIA DE ALIMENTOS                              ","Journal of Food Quality","B2",2008
"0149-6085","CIÊNCIA DE ALIMENTOS                              ","Journal of Food Safety","B2",2008
"0022-1147","CIÊNCIA DE ALIMENTOS                              ","Journal of Food Science","B1",2008
"0022-1155","CIÊNCIA DE ALIMENTOS                              ","Journal of Food Science and Technology","B2",2008
"1684-8462","CIÊNCIA DE ALIMENTOS                              ","Journal of Food Technology (Faisalabad)","B5",2008
"1748-0140","CIÊNCIA DE ALIMENTOS                              ","Journal of Foodservice (Print)","B3",2008
"0304-3894","CIÊNCIA DE ALIMENTOS                              ","Journal of Hazardous Materials (Print)","A1",2008
"1532-1819","CIÊNCIA DE ALIMENTOS                              ","Journal of Immunoassay & Immunochemistry","B2",2008
"1367-5435","CIÊNCIA DE ALIMENTOS                              ","Journal of Industrial Microbiology & Biotechnology","B1",2008
"0162-0134","CIÊNCIA DE ALIMENTOS                              ","Journal of Inorganic Biochemistry","A1",2008
"0897-4438","CIÊNCIA DE ALIMENTOS                              ","Journal of International Food & Agribusiness Marketing","B3",2008
"0898-2104","CIÊNCIA DE ALIMENTOS                              ","Journal of Liposome Research","A2",2008
"0884-2914","CIÊNCIA DE ALIMENTOS                              ","Journal of Materials Research","B1",2008
"0957-4530","CIÊNCIA DE ALIMENTOS                              ","Journal of Materials Science. Materials in Medicine","B1",2008
"1096-620X","CIÊNCIA DE ALIMENTOS                              ","Journal of Medicinal Food","B1",2008
"0376-7388","CIÊNCIA DE ALIMENTOS                              ","Journal of Membrane Science (Print)","A1",2008
"1017-7825","CIÊNCIA DE ALIMENTOS                              ","Journal of Microbiology and Biotechnology (Print)","B4",2008
"0265-2048","CIÊNCIA DE ALIMENTOS                              ","Journal of Microencapsulation","B1",2008
"0022-2836","CIÊNCIA DE ALIMENTOS                              ","Journal of Molecular Biology","A1",2008
"1381-1177","CIÊNCIA DE ALIMENTOS                              ","Journal of Molecular Catalysis. B, Enzymatic (Print)","A2",2008
"0166-1280","CIÊNCIA DE ALIMENTOS                              ","Journal of Molecular Structure. Theochem (Print)","B1",2008
"0731-7085","CIÊNCIA DE ALIMENTOS                              ","Journal of Pharmaceutical and Biomedical Analysis (Print)","A1",2008
"0022-3654","CIÊNCIA DE ALIMENTOS                              ","Journal of Physical Chemistry (1952) (Cessou em 1996. Cont. ISSN 1089-5639 The Journal of Physical Chemistry. A e ISSN 1520-6106 Journal of Physical Chemistry. B","B4",2008
"1520-6106","CIÊNCIA DE ALIMENTOS                              ","Journal of Physical Chemistry. B","A1",2008
"1138-7548","CIÊNCIA DE ALIMENTOS                              ","Journal of Physiology and Biochemistry","B1",2008
"0160-3477","CIÊNCIA DE ALIMENTOS                              ","Journal of Post Keynesian Economics","B2",2008
"0236-5731","CIÊNCIA DE ALIMENTOS                              ","Journal of Radioanalytical and Nuclear Chemistry (Print)","B2",2008
"0378-2409","CIÊNCIA DE ALIMENTOS                              ","Journal of Root Crops","C ",2008
"0887-8250","CIÊNCIA DE ALIMENTOS                              ","Journal of Sensory Studies","B1",2008
"0718-2724","CIÊNCIA DE ALIMENTOS                              ","Journal of Technology Management & Innovation","B5",2008
"0022-4901","CIÊNCIA DE ALIMENTOS                              ","Journal of Texture Studies","B1",2008
"0002-7863","CIÊNCIA DE ALIMENTOS                              ","Journal of the American Chemical Society (Print)","A1",2008
"0003-021X","CIÊNCIA DE ALIMENTOS                              ","Journal of the American Oil Chemists' Society","B1",2008
"0103-5053","CIÊNCIA DE ALIMENTOS                              ","Journal of the Brazilian Chemical Society (Impresso)","B1",2008
"0046-9750","CIÊNCIA DE ALIMENTOS                              ","Journal of the Institute of Brewing","B2",2008
"0022-5142","CIÊNCIA DE ALIMENTOS                              ","Journal of the Science of Food and Agriculture","B1",2008
"1097-0010","CIÊNCIA DE ALIMENTOS                              ","Journal of the Science of Food and Agriculture (Online)","C ",2008
"0352-5139","CIÊNCIA DE ALIMENTOS                              ","Journal of the Serbian Chemical Society","B2",2008
"1388-6150","CIÊNCIA DE ALIMENTOS                              ","Journal of Thermal Analysis and Calorimetry","B1",2008
"0731-3837","CIÊNCIA DE ALIMENTOS                              ","Journal of Toxicology. Toxin Reviews (Cessou em 2004. Cont. ISSN 1556-9543 Toxin Reviews (Print))","B4",2008
"0278-4297","CIÊNCIA DE ALIMENTOS                              ","Journal of Ultrasound in Medicine","B1",2008
"0148-6071","CIÊNCIA DE ALIMENTOS                              ","JPEN. Journal of Parenteral and Enteral Nutrition","B1",2008
"1013-9826","CIÊNCIA DE ALIMENTOS                              ","Key Engineering Materials","B5",2008
"3223-7898","CIÊNCIA DE ALIMENTOS                              ","Latin American Journal or Pharmacy","C ",2008
"0023-9143","CIÊNCIA DE ALIMENTOS                              ","Lavoura Arrozeira","B4",2008
"0023-7302","CIÊNCIA DE ALIMENTOS                              ","Le Lait (Paris. Print) (Cessou em 2007. Cont. ISSN 1958-5586, Dairy Science & Technology)","B1",2008
"0023-6438","CIÊNCIA DE ALIMENTOS                              ","Lebensmittel-Wissenschaft + Technologie / Food Science + Technology","B1",2008
"1807-9733","CIÊNCIA DE ALIMENTOS                              ","Leite & Derivados","C ",2008
"0266-8254","CIÊNCIA DE ALIMENTOS                              ","Letters in Applied Microbiology","B1",2008
"0024-3205","CIÊNCIA DE ALIMENTOS                              ","Life Sciences (1973)","A2",2008
"0024-4201","CIÊNCIA DE ALIMENTOS                              ","Lipids","B1",2008
"1476-511X","CIÊNCIA DE ALIMENTOS                              ","Lipids in Health and Disease","A2",2008
"1022-1360","CIÊNCIA DE ALIMENTOS                              ","Macromolecular Symposia","B5",2008
"0102-5333","CIÊNCIA DE ALIMENTOS                              ","Magistra","C ",2008
"1477-7835","CIÊNCIA DE ALIMENTOS                              ","Management of Environmental Quality","B5",2008
"1517-7076","CIÊNCIA DE ALIMENTOS                              ","Matéria (UFRJ)","B5",2008
"1516-1439","CIÊNCIA DE ALIMENTOS                              ","Materials Research (São Carlos. Impresso)","B5",2008
"0921-5107","CIÊNCIA DE ALIMENTOS                              ","Materials Science & Engineering. B, Solid-State Materials for Advanced Technology","B1",2008
"0928-4931","CIÊNCIA DE ALIMENTOS                              ","Materials Science & Engineering. C, Biomimetic Materials, Sensors and Systems (Print)","B1",2008
"0378-5122","CIÊNCIA DE ALIMENTOS                              ","Maturitas (Amsterdam)","A2",2008
"0309-1740","CIÊNCIA DE ALIMENTOS                              ","Meat Science","A2",2008
"0074-0276","CIÊNCIA DE ALIMENTOS                              ","Memórias do Instituto Oswaldo Cruz (Impresso)","B1",2008
"0860-8229","CIÊNCIA DE ALIMENTOS                              ","Metrologia i Systemy Pomiarowe / Metrology and Measuring Systems","C ",2008
"0944-5013","CIÊNCIA DE ALIMENTOS                              ","Microbiological Research (Print)","A2",2008
"0026-3788","CIÊNCIA DE ALIMENTOS                              ","Milchwissenschaft / Milk Science International","B2",2008
"0027-5107","CIÊNCIA DE ALIMENTOS                              ","Mutation Research (Print)","A1",2008
"1383-5718","CIÊNCIA DE ALIMENTOS                              ","Mutation Research. Genetic Toxicology and Environmental Mutagenesis","A2",2008
"0301-486X","CIÊNCIA DE ALIMENTOS                              ","Mycopathologia (1975. Print)","B1",2008
"1679-6225","CIÊNCIA DE ALIMENTOS                              ","Neotropical Ichthyology (Impresso)","B2",2008
"1660-2110","CIÊNCIA DE ALIMENTOS                              ","Nephron. Clinical Practice","B1",2008
"0304-3940","CIÊNCIA DE ALIMENTOS                              ","Neuroscience Letters (Print)","A2",2008
"0161-813X","CIÊNCIA DE ALIMENTOS                              ","Neurotoxicology (Park Forest South)","A2",2008
"0143-3636","CIÊNCIA DE ALIMENTOS                              ","Nuclear Medicine Communications","B1",2008
"0212-1611","CIÊNCIA DE ALIMENTOS                              ","Nutrición Hospitalaria","B1",2008
"1519-8928","CIÊNCIA DE ALIMENTOS                              ","Nutrire (São Paulo)","B5",2008
"0034-6659","CIÊNCIA DE ALIMENTOS                              ","Nutrition & Food Science","B3",2008
"0899-9007","CIÊNCIA DE ALIMENTOS                              ","Nutrition (Burbank, Los Angeles County, Calif.)","A2",2008
"1446-6368","CIÊNCIA DE ALIMENTOS                              ","Nutrition and Dietetics","B4",2008
"0884-5336","CIÊNCIA DE ALIMENTOS                              ","Nutrition in Clinical Practice","B5",2008
"0271-5317","CIÊNCIA DE ALIMENTOS                              ","Nutrition Research (New York, N.Y.)","B2",2008
"1071-7323","CIÊNCIA DE ALIMENTOS                              ","Obesity Research (Cessou em 2005. Cont. ISSN 1930-7381 Obesity (Silver Spring, Md.))","B2",2008
"0960-8923","CIÊNCIA DE ALIMENTOS                              ","Obesity Surgery","A1",2008
"0101-5273","CIÊNCIA DE ALIMENTOS                              ","Oikos (Viçosa, Mg)","C ",2008
"1678-8419","CIÊNCIA DE ALIMENTOS                              ","P@rtes (São Paulo)","C ",2008
"0894-3214","CIÊNCIA DE ALIMENTOS                              ","Packaging Technology & Science (Print)","B1",2008
"1099-1522","CIÊNCIA DE ALIMENTOS                              ","Packaging Technology and Science (Online)","C ",2008
"1680-5194","CIÊNCIA DE ALIMENTOS                              ","Pakistan Journal of Nutrition","B5",2008
"0932-0113","CIÊNCIA DE ALIMENTOS                              ","Parasitology Research (1987. Print)","B1",2008
"0187-5337","CIÊNCIA DE ALIMENTOS                              ","Perinatología y Reproducción Humana","B5",2008
"1749-8848","CIÊNCIA DE ALIMENTOS                              ","Perspectives in Agriculture, Veterinary Science, Nutrition and Natural Resources","C ",2008
"0100-204X","CIÊNCIA DE ALIMENTOS                              ","Pesquisa Agropecuária Brasileira (1977. Impressa)","B2",2008
"1517-6398","CIÊNCIA DE ALIMENTOS                              ","Pesquisa Agropecuária Tropical (Impresso)","B3",2008
"0100-736X","CIÊNCIA DE ALIMENTOS                              ","Pesquisa Veterinária Brasileira (Impresso)","B2",2008
"0103-7277","CIÊNCIA DE ALIMENTOS                              ","Pesticidas (UFPR)","B5",2008
"0973-1296","CIÊNCIA DE ALIMENTOS                              ","Pharmacognosy Magazine","C ",2008
"0973-7847","CIÊNCIA DE ALIMENTOS                              ","Pharmacognosy Reviews","C ",2008
"0958-0344","CIÊNCIA DE ALIMENTOS                              ","Phytochemical Analysis","B1",2008
"0031-9422","CIÊNCIA DE ALIMENTOS                              ","Phytochemistry","A1",2008
"0944-7113","CIÊNCIA DE ALIMENTOS                              ","Phytomedicine (Stuttgart)","A2",2008
"0143-4004","CIÊNCIA DE ALIMENTOS                              ","Placenta (Eastbourne)","A1",2008
"0032-0781","CIÊNCIA DE ALIMENTOS                              ","Plant and Cell Physiology","A1",2008
"0921-9668","CIÊNCIA DE ALIMENTOS                              ","Plant Foods for Human Nutrition (Dordrecht)","B1",2008
"0167-4412","CIÊNCIA DE ALIMENTOS                              ","Plant Molecular Biology","A1",2008
"0168-9452","CIÊNCIA DE ALIMENTOS                              ","Plant Science (Limerick)","B1",2008
"0100-8358","CIÊNCIA DE ALIMENTOS                              ","Planta Daninha (Impresso)","B4",2008
"0142-9418","CIÊNCIA DE ALIMENTOS                              ","Polymer Testing","B1",2008
"0925-5214","CIÊNCIA DE ALIMENTOS                              ","Postharvest Biology and Technology (Print)","A2",2008
"0032-5791","CIÊNCIA DE ALIMENTOS                              ","Poultry Science (Print)","B1",2008
"1359-5113","CIÊNCIA DE ALIMENTOS                              ","Process Biochemistry (1991)","A2",2008
"1450-5029","CIÊNCIA DE ALIMENTOS                              ","PTEP. Procesna Tehnika i Energetika u Poljoprivredi","C ",2008
"0104-8570","CIÊNCIA DE ALIMENTOS                              ","Publicatio UEPG","C ",2008
"1809-0273","CIÊNCIA DE ALIMENTOS                              ","Publicatio UEPG. Ciências Biológicas e da Saúde (Online)","C ",2008
"1676-8477","CIÊNCIA DE ALIMENTOS                              ","Publicatio UEPG. Ciências Exatas e da Terra, Ciências Agrárias e Engenharias (Impresso)","C ",2008
"1982-1263","CIÊNCIA DE ALIMENTOS                              ","Pubvet (Londrina)","C ",2008
"0100-4042","CIÊNCIA DE ALIMENTOS                              ","Química Nova (Impresso)","B2",2008
"1678-7064","CIÊNCIA DE ALIMENTOS                              ","Química Nova (Online)","B5",2008
"1350-4487","CIÊNCIA DE ALIMENTOS                              ","Radiation Measurements","B1",2008
"0969-806X","CIÊNCIA DE ALIMENTOS                              ","Radiation Physics and Chemistry (1993)","B2",2008
"1516-9332","CIÊNCIA DE ALIMENTOS                              ","RBCF. Revista Brasileira de Ciências Farmacêuticas (Cessou em 2008. Cont. ISSN 1984-8250 Brazilian Journal of Pharmaceutical Sciences)","B3",2008
"1872-2121","CIÊNCIA DE ALIMENTOS                              ","Recent Patents in Engineering","C ",2008
"0103-989X","CIÊNCIA DE ALIMENTOS                              ","Revista Acadêmica: Ciências Agrárias e Ambientais (PUCPR. Impresso)","B5",2008
"1807-9741","CIÊNCIA DE ALIMENTOS                              ","Revista Aqüicultura & Pesca","C ",2008
"0325-7541","CIÊNCIA DE ALIMENTOS                              ","Revista Argentina de Microbiología","B2",2008
"0104-8996","CIÊNCIA DE ALIMENTOS                              ","Revista Brasileira de Agrociencia (UFPEL)","B5",2008
"0370-369X","CIÊNCIA DE ALIMENTOS                              ","Revista Brasileira de Analises Clinicas","C ",2008
"0100-3518","CIÊNCIA DE ALIMENTOS                              ","Revista Brasileira de Armazenamento","B3",2008
"0100-8404","CIÊNCIA DE ALIMENTOS                              ","Revista Brasileira de Botânica (Impresso)","B3",2008
"1516-635X","CIÊNCIA DE ALIMENTOS                              ","Revista Brasileira de Ciência Avícola / Brazilian Journal of Poultry Science","B4",2008
"1413-0130","CIÊNCIA DE ALIMENTOS                              ","Revista Brasileira de Ciência Veterinária (Impresso)","B5",2008
"1415-8426","CIÊNCIA DE ALIMENTOS                              ","Revista Brasileira de Cineantropometria & Desempenho Humano (Impresso)","C ",2008
"1415-4366","CIÊNCIA DE ALIMENTOS                              ","Revista Brasileira de Engenharia Agrícola e Ambiental (Impresso)","B4",2008
"1981-7061","CIÊNCIA DE ALIMENTOS                              ","Revista Brasileira de Engenharia de Biossistemas (UNICAMP)","C ",2008
"1415-790X","CIÊNCIA DE ALIMENTOS                              ","Revista Brasileira de Epidemiologia (Impresso)","B5",2008
"0370-372X","CIÊNCIA DE ALIMENTOS                              ","Revista Brasileira de Farmacia","C ",2008
"0102-695X","CIÊNCIA DE ALIMENTOS                              ","Revista Brasileira de Farmacognosia (Impresso)","B5",2008
"1413-3555","CIÊNCIA DE ALIMENTOS                              ","Revista Brasileira de Fisioterapia (Impresso)","B5",2008
"0100-2945","CIÊNCIA DE ALIMENTOS                              ","Revista Brasileira de Fruticultura (Impresso)","B4",2008
"1981-2965","CIÊNCIA DE ALIMENTOS                              ","Revista Brasileira de Higiene e Sanidade Animal","C ",2008
"1517-8692","CIÊNCIA DE ALIMENTOS                              ","Revista Brasileira de Medicina do Esporte (Impresso)","B4",2008
"0100-2430","CIÊNCIA DE ALIMENTOS                              ","Revista Brasileira de Medicina Veterinária","B5",2008
"1676-689X","CIÊNCIA DE ALIMENTOS                              ","Revista Brasileira de Milho e Sorgo (Impresso)","B5",2008
"1981-9552","CIÊNCIA DE ALIMENTOS                              ","Revista Brasileira de Nutrição Animal","C ",2008
"0103-7196","CIÊNCIA DE ALIMENTOS                              ","Revista Brasileira de Nutrição Clínica","C ",2008
"1516-0572","CIÊNCIA DE ALIMENTOS                              ","Revista Brasileira de Plantas Medicinais (Impresso)","B2",2008
"1517-8595","CIÊNCIA DE ALIMENTOS                              ","Revista Brasileira de Produtos Agroindustriais","B5",2008
"1981-3686","CIÊNCIA DE ALIMENTOS                              ","Revista Brasileira de Tecnologia Agroindustrial","C ",2008
"0103-507X","CIÊNCIA DE ALIMENTOS                              ","Revista Brasileira de Terapia Intensiva (Impresso)","B5",2008
"1415-2983","CIÊNCIA DE ALIMENTOS                              ","Revista Brasileira de Toxicologia","C ",2008
"1516-3598","CIÊNCIA DE ALIMENTOS                              ","Revista Brasileira de Zootecnia / Brazilian Journal of Animal Science","B2",2008
"0034-737X","CIÊNCIA DE ALIMENTOS                              ","Revista Ceres","B4",2008
"0045-6888","CIÊNCIA DE ALIMENTOS                              ","Revista Ciência Agronômica (UFC. Impresso)","B5",2008
"1518-0352","CIÊNCIA DE ALIMENTOS                              ","Revista Ciências Exatas e Naturais (Impresso)","C ",2008
"1807-6912","CIÊNCIA DE ALIMENTOS                              ","Revista Científica da FAMINAS","C ",2008
"1679-7353","CIÊNCIA DE ALIMENTOS                              ","Revista Científica Eletrônica de Medicina Veterinária","C ",2008
"1808-6578","CIÊNCIA DE ALIMENTOS                              ","Revista Conexão UEPG","C ",2008
"0104-4230","CIÊNCIA DE ALIMENTOS                              ","Revista da Associação Médica Brasileira (1992. Impresso)","B4",2008
"1516-1234","CIÊNCIA DE ALIMENTOS                              ","Revista da FAE","C ",2008
"1808-477X","CIÊNCIA DE ALIMENTOS                              ","Revista da FAPESE de Pesquisa e Extensão","C ",2008
"0103-8559","CIÊNCIA DE ALIMENTOS                              ","Revista da Sociedade de Cardiologia do Estado de Sao Paulo","C ",2008
"0873-4364","CIÊNCIA DE ALIMENTOS                              ","Revista de Alimentação Humana","C ",2008
"1983-4772","CIÊNCIA DE ALIMENTOS                              ","Revista de Ciências da Vida","C ",2008
"1808-4532","CIÊNCIA DE ALIMENTOS                              ","Revista de Ciências Farmacêuticas Básica e Aplicada","B5",2008
"1415-5796","CIÊNCIA DE ALIMENTOS                              ","Revista de Ciências Médicas (PUCCAMP)","B5",2008
"1679-981X","CIÊNCIA DE ALIMENTOS                              ","Revista de Ciências Veterinárias (Leme)","C ",2008
"0102-8464","CIÊNCIA DE ALIMENTOS                              ","Revista de Educação Física - Escola de Educação Física do Exército","C ",2008
"1415-5273","CIÊNCIA DE ALIMENTOS                              ","Revista de Nutrição (Impresso)","B3",2008
"0103-1627","CIÊNCIA DE ALIMENTOS                              ","Revista de Nutrição da PUCCAMP (Cessou em 1997. Cont. ISSN 1415-5273 Revista de Nutrição (Impresso))","B5",2008
"0101-1774","CIÊNCIA DE ALIMENTOS                              ","Revista de Odontologia da UNESP (Impresso)","C ",2008
"1807-2577","CIÊNCIA DE ALIMENTOS                              ","Revista de Odontologia da UNESP (Online)","C ",2008
"0301-0406","CIÊNCIA DE ALIMENTOS                              ","Revista de Patologia Tropical (Impresso)","B4",2008
"0103-3093","CIÊNCIA DE ALIMENTOS                              ","Revista do CEPA","C ",2008
"0073-9855","CIÊNCIA DE ALIMENTOS                              ","Revista do Instituto Adolfo Lutz (Impresso)","B2",2008
"0100-3674","CIÊNCIA DE ALIMENTOS                              ","Revista do Instituto de Latícinios Cândido Tostes","B3",2008
"0036-4665","CIÊNCIA DE ALIMENTOS                              ","Revista do Instituto de Medicina Tropical de São Paulo (Impresso)","B3",2008
"1131-799X","CIÊNCIA DE ALIMENTOS                              ","Revista Española de Ciencia y Tecnología de Alimentos (Cessou em 1995. Cont. ISSN 1082-0132 Food Science and Technology International)","B3",2008
"0121-6651","CIÊNCIA DE ALIMENTOS                              ","Revista Iberoamericana de Polimeros","C ",2008
"1665-0204","CIÊNCIA DE ALIMENTOS                              ","Revista Iberoamericana de Tecnologia Postcosecha","C ",2008
"1413-4837","CIÊNCIA DE ALIMENTOS                              ","Revista Nacional da Carne","C ",2008
"0103-0582","CIÊNCIA DE ALIMENTOS                              ","Revista Paulista de Pediatria (Impresso)","B5",2008
"1808-981X","CIÊNCIA DE ALIMENTOS                              ","Revista Raízes e Amidos Tropicais","C ",2008
"1516-5787","CIÊNCIA DE ALIMENTOS                              ","Revista Saúde e Ambiente (UFMT)","C ",2008
"1807-5053","CIÊNCIA DE ALIMENTOS                              ","Revista Uningá","C ",2008
"0104-7264","CIÊNCIA DE ALIMENTOS                              ","Revista Universidade Rural. Série Ciências da Vida (Cessou em 2007. Cont. ISSN 1983-4772 Revista de Ciências da Vida)","B5",2008
"1695-4262","CIÊNCIA DE ALIMENTOS                              ","Schironia (Madrid)","C ",2008
"0048-9697","CIÊNCIA DE ALIMENTOS                              ","Science of the Total Environment","A2",2008
"0103-9016","CIÊNCIA DE ALIMENTOS                              ","Scientia Agrícola (USP. Impresso)","B2",2008
"0304-4238","CIÊNCIA DE ALIMENTOS                              ","Scientia Horticulturae","B2",2008
"1806-5562","CIÊNCIA DE ALIMENTOS                              ","Scientia Medica (PUCRS. Impresso)","C ",2008
"1808-8023","CIÊNCIA DE ALIMENTOS                              ","Segurança Alimentar e Nutricional","C ",2008
"0101-3742","CIÊNCIA DE ALIMENTOS                              ","Semina (Londrina)","B3",2008
"1676-546X","CIÊNCIA DE ALIMENTOS                              ","Semina. Ciências Agrárias (Impresso)","B5",2008
"1679-0359","CIÊNCIA DE ALIMENTOS                              ","Semina. Ciências Agrárias (Online)","C ",2008
"1679-0367","CIÊNCIA DE ALIMENTOS                              ","Semina. Ciências Biológicas e da Saúde (Online)","C ",2008
"1676-5451","CIÊNCIA DE ALIMENTOS                              ","Semina. Ciências Exatas e Tecnológicas (Impresso)","B5",2008
"1383-5866","CIÊNCIA DE ALIMENTOS                              ","Separation and Purification Technology (Print)","A2",2008
"0149-6395","CIÊNCIA DE ALIMENTOS                              ","Separation Science and Technology (Print)","B1",2008
"1982-2693","CIÊNCIA DE ALIMENTOS                              ","Série CEPPAC","C ",2008
"1983-3253","CIÊNCIA DE ALIMENTOS                              ","Simbio-Logias (Botucatu)","C ",2008
"0038-0717","CIÊNCIA DE ALIMENTOS                              ","Soil Biology & Biochemistry","A1",2008
"1695-971X","CIÊNCIA DE ALIMENTOS                              ","Spanish Journal of Agricultural Research","B2",2008
"0102-1214","CIÊNCIA DE ALIMENTOS                              ","STAB (Piracicaba)","B5",2008
"0038-9056","CIÊNCIA DE ALIMENTOS                              ","Stärke (Weinheim)","B1",2008
"0870-4287","CIÊNCIA DE ALIMENTOS                              ","Stoma (Lisboa)","B5",2008
"0100-5405","CIÊNCIA DE ALIMENTOS                              ","Summa Phytopathologica (Impresso)","B2",2008
,"CIÊNCIA DE ALIMENTOS                              ","Symposium Brazil-Japan in Economy, Science, and Technological Innovation","C ",2008
"0039-9140","CIÊNCIA DE ALIMENTOS                              ","Talanta (Oxford)","A1",2008
"1415-6229","CIÊNCIA DE ALIMENTOS                              ","Tecno-Lógica (UNISC)","C ",2008
"1982-2871","CIÊNCIA DE ALIMENTOS                              ","Tecnologia & Ciência Agropecuária","C ",2008
"1951-6355","CIÊNCIA DE ALIMENTOS                              ","The European Physical Journal. Special Topics","B2",2008
"0892-6638","CIÊNCIA DE ALIMENTOS                              ","The FASEB Journal","A1",2008
"1537-064X","CIÊNCIA DE ALIMENTOS                              ","The Journal of Applied Research","B5",2008
"0832-7823","CIÊNCIA DE ALIMENTOS                              ","The Journal of Microwave Power and Electromagnetic Energy","B4",2008
"0022-3166","CIÊNCIA DE ALIMENTOS                              ","The Journal of Nutrition (Print)","A1",2008
"0896-8446","CIÊNCIA DE ALIMENTOS                              ","The Journal of Supercritical Fluids","A2",2008
"1874-1231","CIÊNCIA DE ALIMENTOS                              ","The Open Chemical Engineering Journal","C ",2008
"1537-6524","CIÊNCIA DE ALIMENTOS                              ","Toxicology Mechanisms and Methods (Online)","B2",2008
"0946-2104","CIÊNCIA DE ALIMENTOS                              ","Trace Elements and Electrolytes","B2",2008
"0041-1345","CIÊNCIA DE ALIMENTOS                              ","Transplantation Proceedings","B1",2008
"1752-3753","CIÊNCIA DE ALIMENTOS                              ","Tree and Forestry Science and Biotechnology","C ",2008
"0041-3291","CIÊNCIA DE ALIMENTOS                              ","Tropical Science","B3",2008
"1350-4177","CIÊNCIA DE ALIMENTOS                              ","Ultrasonics Sonochemistry","A1",2008
"1517-2570","CIÊNCIA DE ALIMENTOS                              ","UNOPAR Científica. Ciências Biológicas e da Saúde","B3",2008
"0102-7352","CIÊNCIA DE ALIMENTOS                              ","Vetor (FURG)","C ",2008
"1518-5192","CIÊNCIA DE ALIMENTOS                              ","Visão Acadêmica (Curitiba. Impresso)","C ",2008
"1518-8361","CIÊNCIA DE ALIMENTOS                              ","Visão Acadêmica (Online)","C ",2008
"1806-6402","CIÊNCIA DE ALIMENTOS                              ","Visão Agrícola (USP / ESALQ)","C ",2008
"0121-4004","CIÊNCIA DE ALIMENTOS                              ","Vitae (Medellín)","B5",2008
"1413-3563","CIÊNCIA DE ALIMENTOS                              ","Vittale (FURG)","C ",2008
"1096-3669","CIÊNCIA DE ALIMENTOS                              ","Waste Management & Research (Online)","B2",2008
"1817-3047","CIÊNCIA DE ALIMENTOS                              ","World Journal of Agricultural Sciences (Print)","C ",2008
"0959-3993","CIÊNCIA DE ALIMENTOS                              ","World Journal of Microbiology & Biotechnology","B2",2008
"1875-0710","CIÊNCIA DE ALIMENTOS                              ","World Mycotoxin Journal (Print)","C ",2008
"0939-5075","CIÊNCIA DE ALIMENTOS                              ","Zeitschrift für Naturforschung. C, A Journal of Biosciences","B2",2008
"1863-1959","CIÊNCIA DE ALIMENTOS                              ","Zoonoses and Public Health (Print)","C ",2008
