"1137-8204","FILOSOFIA / TEOLOGIA:subcomissão FILOSOFIA        ","A Parte Rei (Sociedad de Estudios Filosóficos ""Juan Blanco"")","B3",2008
"1807-9792","FILOSOFIA / TEOLOGIA:subcomissão FILOSOFIA        ","Abstracta : linguagem, mente e ação (Niterói)","B3",2008
"1809-3604","FILOSOFIA / TEOLOGIA:subcomissão FILOSOFIA        ","Academos (São Bernardo do Campo)","B5",2008
"0329-9147","FILOSOFIA / TEOLOGIA:subcomissão FILOSOFIA        ","Acheronta (En línea)","B1",2008
"1698-5486","FILOSOFIA / TEOLOGIA:subcomissão FILOSOFIA        ","Acontecimiento (Madrid)","C ",2008
"0353-5150","FILOSOFIA / TEOLOGIA:subcomissão FILOSOFIA        ","Acta Analytica","B1",2008
"0188-8145","FILOSOFIA / TEOLOGIA:subcomissão FILOSOFIA        ","Acta Comportamentalia","B2",2008
"0355-1792","FILOSOFIA / TEOLOGIA:subcomissão FILOSOFIA        ","Acta Philosophica Fennica","A2",2008
"1679-7361","FILOSOFIA / TEOLOGIA:subcomissão FILOSOFIA        ","Acta Scientiarum. Human and Social Sciences (Impresso) (Cessou em 2007. Cont. ISSN 1983-4675 Acta Scientiarum. Language and Culture (Impresso))","B3",2008
"0102-4264","FILOSOFIA / TEOLOGIA:subcomissão FILOSOFIA        ","Acta Semiótica et Linguística","B3",2008
"0095-3997","FILOSOFIA / TEOLOGIA:subcomissão FILOSOFIA        ","Administration & Society","A2",2008
"1980-8224","FILOSOFIA / TEOLOGIA:subcomissão FILOSOFIA        ","Adverbum (Campinas)","B5",2008
"1850-6267","FILOSOFIA / TEOLOGIA:subcomissão FILOSOFIA        ","Afuera. Estudios de Crítica Cultural (En línea)","B5",2008
"1808-3307","FILOSOFIA / TEOLOGIA:subcomissão FILOSOFIA        ","Agnes (PUCSP)","B4",2008
"1516-1498","FILOSOFIA / TEOLOGIA:subcomissão FILOSOFIA        ","Ágora ( PPGTP/UFRJ)","B2",2008
"1414-0454","FILOSOFIA / TEOLOGIA:subcomissão FILOSOFIA        ","Ágora (UNISC)","B5",2008
"1679-5385","FILOSOFIA / TEOLOGIA:subcomissão FILOSOFIA        ","Ágora Filosófica (UNICAP. Impresso)","B5",2008
"1981-7827","FILOSOFIA / TEOLOGIA:subcomissão FILOSOFIA        ","Aisthe (Online)","B3",2008
"1518-8728","FILOSOFIA / TEOLOGIA:subcomissão FILOSOFIA        ","Alceu (PUCRJ)","B4",2008
"1808-5148","FILOSOFIA / TEOLOGIA:subcomissão FILOSOFIA        ","Alegrar (Campinas)","C ",2008
"1679-3749","FILOSOFIA / TEOLOGIA:subcomissão FILOSOFIA        ","Aletria (UFMG)","B2",2008
"1519-1893","FILOSOFIA / TEOLOGIA:subcomissão FILOSOFIA        ","Alter (Rio de Janeiro)","B5",2008
"0104-8465","FILOSOFIA / TEOLOGIA:subcomissão FILOSOFIA        ","Anais de Filosofia (UFSJ) (Cessou em 2002. Cont. ISSN 1982-9124 Estudos Filosóficos)","B5",2008
"1982-5323","FILOSOFIA / TEOLOGIA:subcomissão FILOSOFIA        ","Anais de Filosofia Clássica (Online)","B3",2008
"1518-6520","FILOSOFIA / TEOLOGIA:subcomissão FILOSOFIA        ","Analecta (UNICENTRO)","B5",2008
"0211-2337","FILOSOFIA / TEOLOGIA:subcomissão FILOSOFIA        ","Anales del Seminario de Historia de la Filosofía","B3",2008
"1678-8087","FILOSOFIA / TEOLOGIA:subcomissão FILOSOFIA        ","Análise & Síntese","B5",2008
"0870-3124","FILOSOFIA / TEOLOGIA:subcomissão FILOSOFIA        ","Análise (Lisboa)","B3",2008
"1678-3468","FILOSOFIA / TEOLOGIA:subcomissão FILOSOFIA        ","Analógos (PUCRJ)","B5",2008
"0003-2638","FILOSOFIA / TEOLOGIA:subcomissão FILOSOFIA        ","Analysis (Oxford. Print)","A2",2008
"1414-3003","FILOSOFIA / TEOLOGIA:subcomissão FILOSOFIA        ","Analytica (UFRJ)","B1",2008
"1984-3356","FILOSOFIA / TEOLOGIA:subcomissão FILOSOFIA        ","Antíteses (Londrina)","B3",2008
"0096-3003","FILOSOFIA / TEOLOGIA:subcomissão FILOSOFIA        ","Applied Mathematics and Computation","A1",2008
"1678-7846","FILOSOFIA / TEOLOGIA:subcomissão FILOSOFIA        ","Aprender (Vitória da Conquista)","B5",2008
"1808-5733","FILOSOFIA / TEOLOGIA:subcomissão FILOSOFIA        ","Aquinate (Niterói)","B5",2008
"1806-8774","FILOSOFIA / TEOLOGIA:subcomissão FILOSOFIA        ","ARBS. Annual Review of Biomedical Sciences (Online)","B5",2008
"0390-0592","FILOSOFIA / TEOLOGIA:subcomissão FILOSOFIA        ","Archeologia Medievale","B2",2008
"0003-9101","FILOSOFIA / TEOLOGIA:subcomissão FILOSOFIA        ","Archiv für Geschichte der Philosophie","A1",2008
"0003-9632","FILOSOFIA / TEOLOGIA:subcomissão FILOSOFIA        ","Archives de Philosophie","A2",2008
"1769-681X","FILOSOFIA / TEOLOGIA:subcomissão FILOSOFIA        ","Archives de Philosophie (En ligne)","A2",2008
"1806-5627","FILOSOFIA / TEOLOGIA:subcomissão FILOSOFIA        ","Argumentos (Unimontes)","B5",2008
"1808-5326","FILOSOFIA / TEOLOGIA:subcomissão FILOSOFIA        ","Arquipélago (Porto Alegre)","B5",2008
"1809-8274","FILOSOFIA / TEOLOGIA:subcomissão FILOSOFIA        ","Artefilosofia (UFOP)","B2",2008
"0210-4466","FILOSOFIA / TEOLOGIA:subcomissão FILOSOFIA        ","Asclepio (Madrid)","B3",2008
"1679-2378","FILOSOFIA / TEOLOGIA:subcomissão FILOSOFIA        ","Athena (Curitiba)","C ",2008
"0392-1336","FILOSOFIA / TEOLOGIA:subcomissão FILOSOFIA        ","Atti - Istituto Veneto di Scienze, Lettere ed Arti. Classe di Scienze Morali, Lettere ed Arti","B1",2008
"1982-6672","FILOSOFIA / TEOLOGIA:subcomissão FILOSOFIA        ","Aurora (PUCSP. Online)","B5",2008
"1982-8004","FILOSOFIA / TEOLOGIA:subcomissão FILOSOFIA        ","Aurora (UNESP. Marília)","B5",2008
"0004-8402","FILOSOFIA / TEOLOGIA:subcomissão FILOSOFIA        ","Australasian Journal of Philosophy","A1",2008
"1982-0518","FILOSOFIA / TEOLOGIA:subcomissão FILOSOFIA        ","Bagoas : Revista de Estudos Gays","C ",2008
"0104-6578","FILOSOFIA / TEOLOGIA:subcomissão FILOSOFIA        ","Barbarói (UNISC. Impresso)","B4",2008
"0525-5708","FILOSOFIA / TEOLOGIA:subcomissão FILOSOFIA        ","Barroco (Belo Horizonte)","B4",2008
"0140-525X","FILOSOFIA / TEOLOGIA:subcomissão FILOSOFIA        ","Behavioral and Brain Sciences (Print)","A1",2008
"0166-4328","FILOSOFIA / TEOLOGIA:subcomissão FILOSOFIA        ","Behavioural Brain Research","A1",2008
"1981-8254","FILOSOFIA / TEOLOGIA:subcomissão FILOSOFIA        ","Bioethikós (Centro Universitário São Camilo)","B3",2008
"0104-1401","FILOSOFIA / TEOLOGIA:subcomissão FILOSOFIA        ","Bioética (Brasília) (Cessou em 2006. Cont. ISSN 1983-8042 Revista Bioética (Impresso))","B5",2008
"0103-1643","FILOSOFIA / TEOLOGIA:subcomissão FILOSOFIA        ","Biotemas (UFSC)","B5",2008
"0102-6968","FILOSOFIA / TEOLOGIA:subcomissão FILOSOFIA        ","Boletim - Centro de Letras e Ciências Humanas (UEL)","B5",2008
"0872-3672","FILOSOFIA / TEOLOGIA:subcomissão FILOSOFIA        ","Boletim da Sociedade Portuguesa de Matemática","B5",2008
"1677-8693","FILOSOFIA / TEOLOGIA:subcomissão FILOSOFIA        ","Boletim do CPA (UNICAMP)","B4",2008
"0100-879X","FILOSOFIA / TEOLOGIA:subcomissão FILOSOFIA        ","Brazilian Journal of Medical and Biological Research (Impresso)","A2",2008
"0960-8788","FILOSOFIA / TEOLOGIA:subcomissão FILOSOFIA        ","British Journal for the History of Philosophy (Print)","A2",2008
"1634-0639","FILOSOFIA / TEOLOGIA:subcomissão FILOSOFIA        ","Bulletin Cartésien (En ligne)","B2",2008
"1299-3638","FILOSOFIA / TEOLOGIA:subcomissão FILOSOFIA        ","Bulletin de l'Association des Amis de Gaston Bachelard","B3",2008
"0138-0680","FILOSOFIA / TEOLOGIA:subcomissão FILOSOFIA        ","Bulletin of the Section of Logic","B1",2008
"1983-3113","FILOSOFIA / TEOLOGIA:subcomissão FILOSOFIA        ","Caderno da ... Jornada do Centro Internacional de Estudos Peirceanos","B5",2008
"1983-0920","FILOSOFIA / TEOLOGIA:subcomissão FILOSOFIA        ","Caderno de Resumos (Seminário Internacional Archai)","C ",2008
"1413-6597","FILOSOFIA / TEOLOGIA:subcomissão FILOSOFIA        ","Cadernos Arquivo Edgard Leuenroth (UNICAMP)","C ",2008
"1518-0395","FILOSOFIA / TEOLOGIA:subcomissão FILOSOFIA        ","Cadernos Camilliani","B5",2008
"1982-8977","FILOSOFIA / TEOLOGIA:subcomissão FILOSOFIA        ","Cadernos da Escola da Magistratura Regional Federal da 2ª Região","C ",2008
"1517-0128","FILOSOFIA / TEOLOGIA:subcomissão FILOSOFIA        ","Cadernos de Ética e Filosofia Política (USP)","B3",2008
"1517-1183","FILOSOFIA / TEOLOGIA:subcomissão FILOSOFIA        ","Cadernos de Filosofia (Maringá)","B4",2008
"1413-7860","FILOSOFIA / TEOLOGIA:subcomissão FILOSOFIA        ","Cadernos de Filosofia Alemã","B3",2008
"1516-5434","FILOSOFIA / TEOLOGIA:subcomissão FILOSOFIA        ","Cadernos de Filosofia Contemporânea","B5",2008
"1809-7634","FILOSOFIA / TEOLOGIA:subcomissão FILOSOFIA        ","Cadernos de História da Ciência","B5",2008
"0101-3424","FILOSOFIA / TEOLOGIA:subcomissão FILOSOFIA        ","Cadernos de História e Filosofia da Ciência (UNICAMP)","B1",2008
"1809-1288","FILOSOFIA / TEOLOGIA:subcomissão FILOSOFIA        ","Cadernos de Iniciação Filosófica","B5",2008
"1677-7166","FILOSOFIA / TEOLOGIA:subcomissão FILOSOFIA        ","Cadernos de Pesquisa - Universidade Federal de Santa Catarina, Programa de Pós-Graduação em Sociologia Política","B5",2008
"1516-0793","FILOSOFIA / TEOLOGIA:subcomissão FILOSOFIA        ","Cadernos de Pós-Graduação","B5",2008
"1413-6295","FILOSOFIA / TEOLOGIA:subcomissão FILOSOFIA        ","Cadernos de Psicanálise (Círculo Psicanalítico/RJ)","B4",2008
"1413-6651","FILOSOFIA / TEOLOGIA:subcomissão FILOSOFIA        ","Cadernos Espinosanos (USP)","B3",2008
"1807-7862","FILOSOFIA / TEOLOGIA:subcomissão FILOSOFIA        ","Cadernos IHU em Formação (UNISINOS)","B5",2008
"1679-0316","FILOSOFIA / TEOLOGIA:subcomissão FILOSOFIA        ","Cadernos IHU Idéias (UNISINOS)","B4",2008
"1678-2003","FILOSOFIA / TEOLOGIA:subcomissão FILOSOFIA        ","Cadernos La Salle (Canoas)","B5",2008
"1413-7755","FILOSOFIA / TEOLOGIA:subcomissão FILOSOFIA        ","Cadernos Nietzsche","B1",2008
"1517-5529","FILOSOFIA / TEOLOGIA:subcomissão FILOSOFIA        ","Cadernos PET-Filosofia (UFPR)","B5",2008
"1983-6473","FILOSOFIA / TEOLOGIA:subcomissão FILOSOFIA        ","Cadernos Sartre","B5",2008
"1807-0590","FILOSOFIA / TEOLOGIA:subcomissão FILOSOFIA        ","Cadernos Teologia Pública (UNISINOS)","B5",2008
"1807-3972","FILOSOFIA / TEOLOGIA:subcomissão FILOSOFIA        ","Cadernos UFS. Filosofia","B4",2008
"1677-2288","FILOSOFIA / TEOLOGIA:subcomissão FILOSOFIA        ","Cadernos UFS. História","B5",2008
"1980-5608","FILOSOFIA / TEOLOGIA:subcomissão FILOSOFIA        ","Cadernos UFS. Psicologia","B5",2008
"1518-5230","FILOSOFIA / TEOLOGIA:subcomissão FILOSOFIA        ","Cadernos Wittgenstein (USP)","B5",2008
"0769-1548","FILOSOFIA / TEOLOGIA:subcomissão FILOSOFIA        ","Cahier - Centre de Recherches sur l'Image le Symbole et le Mythe","B2",2008
"1292-2765","FILOSOFIA / TEOLOGIA:subcomissão FILOSOFIA        ","Cahiers Gaston Bachelard","B3",2008
"0181-1126","FILOSOFIA / TEOLOGIA:subcomissão FILOSOFIA        ","Cahiers Simone Weil (Paris)","B3",2008
"1676-3521","FILOSOFIA / TEOLOGIA:subcomissão FILOSOFIA        ","Calíope (UFRJ)","B5",2008
"1678-3034","FILOSOFIA / TEOLOGIA:subcomissão FILOSOFIA        ","Caminhos (UCG. Impresso)","B5",2008
"0045-5091","FILOSOFIA / TEOLOGIA:subcomissão FILOSOFIA        ","Canadian Journal of Philosophy","A2",2008
"1679-3404","FILOSOFIA / TEOLOGIA:subcomissão FILOSOFIA        ","CASA (Araraquara)","C ",2008
"1983-165X","FILOSOFIA / TEOLOGIA:subcomissão FILOSOFIA        ","Cavaqueira (União da Vitória)","C ",2008
"1554-6713","FILOSOFIA / TEOLOGIA:subcomissão FILOSOFIA        ","Childhood & Philosophy","B5",2008
"1676-4188","FILOSOFIA / TEOLOGIA:subcomissão FILOSOFIA        ","Ciência & Ambiente","B5",2008
"1413-8123","FILOSOFIA / TEOLOGIA:subcomissão FILOSOFIA        ","Ciência e Saúde Coletiva (Impresso)","B3",2008
"0101-8515","FILOSOFIA / TEOLOGIA:subcomissão FILOSOFIA        ","Ciência Hoje","C ",2008
"1806-5821","FILOSOFIA / TEOLOGIA:subcomissão FILOSOFIA        ","Ciências & Cognição (UFRJ)","B4",2008
"0102-4868","FILOSOFIA / TEOLOGIA:subcomissão FILOSOFIA        ","Ciências & Letras (FAPA. Impresso)","B5",2008
"1980-9425","FILOSOFIA / TEOLOGIA:subcomissão FILOSOFIA        ","Ciências da Religião (Mackenzie. Online)","B5",2008
"1678-8192","FILOSOFIA / TEOLOGIA:subcomissão FILOSOFIA        ","Ciências Humanas em Revista (UFMA)","B5",2008
"1983-0343","FILOSOFIA / TEOLOGIA:subcomissão FILOSOFIA        ","Cinética","C ",2008
"0717-554X","FILOSOFIA / TEOLOGIA:subcomissão FILOSOFIA        ","Cinta de Moebio","B5",2008
"1806-5880","FILOSOFIA / TEOLOGIA:subcomissão FILOSOFIA        ","Círculo Católico de Pernambuco","C ",2008
"1519-6089","FILOSOFIA / TEOLOGIA:subcomissão FILOSOFIA        ","Civitas: Revista de Ciências Sociais (Impresso)","B4",2008
"1471-6844","FILOSOFIA / TEOLOGIA:subcomissão FILOSOFIA        ","Classical Quarterly (Online)","B1",2008
"0009-840X","FILOSOFIA / TEOLOGIA:subcomissão FILOSOFIA        ","Classical Review","B1",2008
"1519-9614","FILOSOFIA / TEOLOGIA:subcomissão FILOSOFIA        ","CLE e-Prints (Impresso)","B2",2008
"1519-9681","FILOSOFIA / TEOLOGIA:subcomissão FILOSOFIA        ","CLE e-Prints (Online)","B2",2008
"1809-6549","FILOSOFIA / TEOLOGIA:subcomissão FILOSOFIA        ","Cognição & Artes Musicais","B5",2008
"1518-7187","FILOSOFIA / TEOLOGIA:subcomissão FILOSOFIA        ","Cognitio (PUCSP)","B1",2008
"1809-8428","FILOSOFIA / TEOLOGIA:subcomissão FILOSOFIA        ","Cognitio-Estudos (PUC-SP. Online)","B3",2008
"0737-0008","FILOSOFIA / TEOLOGIA:subcomissão FILOSOFIA        ","Cognition and Instruction","A2",2008
"1980-9433","FILOSOFIA / TEOLOGIA:subcomissão FILOSOFIA        ","Coleção Multitextos","C ",2008
"1519-7654","FILOSOFIA / TEOLOGIA:subcomissão FILOSOFIA        ","ComCiência (UNICAMP)","B5",2008
"1676-3475","FILOSOFIA / TEOLOGIA:subcomissão FILOSOFIA        ","Communicare (São Paulo)","B5",2008
"0101-305X","FILOSOFIA / TEOLOGIA:subcomissão FILOSOFIA        ","Comum (FACHA)","B5",2008
"1809-564X","FILOSOFIA / TEOLOGIA:subcomissão FILOSOFIA        ","Comunicação & Inovação","B5",2008
"0102-6925","FILOSOFIA / TEOLOGIA:subcomissão FILOSOFIA        ","Comunicação & Política","B4",2008
"1677-0943","FILOSOFIA / TEOLOGIA:subcomissão FILOSOFIA        ","Conexão (UCS)","B5",2008
"1808-6276","FILOSOFIA / TEOLOGIA:subcomissão FILOSOFIA        ","Confraria (Rio de Janeiro)","B5",2008
"0103-1457","FILOSOFIA / TEOLOGIA:subcomissão FILOSOFIA        ","Conjectura: Filosofia e Educação (UCB)","B5",2008
"1360-0494","FILOSOFIA / TEOLOGIA:subcomissão FILOSOFIA        ","Connection Science (Online)","A2",2008
"0954-0091","FILOSOFIA / TEOLOGIA:subcomissão FILOSOFIA        ","Connection Science (Print)","A2",2008
"0103-2364","FILOSOFIA / TEOLOGIA:subcomissão FILOSOFIA        ","Consciência (FACEPAL)","B5",2008
"1809-1911","FILOSOFIA / TEOLOGIA:subcomissão FILOSOFIA        ","Contempl@ção (FAJOPA)","B4",2008
"1806-0269","FILOSOFIA / TEOLOGIA:subcomissão FILOSOFIA        ","Contemporanea (Salvador. Impresso)","B4",2008
"1519-0544","FILOSOFIA / TEOLOGIA:subcomissão FILOSOFIA        ","Contexto (UFES)","B4",2008
"1806-0579","FILOSOFIA / TEOLOGIA:subcomissão FILOSOFIA        ","Contexto Radial (São Paulo)","C ",2008
"1807-6440","FILOSOFIA / TEOLOGIA:subcomissão FILOSOFIA        ","Contextura (UFMG)","B5",2008
"1414-7483","FILOSOFIA / TEOLOGIA:subcomissão FILOSOFIA        ","Contracampo (UFF)","B5",2008
"1808-5253","FILOSOFIA / TEOLOGIA:subcomissão FILOSOFIA        ","Controvérsia (UNISINOS)","B4",2008
"0296-8916","FILOSOFIA / TEOLOGIA:subcomissão FILOSOFIA        ","Corpus (Paris)","B1",2008
"1749-8457","FILOSOFIA / TEOLOGIA:subcomissão FILOSOFIA        ","Critica (London)","B4",2008
"0011-1503","FILOSOFIA / TEOLOGIA:subcomissão FILOSOFIA        ","Crítica (México)","B1",2008
"1413-4004","FILOSOFIA / TEOLOGIA:subcomissão FILOSOFIA        ","Crítica (UEL)","B4",2008
"0104-9321","FILOSOFIA / TEOLOGIA:subcomissão FILOSOFIA        ","Critica Marxista (São Paulo)","B3",2008
"1999-8104","FILOSOFIA / TEOLOGIA:subcomissão FILOSOFIA        ","Crítica y Emancipación","B3",2008
"1333-1108","FILOSOFIA / TEOLOGIA:subcomissão FILOSOFIA        ","Croatian Journal of Philosophy","B1",2008
"1518-0689","FILOSOFIA / TEOLOGIA:subcomissão FILOSOFIA        ","Cronos (Natal. Impresso)","B5",2008
"0716-9884","FILOSOFIA / TEOLOGIA:subcomissão FILOSOFIA        ","Cuadernos de Filosofía (Concepción)","B5",2008
"1850-3667","FILOSOFIA / TEOLOGIA:subcomissão FILOSOFIA        ","Cuadernos Filosóficos (Rosario)","B4",2008
"0210-4857","FILOSOFIA / TEOLOGIA:subcomissão FILOSOFIA        ","Cuadernos Salmantinos de Filosofía","B4",2008
"1414-7076","FILOSOFIA / TEOLOGIA:subcomissão FILOSOFIA        ","Cult (São Paulo)","C ",2008
"1981-0911","FILOSOFIA / TEOLOGIA:subcomissão FILOSOFIA        ","Cultura Crítica","C ",2008
"1679-2556","FILOSOFIA / TEOLOGIA:subcomissão FILOSOFIA        ","Cultura e Fé (Porto Alegre)","B4",2008
"0104-222X","FILOSOFIA / TEOLOGIA:subcomissão FILOSOFIA        ","Cultura Vozes","B4",2008
"0907-0877","FILOSOFIA / TEOLOGIA:subcomissão FILOSOFIA        ","Cybernetics & Human Knowing","A2",2008
"1517-445X","FILOSOFIA / TEOLOGIA:subcomissão FILOSOFIA        ","Daseinsanalyse (São Paulo)","B4",2008
"1806-2741","FILOSOFIA / TEOLOGIA:subcomissão FILOSOFIA        ","Desígnio (São Paulo)","B5",2008
"0012-1045","FILOSOFIA / TEOLOGIA:subcomissão FILOSOFIA        ","Deutsche Zeitschrift fur Philosophie (Print)","A1",2008
"0012-2017","FILOSOFIA / TEOLOGIA:subcomissão FILOSOFIA        ","Dialectica (Bern)","A2",2008
"0012-2173","FILOSOFIA / TEOLOGIA:subcomissão FILOSOFIA        ","Dialogue - Canadian Philosophical Association","A2",2008
"0185-2450","FILOSOFIA / TEOLOGIA:subcomissão FILOSOFIA        ","Diánoia (México, D.F.)","A2",2008
"1010-7363","FILOSOFIA / TEOLOGIA:subcomissão FILOSOFIA        ","Diotima (Athens)","B1",2008
"1682-704X","FILOSOFIA / TEOLOGIA:subcomissão FILOSOFIA        ","Direito e Cidadania (Praia)","C ",2008
"1676-8558","FILOSOFIA / TEOLOGIA:subcomissão FILOSOFIA        ","Direito e Justiça (URI)","B5",2008
"1982-1921","FILOSOFIA / TEOLOGIA:subcomissão FILOSOFIA        ","Direitos Fundamentais & Justiça","B5",2008
"1127-8579","FILOSOFIA / TEOLOGIA:subcomissão FILOSOFIA        ","Diritto & Diritti","B5",2008
"0103-328X","FILOSOFIA / TEOLOGIA:subcomissão FILOSOFIA        ","Discurso - Departamento de Filosofia da FFLCH DA USP","B1",2008
"0124-6127","FILOSOFIA / TEOLOGIA:subcomissão FILOSOFIA        ","Discusiones Filosoficas","B2",2008
"1808-8961","FILOSOFIA / TEOLOGIA:subcomissão FILOSOFIA        ","Discutindo Filosofia (Cessou em 2008. Cont. ISSN 1984-1388 Conhecimento Prático Filosofia)","B5",2008
"0873-626X","FILOSOFIA / TEOLOGIA:subcomissão FILOSOFIA        ","Disputatio (Lisboa)","B1",2008
"1413-9448","FILOSOFIA / TEOLOGIA:subcomissão FILOSOFIA        ","Dissertatio (UFPel)","B1",2008
"1983-4748","FILOSOFIA / TEOLOGIA:subcomissão FILOSOFIA        ","Diversa (Parnaíba. Impresso)","C ",2008
"1807-3883","FILOSOFIA / TEOLOGIA:subcomissão FILOSOFIA        ","Dois Pontos (UFPR)","B1",2008
"1981-1489","FILOSOFIA / TEOLOGIA:subcomissão FILOSOFIA        ","Doutrinas Jurídicas","C ",2008
"1517-1302","FILOSOFIA / TEOLOGIA:subcomissão FILOSOFIA        ","Econômica (Niterói)","B5",2008
"1518-188X","FILOSOFIA / TEOLOGIA:subcomissão FILOSOFIA        ","Ecos Revista","C ",2008
"1415-9902","FILOSOFIA / TEOLOGIA:subcomissão FILOSOFIA        ","Educação & Linguagem","B5",2008
"0101-7330","FILOSOFIA / TEOLOGIA:subcomissão FILOSOFIA        ","Educação & Sociedade (Impresso)","B2",2008
"0101-465X","FILOSOFIA / TEOLOGIA:subcomissão FILOSOFIA        ","Educação (PUCRS. Impresso)","B5",2008
"1415-5486","FILOSOFIA / TEOLOGIA:subcomissão FILOSOFIA        ","Educação (São Paulo)","B5",2008
"1807-2194","FILOSOFIA / TEOLOGIA:subcomissão FILOSOFIA        ","Educação e Cultura Contemporânea","B5",2008
"0102-6801","FILOSOFIA / TEOLOGIA:subcomissão FILOSOFIA        ","Educação e Filosofia (UFU. Impresso)","B1",2008
"1517-9702","FILOSOFIA / TEOLOGIA:subcomissão FILOSOFIA        ","Educação e Pesquisa (USP. Impresso)","B3",2008
"0100-3143","FILOSOFIA / TEOLOGIA:subcomissão FILOSOFIA        ","Educação e Realidade","B4",2008
"0102-1117","FILOSOFIA / TEOLOGIA:subcomissão FILOSOFIA        ","Educação em Debate (UFC)","B4",2008
"1518-7926","FILOSOFIA / TEOLOGIA:subcomissão FILOSOFIA        ","Educação em Revista (UNESP. Marília)","B5",2008
"1519-9460","FILOSOFIA / TEOLOGIA:subcomissão FILOSOFIA        ","Educação Marista","B5",2008
"1980-5594","FILOSOFIA / TEOLOGIA:subcomissão FILOSOFIA        ","Educação Profissional (Brasília. Impresso)","C ",2008
"1809-5208","FILOSOFIA / TEOLOGIA:subcomissão FILOSOFIA        ","Educere et Educare (Impresso)","B4",2008
"0210-0088","FILOSOFIA / TEOLOGIA:subcomissão FILOSOFIA        ","El Basilisco (Oviedo)","C ",2008
"1988-3927","FILOSOFIA / TEOLOGIA:subcomissão FILOSOFIA        ","El Genio Maligno","B5",2008
"0104-1037","FILOSOFIA / TEOLOGIA:subcomissão FILOSOFIA        ","Em Aberto","B5",2008
"1666-5732","FILOSOFIA / TEOLOGIA:subcomissão FILOSOFIA        ","Energeia (Buenos Aires)","B5",2008
"1514-6006","FILOSOFIA / TEOLOGIA:subcomissão FILOSOFIA        ","Enfoques (Libertador San Martín)","B4",2008
"1690-7515","FILOSOFIA / TEOLOGIA:subcomissão FILOSOFIA        ","Enlace. Revista Venezolana de Información, Tecnología y Conocimiento","B5",2008
,"FILOSOFIA / TEOLOGIA:subcomissão FILOSOFIA        ","Enlaces: Psicanalise e Conexões","C ",2008
"1676-1030","FILOSOFIA / TEOLOGIA:subcomissão FILOSOFIA        ","Ensino e Pesquisa (União da Vitória)","C ",2008
"0874-0437","FILOSOFIA / TEOLOGIA:subcomissão FILOSOFIA        ","Episteme (Lisboa)","B4",2008
"1413-5736","FILOSOFIA / TEOLOGIA:subcomissão FILOSOFIA        ","Episteme (Porto Alegre)","B4",2008
"0798-4324","FILOSOFIA / TEOLOGIA:subcomissão FILOSOFIA        ","Episteme NS","B1",2008
"0392-9760","FILOSOFIA / TEOLOGIA:subcomissão FILOSOFIA        ","Epistemologia (Genova. Testo Stampato)","A2",2008
"1517-7823","FILOSOFIA / TEOLOGIA:subcomissão FILOSOFIA        ","Épistémologiques (USP)","B5",2008
"1981-626X","FILOSOFIA / TEOLOGIA:subcomissão FILOSOFIA        ","Escritos (Fundação Casa de Rui Barbosa)","B5",2008
"1517-5081","FILOSOFIA / TEOLOGIA:subcomissão FILOSOFIA        ","Especiaria (UESC)","B5",2008
"1287-258X","FILOSOFIA / TEOLOGIA:subcomissão FILOSOFIA        ","Essaim (Ramonville-Saint-Agne)","B5",2008
"1028-835X","FILOSOFIA / TEOLOGIA:subcomissão FILOSOFIA        ","Estudios de Filosofía","B3",2008
"0103-4014","FILOSOFIA / TEOLOGIA:subcomissão FILOSOFIA        ","Estudos Avançados (USP. Impresso)","B3",2008
"0100-3437","FILOSOFIA / TEOLOGIA:subcomissão FILOSOFIA        ","Estudos de Psicanálise (Impresso)","C ",2008
"1808-4281","FILOSOFIA / TEOLOGIA:subcomissão FILOSOFIA        ","Estudos e Pesquisas em Psicologia (Online)","B4",2008
"1677-2954","FILOSOFIA / TEOLOGIA:subcomissão FILOSOFIA        ","Ethic@ (UFSC)","B1",2008
"1413-8093","FILOSOFIA / TEOLOGIA:subcomissão FILOSOFIA        ","Ethica (UGF)","B3",2008
"0014-1704","FILOSOFIA / TEOLOGIA:subcomissão FILOSOFIA        ","Ethics (Chicago)","A1",2008
"0986-2773","FILOSOFIA / TEOLOGIA:subcomissão FILOSOFIA        ","Etudes Jean-Jacques Rousseau","B5",2008
"0014-2239","FILOSOFIA / TEOLOGIA:subcomissão FILOSOFIA        ","Etudes Théologiques et Religieuses","B1",2008
"1657-1843","FILOSOFIA / TEOLOGIA:subcomissão FILOSOFIA        ","Euphorio (Medellin)","B5",2008
"0966-8373","FILOSOFIA / TEOLOGIA:subcomissão FILOSOFIA        ","European Journal of Philosophy (Print)","A1",2008
"1808-2327","FILOSOFIA / TEOLOGIA:subcomissão FILOSOFIA        ","Evidência (Araxá)","B5",2008
"1808-6926","FILOSOFIA / TEOLOGIA:subcomissão FILOSOFIA        ","Existência e Arte","B5",2008
"1982-2413","FILOSOFIA / TEOLOGIA:subcomissão FILOSOFIA        ","Experiências em Ensino de Ciências (UFRGS)","C ",2008
"1677-9037","FILOSOFIA / TEOLOGIA:subcomissão FILOSOFIA        ","Extensão e Cultura (UFG)","B5",2008
"1424-0602","FILOSOFIA / TEOLOGIA:subcomissão FILOSOFIA        ","Facta Philosophica","B1",2008
"0739-7046","FILOSOFIA / TEOLOGIA:subcomissão FILOSOFIA        ","Faith and Philosophy","A2",2008
"1517-7858","FILOSOFIA / TEOLOGIA:subcomissão FILOSOFIA        ","Farol (Vitória)","C ",2008
"1809-936X","FILOSOFIA / TEOLOGIA:subcomissão FILOSOFIA        ","Faz. Ciência & Tecnologia","B5",2008
"1807-6971","FILOSOFIA / TEOLOGIA:subcomissão FILOSOFIA        ","Fênix (UFU. Online)","B4",2008
"0394-2759","FILOSOFIA / TEOLOGIA:subcomissão FILOSOFIA        ","Fenomenologia e Società","B1",2008
"0925-0166","FILOSOFIA / TEOLOGIA:subcomissão FILOSOFIA        ","Fichte-Studien (Amsterdam)","A2",2008
"1623-3883","FILOSOFIA / TEOLOGIA:subcomissão FILOSOFIA        ","Figures de la Psychanalyse","C ",2008
"1773-9128","FILOSOFIA / TEOLOGIA:subcomissão FILOSOFIA        ","Filigrane (Sampzon)","B5",2008
"1984-1159","FILOSOFIA / TEOLOGIA:subcomissão FILOSOFIA        ","Filogênese (Marília)","B3",2008
"1809-9238","FILOSOFIA / TEOLOGIA:subcomissão FILOSOFIA        ","Filosofia (São Paulo)","C ",2008
"0103-1880","FILOSOFIA / TEOLOGIA:subcomissão FILOSOFIA        ","Filosofia Politica (UFRGS)","B4",2008
"1519-5023","FILOSOFIA / TEOLOGIA:subcomissão FILOSOFIA        ","Filosofia Unisinos (Impresso)","B1",2008
"1982-2448","FILOSOFIA / TEOLOGIA:subcomissão FILOSOFIA        ","Filosofia. Especial (São Paulo)","C ",2008
"1123-573X","FILOSOFIA / TEOLOGIA:subcomissão FILOSOFIA        ","Florensia (S. Giovanni in Fiore)","C ",2008
"0015-9018","FILOSOFIA / TEOLOGIA:subcomissão FILOSOFIA        ","Foundations of Physics","A2",2008
"1414-9494","FILOSOFIA / TEOLOGIA:subcomissão FILOSOFIA        ","Fragmentos de Cultura (Goiânia)","B5",2008
"1679-5377","FILOSOFIA / TEOLOGIA:subcomissão FILOSOFIA        ","Fronteira (PUCMG)","B5",2008
"1981-1268","FILOSOFIA / TEOLOGIA:subcomissão FILOSOFIA        ","Gaia Scientia (UFPB)","B5",2008
"0103-3964","FILOSOFIA / TEOLOGIA:subcomissão FILOSOFIA        ","Geosul (UFSC)","B5",2008
"1083-1894","FILOSOFIA / TEOLOGIA:subcomissão FILOSOFIA        ","German American Law Journal","C ",2008
"0017-0089","FILOSOFIA / TEOLOGIA:subcomissão FILOSOFIA        ","Giornale Critico della Filosofia Italiana","A2",2008
"1413-9073","FILOSOFIA / TEOLOGIA:subcomissão FILOSOFIA        ","Gragoatá (UFF)","B5",2008
"0165-9227","FILOSOFIA / TEOLOGIA:subcomissão FILOSOFIA        ","Grazer Philosophische Studien","A2",2008
"0073-1587","FILOSOFIA / TEOLOGIA:subcomissão FILOSOFIA        ","Hegel-Studien","A1",2008
"1679-4346","FILOSOFIA / TEOLOGIA:subcomissão FILOSOFIA        ","Heidegger e-Prints (Online)","B4",2008
"1724-6121","FILOSOFIA / TEOLOGIA:subcomissão FILOSOFIA        ","Historia Philosophica (Testo stampato)","B5",2008
"1414-6312","FILOSOFIA / TEOLOGIA:subcomissão FILOSOFIA        ","História Revista (UFG. Impresso)","B5",2008
"1519-3861","FILOSOFIA / TEOLOGIA:subcomissão FILOSOFIA        ","História Unisinos","B5",2008
"0104-5970","FILOSOFIA / TEOLOGIA:subcomissão FILOSOFIA        ","História, Ciências, Saúde-Manguinhos (Impresso)","B3",2008
"0890-9997","FILOSOFIA / TEOLOGIA:subcomissão FILOSOFIA        ","Historical Studies in the Physical and Biological Sciences (Cessou em 2007. Cont. ISSN 1939-1811 Historical Studies in the Natural Sciences)","C ",2008
"0144-5340","FILOSOFIA / TEOLOGIA:subcomissão FILOSOFIA        ","History and Philosophy of Logic","A2",2008
"0740-0675","FILOSOFIA / TEOLOGIA:subcomissão FILOSOFIA        ","History of Philosophy Quarterly","A2",2008
"1808-3064","FILOSOFIA / TEOLOGIA:subcomissão FILOSOFIA        ","Horizonte Científico (Uberlândia)","B5",2008
"0102-9479","FILOSOFIA / TEOLOGIA:subcomissão FILOSOFIA        ","Humanidades (Brasília)","B5",2008
"1982-6931","FILOSOFIA / TEOLOGIA:subcomissão FILOSOFIA        ","Humanidades em Diálogo (Impresso)","B5",2008
"1413-0599","FILOSOFIA / TEOLOGIA:subcomissão FILOSOFIA        ","Humanidades em Revista","B5",2008
"0319-7336","FILOSOFIA / TEOLOGIA:subcomissão FILOSOFIA        ","Hume Studies","A2",2008
"0167-9848","FILOSOFIA / TEOLOGIA:subcomissão FILOSOFIA        ","Husserl Studies","A2",2008
"1413-9138","FILOSOFIA / TEOLOGIA:subcomissão FILOSOFIA        ","Hypnos (PUCSP)","B1",2008
"1980-5837","FILOSOFIA / TEOLOGIA:subcomissão FILOSOFIA        ","Ibérica (Juiz de Fora)","C ",2008
"1865-5319","FILOSOFIA / TEOLOGIA:subcomissão FILOSOFIA        ","Ibero-amerikanisches Jahrbuch für germanistik","C ",2008
"0101-3106","FILOSOFIA / TEOLOGIA:subcomissão FILOSOFIA        ","Ide (São Paulo. Impresso)","B5",2008
"1415-4668","FILOSOFIA / TEOLOGIA:subcomissão FILOSOFIA        ","Ideação (UEFS)","B5",2008
"0104-7876","FILOSOFIA / TEOLOGIA:subcomissão FILOSOFIA        ","Ideias (UNICAMP)","B5",2008
"1807-2526","FILOSOFIA / TEOLOGIA:subcomissão FILOSOFIA        ","IGT na Rede","C ",2008
"0073-4721","FILOSOFIA / TEOLOGIA:subcomissão FILOSOFIA        ","Iheringia. Série Zoologia (Impresso)","C ",2008
"1981-8769","FILOSOFIA / TEOLOGIA:subcomissão FILOSOFIA        ","IHU On-Line (UNISINOS. Impresso)","B3",2008
"1981-8793","FILOSOFIA / TEOLOGIA:subcomissão FILOSOFIA        ","IHU On-Line (UNISINOS. Online)","B3",2008
"1413-666X","FILOSOFIA / TEOLOGIA:subcomissão FILOSOFIA        ","Imaginário (USP)","B5",2008
"0103-7676","FILOSOFIA / TEOLOGIA:subcomissão FILOSOFIA        ","Impulso (Piracicaba)","B4",2008
"1516-084X","FILOSOFIA / TEOLOGIA:subcomissão FILOSOFIA        ","Informática na Educação (Impresso)","C ",2008
"0020-174X","FILOSOFIA / TEOLOGIA:subcomissão FILOSOFIA        ","Inquiry (Oslo. Trykt utg.)","A1",2008
"1413-6147","FILOSOFIA / TEOLOGIA:subcomissão FILOSOFIA        ","Integração (USJT)","B4",2008
"1678-1929","FILOSOFIA / TEOLOGIA:subcomissão FILOSOFIA        ","Inter ação (Paranaíba)","B5",2008
"1983-2478","FILOSOFIA / TEOLOGIA:subcomissão FILOSOFIA        ","Interações - Cultura e Comunidade (Online)","B5",2008
"1809-8479","FILOSOFIA / TEOLOGIA:subcomissão FILOSOFIA        ","Interações : Cultura e Comunidade (Faculdade Católica de Uberlândia. Impresso)","B5",2008
"1982-8497","FILOSOFIA / TEOLOGIA:subcomissão FILOSOFIA        ","Interesse Nacional","C ",2008
"1542-5908","FILOSOFIA / TEOLOGIA:subcomissão FILOSOFIA        ","International Journal of Computational Cognition","C ",2008
"1447-9494","FILOSOFIA / TEOLOGIA:subcomissão FILOSOFIA        ","International Journal Of Learning","C ",2008
"0020-7578","FILOSOFIA / TEOLOGIA:subcomissão FILOSOFIA        ","International Journal of Psycho-analysis","A2",2008
"0270-5664","FILOSOFIA / TEOLOGIA:subcomissão FILOSOFIA        ","International Studies in Philosophy","B1",2008
"0269-8595","FILOSOFIA / TEOLOGIA:subcomissão FILOSOFIA        ","International Studies in the Philosophy of Science","B2",2008
"1613-0472","FILOSOFIA / TEOLOGIA:subcomissão FILOSOFIA        ","Internationales Jahrbuch des Deutschen Idealismus","B3",2008
"1807-1384","FILOSOFIA / TEOLOGIA:subcomissão FILOSOFIA        ","INTERthesis (Florianópolis)","B5",2008
"1983-4012","FILOSOFIA / TEOLOGIA:subcomissão FILOSOFIA        ","Intuitio (Porto Alegre)","B4",2008
"1137-2400","FILOSOFIA / TEOLOGIA:subcomissão FILOSOFIA        ","Investigaciones Fenomenológicas (Cessou em 2001. Cont. ISSN 1885-1088 Investigaciones Fenomenológicas (Internet))","B3",2008
"1415-2525","FILOSOFIA / TEOLOGIA:subcomissão FILOSOFIA        ","Ipotesi (UFJF. Impresso)","B5",2008
"1130-2097","FILOSOFIA / TEOLOGIA:subcomissão FILOSOFIA        ","Isegoría (Madrid)","A2",2008
"1519-9002","FILOSOFIA / TEOLOGIA:subcomissão FILOSOFIA        ","Ítaca (UFRJ)","B5",2008
"1517-7807","FILOSOFIA / TEOLOGIA:subcomissão FILOSOFIA        ","Itaici (São Paulo)","C ",2008
"0944-4610","FILOSOFIA / TEOLOGIA:subcomissão FILOSOFIA        ","Jahrbuch fur Recht und Ethik / Annual Review of Law and Ethics)","A2",2008
"1516-0386","FILOSOFIA / TEOLOGIA:subcomissão FILOSOFIA        ","Jornal Brasileiro de História da Medicina","C ",2008
"1414-655X","FILOSOFIA / TEOLOGIA:subcomissão FILOSOFIA        ","Jornal da Ciência","C ",2008
"0021-7557","FILOSOFIA / TEOLOGIA:subcomissão FILOSOFIA        ","Jornal de Pediatria (Impresso)","C ",2008
"0103-5835","FILOSOFIA / TEOLOGIA:subcomissão FILOSOFIA        ","Jornal de Psicanalise","C ",2008
"1982-372X","FILOSOFIA / TEOLOGIA:subcomissão FILOSOFIA        ","Jornal Intercom","C ",2008
"0925-4560","FILOSOFIA / TEOLOGIA:subcomissão FILOSOFIA        ","Journal for General Philosophy of Science","A2",2008
"0021-8286","FILOSOFIA / TEOLOGIA:subcomissão FILOSOFIA        ","Journal for the History of Astronomy","B1",2008
"1981-9498","FILOSOFIA / TEOLOGIA:subcomissão FILOSOFIA        ","Journal of Ancient Philosophy (UNICAMP. English ed.)","B2",2008
"0021-8855","FILOSOFIA / TEOLOGIA:subcomissão FILOSOFIA        ","Journal of Applied Behavior Analysis","A2",2008
"1166-3081","FILOSOFIA / TEOLOGIA:subcomissão FILOSOFIA        ","Journal of Applied Non-Classical Logics","B1",2008
"0955-792X","FILOSOFIA / TEOLOGIA:subcomissão FILOSOFIA        ","Journal of Logic and Computation (Print)","A2",2008
"0022-3611","FILOSOFIA / TEOLOGIA:subcomissão FILOSOFIA        ","Journal of Philosophical Logic","A1",2008
"0104-6500","FILOSOFIA / TEOLOGIA:subcomissão FILOSOFIA        ","Journal of the Brazilian Computer Society (Impresso)","B3",2008
"0022-5002","FILOSOFIA / TEOLOGIA:subcomissão FILOSOFIA        ","Journal of the Experimental Analysis of Behavior","A1",2008
"0022-5037","FILOSOFIA / TEOLOGIA:subcomissão FILOSOFIA        ","Journal of the History of Ideas","A1",2008
"0022-5053","FILOSOFIA / TEOLOGIA:subcomissão FILOSOFIA        ","Journal of the History of Philosophy","A1",2008
"1826-8269","FILOSOFIA / TEOLOGIA:subcomissão FILOSOFIA        ","Jura Gentium.","B3",2008
"1807-6017","FILOSOFIA / TEOLOGIA:subcomissão FILOSOFIA        ","Juris Plenum","C ",2008
"1518-4862","FILOSOFIA / TEOLOGIA:subcomissão FILOSOFIA        ","Jus Navigandi","B5",2008
"1807-5096","FILOSOFIA / TEOLOGIA:subcomissão FILOSOFIA        ","Kairós (Instituto Teológico-Pastoral do Ceará)","B5",2008
"1808-107X","FILOSOFIA / TEOLOGIA:subcomissão FILOSOFIA        ","Kalagatos (UECE)","B3",2008
"1677-1621","FILOSOFIA / TEOLOGIA:subcomissão FILOSOFIA        ","Kant e-Prints (Impresso)","B2",2008
"1677-163X","FILOSOFIA / TEOLOGIA:subcomissão FILOSOFIA        ","Kant e-Prints (Online)","B2",2008
"0022-8877","FILOSOFIA / TEOLOGIA:subcomissão FILOSOFIA        ","Kant-Studien","A1",2008
"1517-4735","FILOSOFIA / TEOLOGIA:subcomissão FILOSOFIA        ","Kleos (Rio de Janeiro)","B4",2008
"0100-512X","FILOSOFIA / TEOLOGIA:subcomissão FILOSOFIA        ","Kriterion (UFMG. Impresso)","B1",2008
"0440-7237","FILOSOFIA / TEOLOGIA:subcomissão FILOSOFIA        ","L'Herne (Paris)","C ",2008
"1292-2048","FILOSOFIA / TEOLOGIA:subcomissão FILOSOFIA        ","La Célibataire (Paris)","C ",2008
"1517-4573","FILOSOFIA / TEOLOGIA:subcomissão FILOSOFIA        ","Légein. Revista da Pós-Graduação em Filosofia da Universidade Gama Filho","B5",2008
"1982-2464","FILOSOFIA / TEOLOGIA:subcomissão FILOSOFIA        ","Leituras da História","C ",2008
"0014-2166","FILOSOFIA / TEOLOGIA:subcomissão FILOSOFIA        ","Les Études Philosophiques (Paris)","A1",2008
"1764-1012","FILOSOFIA / TEOLOGIA:subcomissão FILOSOFIA        ","Les Papiers du Collège International de Philosophie","B1",2008
"1519-3985","FILOSOFIA / TEOLOGIA:subcomissão FILOSOFIA        ","Letras (UFSM)","B5",2008
"1516-4586","FILOSOFIA / TEOLOGIA:subcomissão FILOSOFIA        ","Letras Clássicas (USP)","B4",2008
"1981-7320","FILOSOFIA / TEOLOGIA:subcomissão FILOSOFIA        ","Liber Intellectus","B5",2008
"1425-3305","FILOSOFIA / TEOLOGIA:subcomissão FILOSOFIA        ","Logic and Logical Philosophy","B1",2008
"1367-0751","FILOSOFIA / TEOLOGIA:subcomissão FILOSOFIA        ","Logic Journal of the IGPL (Print)","A2",2008
"1661-8297","FILOSOFIA / TEOLOGIA:subcomissão FILOSOFIA        ","Logica Universalis (Print)","B1",2008
"0102-6445","FILOSOFIA / TEOLOGIA:subcomissão FILOSOFIA        ","Lua Nova (Impresso)","B2",2008
"1133-5165","FILOSOFIA / TEOLOGIA:subcomissão FILOSOFIA        ","Ludus Vitalis","B3",2008
"1415-8604","FILOSOFIA / TEOLOGIA:subcomissão FILOSOFIA        ","Lugar Comum (UFRJ)","B5",2008
"1981-9390","FILOSOFIA / TEOLOGIA:subcomissão FILOSOFIA        ","Lumen Veritatis (Faculdade Arautos do Evangelho)","C ",2008
"1519-745X","FILOSOFIA / TEOLOGIA:subcomissão FILOSOFIA        ","Luminária (União da Vitória)","C ",2008
"1982-6761","FILOSOFIA / TEOLOGIA:subcomissão FILOSOFIA        ","Mais Valia (São Paulo)","C ",2008
"0100-6045","FILOSOFIA / TEOLOGIA:subcomissão FILOSOFIA        ","Manuscrito (UNICAMP)","A2",2008
"1982-2987","FILOSOFIA / TEOLOGIA:subcomissão FILOSOFIA        ","Maquinações (UEL)","B5",2008
"0103-8915","FILOSOFIA / TEOLOGIA:subcomissão FILOSOFIA        ","Margem (PUCSP)","B4",2008
"1678-7684","FILOSOFIA / TEOLOGIA:subcomissão FILOSOFIA        ","Margem Esquerda","B4",2008
"1028-3889","FILOSOFIA / TEOLOGIA:subcomissão FILOSOFIA        ","Marx Ahora","B4",2008
"0872-0991","FILOSOFIA / TEOLOGIA:subcomissão FILOSOFIA        ","Mediaevalia (Porto)","A2",2008
"1075-041X","FILOSOFIA / TEOLOGIA:subcomissão FILOSOFIA        ","Mediations (Chicago)","B2",2008
"1676-1669","FILOSOFIA / TEOLOGIA:subcomissão FILOSOFIA        ","Memorandum (Belo Horizonte)","B4",2008
"1437-2053","FILOSOFIA / TEOLOGIA:subcomissão FILOSOFIA        ","Metaphysica (Dettelbach. Print)","B1",2008
"0327-0289","FILOSOFIA / TEOLOGIA:subcomissão FILOSOFIA        ","Méthexis (Sankt Augustin)","A2",2008
"1460-2113","FILOSOFIA / TEOLOGIA:subcomissão FILOSOFIA        ","Mind Online","A1",2008
"0924-6495","FILOSOFIA / TEOLOGIA:subcomissão FILOSOFIA        ","Minds and Machines (Dordrecht)","A2",2008
"1676-2924","FILOSOFIA / TEOLOGIA:subcomissão FILOSOFIA        ","Morpheus (UNIRIO. Online)","C ",2008
"1413-8972","FILOSOFIA / TEOLOGIA:subcomissão FILOSOFIA        ","Multiciência (ASSER)","B5",2008
"0292-0107","FILOSOFIA / TEOLOGIA:subcomissão FILOSOFIA        ","Multitudes (Paris)","B3",2008
"1676-3939","FILOSOFIA / TEOLOGIA:subcomissão FILOSOFIA        ","Música Hodie","C ",2008
"1517-2430","FILOSOFIA / TEOLOGIA:subcomissão FILOSOFIA        ","Natureza Humana (Cessou em 2008. Cont. ISSN 2175-2834 Natureza Humana (Online))","B1",2008
"0342-1422","FILOSOFIA / TEOLOGIA:subcomissão FILOSOFIA        ","Nietzsche-Studien","A2",2008
"1517-3909","FILOSOFIA / TEOLOGIA:subcomissão FILOSOFIA        ","Noésis (Salvador)","B4",2008
"0121-7550","FILOSOFIA / TEOLOGIA:subcomissão FILOSOFIA        ","Nómadas (Bogotá)","B2",2008
"0328-1574","FILOSOFIA / TEOLOGIA:subcomissão FILOSOFIA        ","Nombres (Córdoba)","B5",2008
"1807-3840","FILOSOFIA / TEOLOGIA:subcomissão FILOSOFIA        ","Nomos (Fortaleza)","B5",2008
"1517-3453","FILOSOFIA / TEOLOGIA:subcomissão FILOSOFIA        ","Nonada (Porto Alegre)","B5",2008
"1516-5477","FILOSOFIA / TEOLOGIA:subcomissão FILOSOFIA        ","Notandum (USP)","B5",2008
"1538-1617","FILOSOFIA / TEOLOGIA:subcomissão FILOSOFIA        ","Notre Dame Philosophical Reviews","B2",2008
"0029-4624","FILOSOFIA / TEOLOGIA:subcomissão FILOSOFIA        ","Nous (Bloomington, Indiana)","A2",2008
"0103-6351","FILOSOFIA / TEOLOGIA:subcomissão FILOSOFIA        ","Nova Economia (UFMG. Impresso)","C ",2008
"0101-3300","FILOSOFIA / TEOLOGIA:subcomissão FILOSOFIA        ","Novos Estudos CEBRAP (Impresso)","B2",2008
"1516-1021","FILOSOFIA / TEOLOGIA:subcomissão FILOSOFIA        ","Numem (UFJF)","B2",2008
,"FILOSOFIA / TEOLOGIA:subcomissão FILOSOFIA        ","O direito na história","C ",2008
"0102-4809","FILOSOFIA / TEOLOGIA:subcomissão FILOSOFIA        ","O Eixo e a Roda (UFMG)","B3",2008
"0104-7809","FILOSOFIA / TEOLOGIA:subcomissão FILOSOFIA        ","O Mundo da Saúde (CUSC. Impresso)","C ",2008
"0874-4882","FILOSOFIA / TEOLOGIA:subcomissão FILOSOFIA        ","O Mundo em Português","C ",2008
"1413-1129","FILOSOFIA / TEOLOGIA:subcomissão FILOSOFIA        ","O Olho da História","C ",2008
"0104-6675","FILOSOFIA / TEOLOGIA:subcomissão FILOSOFIA        ","O Que nos Faz Pensar (PUCRJ)","B1",2008
"1415-1804","FILOSOFIA / TEOLOGIA:subcomissão FILOSOFIA        ","O Social em Questão","C ",2008
"1980-6442","FILOSOFIA / TEOLOGIA:subcomissão FILOSOFIA        ","Oecologia Brasiliensis (Impresso)","C ",2008
"1517-0845","FILOSOFIA / TEOLOGIA:subcomissão FILOSOFIA        ","Olhar (UFSCar)","B5",2008
"1516-6333","FILOSOFIA / TEOLOGIA:subcomissão FILOSOFIA        ","Outubro (São Paulo)","C ",2008
"0279-0750","FILOSOFIA / TEOLOGIA:subcomissão FILOSOFIA        ","Pacific Philosophical Quarterly","A2",2008
"1980-8887","FILOSOFIA / TEOLOGIA:subcomissão FILOSOFIA        ","Padê : Estudos em Filosofia, Raça, Gênero e Direitos Humanos","B5",2008
"0716-4815","FILOSOFIA / TEOLOGIA:subcomissão FILOSOFIA        ","Paideia (Concepción) (Cessou em 1978. Cont. ISSN 0716-4823 Boletín de la Escuela de Educación)","C ",2008
"0103-863X","FILOSOFIA / TEOLOGIA:subcomissão FILOSOFIA        ","Paidéia (USP. Ribeirao Preto. Impresso)","B3",2008
"0031-0182","FILOSOFIA / TEOLOGIA:subcomissão FILOSOFIA        ","Palaeogeography, Palaeoclimatology, Palaeoecology","A1",2008
"1677-7557","FILOSOFIA / TEOLOGIA:subcomissão FILOSOFIA        ","Palimpsesto (Rio de Janeiro. Impresso)","C ",2008
"1415-2665","FILOSOFIA / TEOLOGIA:subcomissão FILOSOFIA        ","Paradigmas (Londrina)","C ",2008
"1575-2259","FILOSOFIA / TEOLOGIA:subcomissão FILOSOFIA        ","Pasajes (Valencia)","B1",2008
"0325-2280","FILOSOFIA / TEOLOGIA:subcomissão FILOSOFIA        ","Patristica et Mediaevalia","B1",2008
"1981-9404","FILOSOFIA / TEOLOGIA:subcomissão FILOSOFIA        ","Pensata Animal","C ",2008
"1678-569X","FILOSOFIA / TEOLOGIA:subcomissão FILOSOFIA        ","Percurso (Curitiba)","C ",2008
"0101-2908","FILOSOFIA / TEOLOGIA:subcomissão FILOSOFIA        ","Perspectiva (Erexim)","C ",2008
"0104-6454","FILOSOFIA / TEOLOGIA:subcomissão FILOSOFIA        ","Perspectiva Filosofica (UFPE)","B3",2008
"0102-4469","FILOSOFIA / TEOLOGIA:subcomissão FILOSOFIA        ","Perspectiva Teológica (Belo Horizonte)","B2",2008
"1980-1165","FILOSOFIA / TEOLOGIA:subcomissão FILOSOFIA        ","Pesquisa em Educação Ambiental (UFSCar)","C ",2008
"1568-7759","FILOSOFIA / TEOLOGIA:subcomissão FILOSOFIA        ","Phenomenology and the Cognitive Sciences (Print)","A2",2008
"0048-3893","FILOSOFIA / TEOLOGIA:subcomissão FILOSOFIA        ","Philosophia (Ramat Gan)","B2",2008
"0872-4784","FILOSOFIA / TEOLOGIA:subcomissão FILOSOFIA        ","Philosophica (Lisboa)","B1",2008
"1517-8889","FILOSOFIA / TEOLOGIA:subcomissão FILOSOFIA        ","Philosophica (São Cristóvão)","B5",2008
"0190-0536","FILOSOFIA / TEOLOGIA:subcomissão FILOSOFIA        ","Philosophical Investigations (Print)","A1",2008
"0316-2923","FILOSOFIA / TEOLOGIA:subcomissão FILOSOFIA        ","Philosophiques (Montréal)","A2",2008
"1414-2236","FILOSOFIA / TEOLOGIA:subcomissão FILOSOFIA        ","Philósophos (UFG) (Cessou em 2000. Cont. ISSN 1982-2928 Revista Philósophos)","B2",2008
"0048-3915","FILOSOFIA / TEOLOGIA:subcomissão FILOSOFIA        ","Philosophy & Public Affairs","A1",2008
"0031-8205","FILOSOFIA / TEOLOGIA:subcomissão FILOSOFIA        ","Philosophy and Phenomenological Research","A1",2008
"0031-8248","FILOSOFIA / TEOLOGIA:subcomissão FILOSOFIA        ","Philosophy of Science (East Lansing)","A2",2008
"1539-767X","FILOSOFIA / TEOLOGIA:subcomissão FILOSOFIA        ","Philosophy of Science (Online University of Chicago. Press)","A2",2008
"1413-5787","FILOSOFIA / TEOLOGIA:subcomissão FILOSOFIA        ","Phoinix (UFRJ)","B4",2008
"1415-6261","FILOSOFIA / TEOLOGIA:subcomissão FILOSOFIA        ","Phronesis (PUCCAMP)","B4",2008
"1422-6944","FILOSOFIA / TEOLOGIA:subcomissão FILOSOFIA        ","Physics in Perspective (Printed ed.)","B1",2008
"0103-7331","FILOSOFIA / TEOLOGIA:subcomissão FILOSOFIA        ","Physis (UERJ. Impresso)","B2",2008
"1517-5677","FILOSOFIA / TEOLOGIA:subcomissão FILOSOFIA        ","Poiesis (Niterói)","B5",2008
"1519-9150","FILOSOFIA / TEOLOGIA:subcomissão FILOSOFIA        ","Poiesis (Unimontes)","C ",2008
"0104-8015","FILOSOFIA / TEOLOGIA:subcomissão FILOSOFIA        ","Política & Trabalho (UFPB. Impresso)","C ",2008
"1518-7446","FILOSOFIA / TEOLOGIA:subcomissão FILOSOFIA        ","Política Democrática","C ",2008
"0090-5917","FILOSOFIA / TEOLOGIA:subcomissão FILOSOFIA        ","Political Theory","A1",2008
"1808-804X","FILOSOFIA / TEOLOGIA:subcomissão FILOSOFIA        ","Polymátheia (UECE)","B5",2008
"1521-804X","FILOSOFIA / TEOLOGIA:subcomissão FILOSOFIA        ","Portuguese Literary & Cultural Studies","B3",2008
"0929-0907","FILOSOFIA / TEOLOGIA:subcomissão FILOSOFIA        ","Pragmatics & Cognition (Print)","A2",2008
"0103-2283","FILOSOFIA / TEOLOGIA:subcomissão FILOSOFIA        ","Presenca Filosofica","B5",2008
"1678-2593","FILOSOFIA / TEOLOGIA:subcomissão FILOSOFIA        ","Prim@ Facie","C ",2008
"0933-5749","FILOSOFIA / TEOLOGIA:subcomissão FILOSOFIA        ","Prima Philosophia","B2",2008
"1676-7039","FILOSOFIA / TEOLOGIA:subcomissão FILOSOFIA        ","Primeira Versão (IFCH-UNICAMP)","B5",2008
"1808-1711","FILOSOFIA / TEOLOGIA:subcomissão FILOSOFIA        ","Principia (Florianópolis. Online)","B1",2008
"1414-4247","FILOSOFIA / TEOLOGIA:subcomissão FILOSOFIA        ","Principia (UFSC)","B1",2008
"0104-8694","FILOSOFIA / TEOLOGIA:subcomissão FILOSOFIA        ","Princípios (UFRN. Impresso)","B2",2008
"1677-4760","FILOSOFIA / TEOLOGIA:subcomissão FILOSOFIA        ","Prisma Jurídico (UNINOVE. Impresso)","C ",2008
"0066-7374","FILOSOFIA / TEOLOGIA:subcomissão FILOSOFIA        ","Proceedings of the Aristotelian Society (Print)","A1",2008
"1059-986X","FILOSOFIA / TEOLOGIA:subcomissão FILOSOFIA        ","Proceedings of the Boston Area Colloquium in Ancient Philosophy","B1",2008
"0102-4442","FILOSOFIA / TEOLOGIA:subcomissão FILOSOFIA        ","Projeto História (PUCSP)","C ",2008
"1807-3042","FILOSOFIA / TEOLOGIA:subcomissão FILOSOFIA        ","Prometeus (São Cristovão)","C ",2008
"1980-8623","FILOSOFIA / TEOLOGIA:subcomissão FILOSOFIA        ","Psico (PUCRS. Online)","B4",2008
"0103-7013","FILOSOFIA / TEOLOGIA:subcomissão FILOSOFIA        ","Psicologia Argumento (PUCPR. Impresso)","B4",2008
"0103-5665","FILOSOFIA / TEOLOGIA:subcomissão FILOSOFIA        ","Psicologia Clínica (PUCRJ. Impresso)","B3",2008
"0102-7182","FILOSOFIA / TEOLOGIA:subcomissão FILOSOFIA        ","Psicologia e Sociedade (Impresso)","B3",2008
"1413-7372","FILOSOFIA / TEOLOGIA:subcomissão FILOSOFIA        ","Psicologia em Estudo (Impresso)","B2",2008
"1677-1168","FILOSOFIA / TEOLOGIA:subcomissão FILOSOFIA        ","Psicologia em Revista (Impressa)","B4",2008
"0103-6564","FILOSOFIA / TEOLOGIA:subcomissão FILOSOFIA        ","Psicologia USP (Impresso)","B3",2008
"0102-7972","FILOSOFIA / TEOLOGIA:subcomissão FILOSOFIA        ","Psicologia: Reflexão e Crítica (UFRGS. Impresso)","B1",2008
"0102-3772","FILOSOFIA / TEOLOGIA:subcomissão FILOSOFIA        ","Psicologia: Teoria e Pesquisa (UnB. Impresso)","B2",2008
"1516-3687","FILOSOFIA / TEOLOGIA:subcomissão FILOSOFIA        ","Psicologia: Teoria e Prática (Impresso)","B3",2008
"1145-1882","FILOSOFIA / TEOLOGIA:subcomissão FILOSOFIA        ","Psychologie Clinique (Revue)","B3",2008
"0326-4572","FILOSOFIA / TEOLOGIA:subcomissão FILOSOFIA        ","Publicaciones del Instituto de Antropología (Córdoba)","C ",2008
"1517-5316","FILOSOFIA / TEOLOGIA:subcomissão FILOSOFIA        ","Pulsional. Revista de Psicanálise (São Paulo)","B3",2008
"1518-2886","FILOSOFIA / TEOLOGIA:subcomissão FILOSOFIA        ","Quaestio (UNISO)","B5",2008
"1970-223X","FILOSOFIA / TEOLOGIA:subcomissão FILOSOFIA        ","Quantum Biosystems","B5",2008
"1415-1758","FILOSOFIA / TEOLOGIA:subcomissão FILOSOFIA        ","Quinto Império (Salvador)","B5",2008
"0300-211X","FILOSOFIA / TEOLOGIA:subcomissão FILOSOFIA        ","Radical Philosophy","B1",2008
"1519-6453","FILOSOFIA / TEOLOGIA:subcomissão FILOSOFIA        ","Rapsódia (USP)","B5",2008
"1677-4043","FILOSOFIA / TEOLOGIA:subcomissão FILOSOFIA        ","Razão e Fé","B5",2008
"1808-6020","FILOSOFIA / TEOLOGIA:subcomissão FILOSOFIA        ","RBB. Revista Brasileira de Bioética","B5",2008
"0101-8434","FILOSOFIA / TEOLOGIA:subcomissão FILOSOFIA        ","REB. Revista Eclesiastica Brasileira","B4",2008
"1370-7493","FILOSOFIA / TEOLOGIA:subcomissão FILOSOFIA        ","Recherches de Théologie et Philosophie Médiévales (Imprimé)","A1",2008
"0102-0269","FILOSOFIA / TEOLOGIA:subcomissão FILOSOFIA        ","Reflexão (PUCCAMP)","B4",2008
"1809-6220","FILOSOFIA / TEOLOGIA:subcomissão FILOSOFIA        ","REI. Revista de Educação do IDEAU","B5",2008
"0034-4125","FILOSOFIA / TEOLOGIA:subcomissão FILOSOFIA        ","Religious Studies (Print)","A2",2008
"0103-183X","FILOSOFIA / TEOLOGIA:subcomissão FILOSOFIA        ","Remate de Males","B2",2008
"0034-4338","FILOSOFIA / TEOLOGIA:subcomissão FILOSOFIA        ","Renaissance Quarterly","B1",2008
"1677-1222","FILOSOFIA / TEOLOGIA:subcomissão FILOSOFIA        ","Rever (PUCSP)","B3",2008
"0102-7395","FILOSOFIA / TEOLOGIA:subcomissão FILOSOFIA        ","Reverso (Belo Horizonte. Impresso)","B4",2008
"1518-6792","FILOSOFIA / TEOLOGIA:subcomissão FILOSOFIA        ","Revista Alpha","B5",2008
"1984-249X","FILOSOFIA / TEOLOGIA:subcomissão FILOSOFIA        ","Revista Archai: Revista de Estudos sobre as Origens do Pensamento Ocidental","B2",2008
"1807-8214","FILOSOFIA / TEOLOGIA:subcomissão FILOSOFIA        ","Revista Ártemis","B5",2008
"1981-1225","FILOSOFIA / TEOLOGIA:subcomissão FILOSOFIA        ","Revista Aulas (UNICAMP)","B5",2008
"1807-8338","FILOSOFIA / TEOLOGIA:subcomissão FILOSOFIA        ","Revista Brasileira de Análise do Comportamento","B5",2008
"1415-5400","FILOSOFIA / TEOLOGIA:subcomissão FILOSOFIA        ","Revista Brasileira de Ciências Criminais","C ",2008
"1413-2478","FILOSOFIA / TEOLOGIA:subcomissão FILOSOFIA        ","Revista Brasileira de Educação (Impresso)","B5",2008
"1806-1117","FILOSOFIA / TEOLOGIA:subcomissão FILOSOFIA        ","Revista Brasileira de Ensino de Física (Impresso)","C ",2008
"0034-7191","FILOSOFIA / TEOLOGIA:subcomissão FILOSOFIA        ","Revista Brasileira de Estudos Políticos","B4",2008
"0034-7205","FILOSOFIA / TEOLOGIA:subcomissão FILOSOFIA        ","Revista Brasileira de Filosofia","B4",2008
"0375-7536","FILOSOFIA / TEOLOGIA:subcomissão FILOSOFIA        ","Revista Brasileira de Geociências","C ",2008
"1983-4713","FILOSOFIA / TEOLOGIA:subcomissão FILOSOFIA        ","Revista Brasileira de História da Ciência","B3",2008
"1519-955X","FILOSOFIA / TEOLOGIA:subcomissão FILOSOFIA        ","Revista Brasileira de História da Matemática","B5",2008
"1983-2850","FILOSOFIA / TEOLOGIA:subcomissão FILOSOFIA        ","Revista Brasileira de História das Religiões","B5",2008
"1519-7530","FILOSOFIA / TEOLOGIA:subcomissão FILOSOFIA        ","Revista Brasileira de Paleontologia","B5",2008
"0486-641X","FILOSOFIA / TEOLOGIA:subcomissão FILOSOFIA        ","Revista Brasileira de Psicanálise (Impresso)","B4",2008
"1517-5545","FILOSOFIA / TEOLOGIA:subcomissão FILOSOFIA        ","Revista Brasileira de Terapia Comportamental e Cognitiva (Impresso)","B5",2008
"1677-9649","FILOSOFIA / TEOLOGIA:subcomissão FILOSOFIA        ","Revista Ciência e Tecnologia","B5",2008
"1981-7517","FILOSOFIA / TEOLOGIA:subcomissão FILOSOFIA        ","Revista Conatus (UECE. Impresso)","B4",2008
"1981-7509","FILOSOFIA / TEOLOGIA:subcomissão FILOSOFIA        ","Revista Conatus (UECE. Online)","B4",2008
"1980-1866","FILOSOFIA / TEOLOGIA:subcomissão FILOSOFIA        ","Revista Curso de Direito da Faculdade Campo Limpo Paulista","C ",2008
"1414-7564","FILOSOFIA / TEOLOGIA:subcomissão FILOSOFIA        ","Revista da ANPOLL (Impresso)","C ",2008
"1518-918X","FILOSOFIA / TEOLOGIA:subcomissão FILOSOFIA        ","Revista da Escola de Magistratura Regional Federal","C ",2008
"1982-2979","FILOSOFIA / TEOLOGIA:subcomissão FILOSOFIA        ","Revista da Faculdade de Direito da FMP","C ",2008
"0870-6336","FILOSOFIA / TEOLOGIA:subcomissão FILOSOFIA        ","Revista da Faculdade de Letras. Universidade de Lisboa","B5",2008
"0103-7188","FILOSOFIA / TEOLOGIA:subcomissão FILOSOFIA        ","Revista da Sociedade Brasileira de História da Ciência (Cessou em 2007. Cont. ISSN 1983-4713 Revista Brasileira de História da Ciência)","B3",2008
"1679-8708","FILOSOFIA / TEOLOGIA:subcomissão FILOSOFIA        ","Revista da UNIFEBE","C ",2008
"0034-7701","FILOSOFIA / TEOLOGIA:subcomissão FILOSOFIA        ","Revista de Antropologia (USP. Impresso)","B2",2008
"1518-4684","FILOSOFIA / TEOLOGIA:subcomissão FILOSOFIA        ","Revista de Ciências Humanas (Frederico Westphalen. Impresso)","B5",2008
"0101-9589","FILOSOFIA / TEOLOGIA:subcomissão FILOSOFIA        ","Revista de Ciências Humanas (UFSC)","B4",2008
"1519-1974","FILOSOFIA / TEOLOGIA:subcomissão FILOSOFIA        ","Revista de Ciências Humanas (Viçosa)","B4",2008
"1517-6851","FILOSOFIA / TEOLOGIA:subcomissão FILOSOFIA        ","Revista de Direito Mackenzie","C ",2008
"1676-8698","FILOSOFIA / TEOLOGIA:subcomissão FILOSOFIA        ","Revista de Estudos Criminais","C ",2008
"0104-5210","FILOSOFIA / TEOLOGIA:subcomissão FILOSOFIA        ","Revista de Estudos de Literatura","C ",2008
"1415-9171","FILOSOFIA / TEOLOGIA:subcomissão FILOSOFIA        ","Revista de Estudos Orientais","B5",2008
"1676-7969","FILOSOFIA / TEOLOGIA:subcomissão FILOSOFIA        ","Revista de Estudos Transdisciplinares (UERJ)","B5",2008
"0102-6437","FILOSOFIA / TEOLOGIA:subcomissão FILOSOFIA        ","Revista de Estudos Universitárias (Sorocaba)","C ",2008
"1517-2805","FILOSOFIA / TEOLOGIA:subcomissão FILOSOFIA        ","Revista de Etologia (Impresso)","B5",2008
"1981-9471","FILOSOFIA / TEOLOGIA:subcomissão FILOSOFIA        ","Revista de Filosofia Antiga (UNICAMP. Ed. português)","B3",2008
"1518-7896","FILOSOFIA / TEOLOGIA:subcomissão FILOSOFIA        ","Revista de Filosofia SEAF","B4",2008
"0104-4443","FILOSOFIA / TEOLOGIA:subcomissão FILOSOFIA        ","Revista de Filosofia: Aurora (PUCPR. Impresso)","B1",2008
"1414-042X","FILOSOFIA / TEOLOGIA:subcomissão FILOSOFIA        ","Revista de Humanidades (UNIFOR)","B5",2008
"1415-8612","FILOSOFIA / TEOLOGIA:subcomissão FILOSOFIA        ","Revista de Iniciação Científica da F.F.C.","C ",2008
"1560-909X","FILOSOFIA / TEOLOGIA:subcomissão FILOSOFIA        ","Revista de Investigación en Psicología (Impresa)","B2",2008
"0101-3505","FILOSOFIA / TEOLOGIA:subcomissão FILOSOFIA        ","Revista de Letras (UNESP. Impresso)","B5",2008
"0034-8740","FILOSOFIA / TEOLOGIA:subcomissão FILOSOFIA        ","Revista de Psicoanálisis","B3",2008
"0104-8414","FILOSOFIA / TEOLOGIA:subcomissão FILOSOFIA        ","Revista de Psiquiatria & Psicanalise com Criancas & Adolescentes","C ",2008
"0101-6083","FILOSOFIA / TEOLOGIA:subcomissão FILOSOFIA        ","Revista de Psiquiatria Clínica (USP. Impresso)","B4",2008
"0104-4478","FILOSOFIA / TEOLOGIA:subcomissão FILOSOFIA        ","Revista de Sociologia e Política (UFPR. Impresso)","B2",2008
"1679-5393","FILOSOFIA / TEOLOGIA:subcomissão FILOSOFIA        ","Revista de Teologia e Ciências da Religião da UNICAP","B5",2008
"1414-4417","FILOSOFIA / TEOLOGIA:subcomissão FILOSOFIA        ","Revista do CCHLA (UFPB)","B5",2008
"0104-8023","FILOSOFIA / TEOLOGIA:subcomissão FILOSOFIA        ","Revista do Departamento de Psicologia da UFF (Impresso)","B4",2008
"1980-0428","FILOSOFIA / TEOLOGIA:subcomissão FILOSOFIA        ","Revista do Instituto de Ciências Humanas","B5",2008
"1678-1864","FILOSOFIA / TEOLOGIA:subcomissão FILOSOFIA        ","Revista do Instituto de Hermenêutica Jurídica","B5",2008
"0034-9275","FILOSOFIA / TEOLOGIA:subcomissão FILOSOFIA        ","Revista dos Tribunais (São Paulo. Impresso)","B5",2008
"1980-8372","FILOSOFIA / TEOLOGIA:subcomissão FILOSOFIA        ","Revista Eletrônica de Estudos Hegelianos","B4",2008
"1807-8281","FILOSOFIA / TEOLOGIA:subcomissão FILOSOFIA        ","Revista Eletrônica Informação e Cognição","B5",2008
"1519-6186","FILOSOFIA / TEOLOGIA:subcomissão FILOSOFIA        ","Revista Espaço Acadêmico (UEM)","B5",2008
"0104-026X","FILOSOFIA / TEOLOGIA:subcomissão FILOSOFIA        ","Revista Estudos Feministas (UFSC. Impresso)","B2",2008
"1983-0769","FILOSOFIA / TEOLOGIA:subcomissão FILOSOFIA        ","Revista Estudos Lacanianos","B5",2008
"1983-4519","FILOSOFIA / TEOLOGIA:subcomissão FILOSOFIA        ","Revista Exagium","B4",2008
"1676-7888","FILOSOFIA / TEOLOGIA:subcomissão FILOSOFIA        ","Revista FACER","C ",2008
"0121-9677","FILOSOFIA / TEOLOGIA:subcomissão FILOSOFIA        ","Revista Facultad de Ciencias Humanas","B5",2008
"1415-0549","FILOSOFIA / TEOLOGIA:subcomissão FILOSOFIA        ","Revista FAMECOS (Impresso)","C ",2008
"1808-8007","FILOSOFIA / TEOLOGIA:subcomissão FILOSOFIA        ","Revista FAPERN","C ",2008
"1413-4675","FILOSOFIA / TEOLOGIA:subcomissão FILOSOFIA        ","Revista Filosofazer","B4",2008
"1982-6613","FILOSOFIA / TEOLOGIA:subcomissão FILOSOFIA        ","Revista Filosofia Capital","B3",2008
"8571-1071","FILOSOFIA / TEOLOGIA:subcomissão FILOSOFIA        ","Revista Filosofia Política Série III","B3",2008
"0872-0851","FILOSOFIA / TEOLOGIA:subcomissão FILOSOFIA        ","Revista Filosófica de Coimbra","B1",2008
"0102-8413","FILOSOFIA / TEOLOGIA:subcomissão FILOSOFIA        ","Revista Forense (Impresso)","B5",2008
"1678-6777","FILOSOFIA / TEOLOGIA:subcomissão FILOSOFIA        ","Revista Forense Eletrônica (CD-Rom)","B5",2008
"1518-6113","FILOSOFIA / TEOLOGIA:subcomissão FILOSOFIA        ","Revista Fronteira (Cessou em 2008. Cont. ISSN 1984-8226 Revista Fronteiras (Online))","B5",2008
"1132-9432","FILOSOFIA / TEOLOGIA:subcomissão FILOSOFIA        ","Revista Internacional de Filosofía Política","B2",2008
"1983-4810","FILOSOFIA / TEOLOGIA:subcomissão FILOSOFIA        ","Revista Jesus Histórico","C ",2008
"1516-2567","FILOSOFIA / TEOLOGIA:subcomissão FILOSOFIA        ","Revista Kairós","B5",2008
"0325-0725","FILOSOFIA / TEOLOGIA:subcomissão FILOSOFIA        ","Revista Latinoamericana de Filosofía","B1",2008
"1415-4714","FILOSOFIA / TEOLOGIA:subcomissão FILOSOFIA        ","Revista Latinoamericana de Psicopatologia Fundamental (Impresso)","B2",2008
"0100-0888","FILOSOFIA / TEOLOGIA:subcomissão FILOSOFIA        ","Revista Letras (Curitiba)","C ",2008
"1677-597X","FILOSOFIA / TEOLOGIA:subcomissão FILOSOFIA        ","Revista Litterarius (Santa Maria)","C ",2008
"1414-0543","FILOSOFIA / TEOLOGIA:subcomissão FILOSOFIA        ","Revista Mediações (UEL)","B5",2008
"1850-0021","FILOSOFIA / TEOLOGIA:subcomissão FILOSOFIA        ","Revista Nadja","C ",2008
"0102-5864","FILOSOFIA / TEOLOGIA:subcomissão FILOSOFIA        ","Revista Novos Rumos","B5",2008
"1981-156X","FILOSOFIA / TEOLOGIA:subcomissão FILOSOFIA        ","Revista nures","B5",2008
"0718-3712","FILOSOFIA / TEOLOGIA:subcomissão FILOSOFIA        ","Revista Observaciones Filosóficas","B2",2008
"1514-5999","FILOSOFIA / TEOLOGIA:subcomissão FILOSOFIA        ","Revista Patagónica de Filosofía","B2",2008
"1983-3946","FILOSOFIA / TEOLOGIA:subcomissão FILOSOFIA        ","Revista Pesquisa em Foco em Educação e Filosofia","B5",2008
"0716-1913","FILOSOFIA / TEOLOGIA:subcomissão FILOSOFIA        ","Revista Philosophica","B2",2008
"0870-5283","FILOSOFIA / TEOLOGIA:subcomissão FILOSOFIA        ","Revista Portuguesa de Filosofia","A2",2008
"0873-9129","FILOSOFIA / TEOLOGIA:subcomissão FILOSOFIA        ","Revista Portuguesa de Psicanálise","B4",2008
"1982-1425","FILOSOFIA / TEOLOGIA:subcomissão FILOSOFIA        ","Revista Pragmateia Filosófica","B5",2008
"1679-8775","FILOSOFIA / TEOLOGIA:subcomissão FILOSOFIA        ","Revista Sul-Americana de Filosofia e Educação","B1",2008
"1807-5711","FILOSOFIA / TEOLOGIA:subcomissão FILOSOFIA        ","Revista Trama (Cascavel. Impresso)","C ",2008
"0104-9259","FILOSOFIA / TEOLOGIA:subcomissão FILOSOFIA        ","Revista Universidade Rural. Série Ciências Humanas (Cessou em 2007. Cont. ISSN 2175-1196 Ciências Humanas e Sociais em Revista)","B5",2008
"1519-6178","FILOSOFIA / TEOLOGIA:subcomissão FILOSOFIA        ","Revista Urutágua (Online)","C ",2008
"0103-9989","FILOSOFIA / TEOLOGIA:subcomissão FILOSOFIA        ","Revista USP","B5",2008
"1678-8931","FILOSOFIA / TEOLOGIA:subcomissão FILOSOFIA        ","Revista Virtual de Estudos da Linguagem","B4",2008
"1518-5494","FILOSOFIA / TEOLOGIA:subcomissão FILOSOFIA        ","Revista VIS (UnB)","B5",2008
"0035-1571","FILOSOFIA / TEOLOGIA:subcomissão FILOSOFIA        ","Revue de Métaphysique et de Morale","A1",2008
"0771-5420","FILOSOFIA / TEOLOGIA:subcomissão FILOSOFIA        ","Revue de Philosophie Ancienne","A2",2008
"0035-2209","FILOSOFIA / TEOLOGIA:subcomissão FILOSOFIA        ","Revue des Sciences Philosophiques et Théologiques","A2",2008
"0048-8143","FILOSOFIA / TEOLOGIA:subcomissão FILOSOFIA        ","Revue Internationale de Philosophie","A2",2008
"0035-3833","FILOSOFIA / TEOLOGIA:subcomissão FILOSOFIA        ","Revue Philosophique de la France et de l'Étranger","B1",2008
"0035-3841","FILOSOFIA / TEOLOGIA:subcomissão FILOSOFIA        ","Revue Philosophique de Louvain (Imprimé)","A1",2008
"1220-5400","FILOSOFIA / TEOLOGIA:subcomissão FILOSOFIA        ","Revue Roumaine de Philosophie","B1",2008
"0393-2516","FILOSOFIA / TEOLOGIA:subcomissão FILOSOFIA        ","Rivista di Storia della Filosofia (1984. Testo Stampato)","A2",2008
"0328-6584","FILOSOFIA / TEOLOGIA:subcomissão FILOSOFIA        ","Saber y Tiempo","C ",2008
"1984-1655","FILOSOFIA / TEOLOGIA:subcomissão FILOSOFIA        ","Schème: Revista Eletrônica de Psicologia e Epistemologia Genéticas","B3",2008
"1678-3166","FILOSOFIA / TEOLOGIA:subcomissão FILOSOFIA        ","Scientiae Studia (USP)","B1",2008
"1806-6526","FILOSOFIA / TEOLOGIA:subcomissão FILOSOFIA        ","Scintilla (FFSB)","B5",2008
"1679-1118","FILOSOFIA / TEOLOGIA:subcomissão FILOSOFIA        ","Scripta Classica On-Line","B5",2008
"0037-1998","FILOSOFIA / TEOLOGIA:subcomissão FILOSOFIA        ","Semiotica (Berlin)","A2",2008
"1767-9397","FILOSOFIA / TEOLOGIA:subcomissão FILOSOFIA        ","Sens Public (Lyon)","B4",2008
"1516-9294","FILOSOFIA / TEOLOGIA:subcomissão FILOSOFIA        ","Sessões do Imaginário (Impresso)","C ",2008
"1665-1324","FILOSOFIA / TEOLOGIA:subcomissão FILOSOFIA        ","Signos Filosóficos","B5",2008
"1516-6295","FILOSOFIA / TEOLOGIA:subcomissão FILOSOFIA        ","Signum (São Paulo)","C ",2008
"1983-3253","FILOSOFIA / TEOLOGIA:subcomissão FILOSOFIA        ","Simbio-Logias (Botucatu)","B5",2008
"0103-4332","FILOSOFIA / TEOLOGIA:subcomissão FILOSOFIA        ","Sintese (Belo Horizonte. 1974)","B1",2008
"1981-4194","FILOSOFIA / TEOLOGIA:subcomissão FILOSOFIA        ","Sképsis (Salvador. Impresso)","B3",2008
"1981-4534","FILOSOFIA / TEOLOGIA:subcomissão FILOSOFIA        ","Sképsis (Salvador. Online)","B3",2008
"0103-0620","FILOSOFIA / TEOLOGIA:subcomissão FILOSOFIA        ","Sociais e Humanas","C ",2008
"1676-417X","FILOSOFIA / TEOLOGIA:subcomissão FILOSOFIA        ","Sofia (Vitória)","B4",2008
"1135-1349","FILOSOFIA / TEOLOGIA:subcomissão FILOSOFIA        ","Sorites (Madrid)","B1",2008
"1335-0447","FILOSOFIA / TEOLOGIA:subcomissão FILOSOFIA        ","Spravodajca (Úrad Geodézie, Kartografie a Katastra Slovenskej Republiky)","C ",2008
"1518-403X","FILOSOFIA / TEOLOGIA:subcomissão FILOSOFIA        ","Studia Kantiana (Rio de Janeiro)","B1",2008
"0039-3215","FILOSOFIA / TEOLOGIA:subcomissão FILOSOFIA        ","Studia Logica","A2",2008
"1860-949X","FILOSOFIA / TEOLOGIA:subcomissão FILOSOFIA        ","Studies in Computational Intelligence","B5",2008
"1355-2198","FILOSOFIA / TEOLOGIA:subcomissão FILOSOFIA        ","Studies In History and Philosophy of Modern Physics","A1",2008
"0039-3681","FILOSOFIA / TEOLOGIA:subcomissão FILOSOFIA        ","Studies in History and Philosophy of Science","A2",2008
"1518-0913","FILOSOFIA / TEOLOGIA:subcomissão FILOSOFIA        ","Studium (Instituto Salesiano de Filosofia)","B5",2008
"1519-4388","FILOSOFIA / TEOLOGIA:subcomissão FILOSOFIA        ","Studium (UNICAMP)","B5",2008
"1480-2333","FILOSOFIA / TEOLOGIA:subcomissão FILOSOFIA        ","Symposium. Canadian Society for Hermeneutics and Postmodern Thought (Cessou em 2004. Cont. ISSN 1917-9685 Symposium (Canadian Society for Continental Philosophy))","B1",2008
"0039-7857","FILOSOFIA / TEOLOGIA:subcomissão FILOSOFIA        ","Synthese (Dordrecht)","A2",2008
"1980-0231","FILOSOFIA / TEOLOGIA:subcomissão FILOSOFIA        ","Tabulae (Faculdade Vicentina)","B5",2008
"1981-3767","FILOSOFIA / TEOLOGIA:subcomissão FILOSOFIA        ","Teia Literária","C ",2008
"1519-7972","FILOSOFIA / TEOLOGIA:subcomissão FILOSOFIA        ","Temas & Matizes (Impresso)","B5",2008
"0102-8782","FILOSOFIA / TEOLOGIA:subcomissão FILOSOFIA        ","Tempo Brasileiro","B4",2008
"1414-3089","FILOSOFIA / TEOLOGIA:subcomissão FILOSOFIA        ","Tempo da Ciência (UNIOESTE)","B5",2008
"0103-569X","FILOSOFIA / TEOLOGIA:subcomissão FILOSOFIA        ","Tempo e Presença (Impresso)","B5",2008
"0101-1669","FILOSOFIA / TEOLOGIA:subcomissão FILOSOFIA        ","Tendencias do Trabalho","B5",2008
"0103-314X","FILOSOFIA / TEOLOGIA:subcomissão FILOSOFIA        ","Teocomunicação (PUCRS. Impresso)","B5",2008
"1679-6098","FILOSOFIA / TEOLOGIA:subcomissão FILOSOFIA        ","Teologia Prática","C ",2008
"1518-4471","FILOSOFIA / TEOLOGIA:subcomissão FILOSOFIA        ","Teoria & Sociedade (UFMG)","B4",2008
"1415-837X","FILOSOFIA / TEOLOGIA:subcomissão FILOSOFIA        ","Teoria e Prática da Educação","B4",2008
"1413-0378","FILOSOFIA / TEOLOGIA:subcomissão FILOSOFIA        ","Terceira Margem","B4",2008
"1982-2103","FILOSOFIA / TEOLOGIA:subcomissão FILOSOFIA        ","Thaumazein (Santa Maria)","B4",2008
"1079-8986","FILOSOFIA / TEOLOGIA:subcomissão FILOSOFIA        ","The Bulletin of Symbolic Logic","A1",2008
"1084-8770","FILOSOFIA / TEOLOGIA:subcomissão FILOSOFIA        ","The European Legacy, Toward New Paradigms","B1",2008
"0160-6689","FILOSOFIA / TEOLOGIA:subcomissão FILOSOFIA        ","The Journal of Clinical Psychiatry","A1",2008
"1479-6651","FILOSOFIA / TEOLOGIA:subcomissão FILOSOFIA        ","The Journal of Scottish Philosophy","A2",2008
"0022-4812","FILOSOFIA / TEOLOGIA:subcomissão FILOSOFIA        ","The Journal of Symbolic Logic","A2",2008
"0026-9662","FILOSOFIA / TEOLOGIA:subcomissão FILOSOFIA        ","The Monist (La Salle, Ill.)","A1",2008
"0031-8108","FILOSOFIA / TEOLOGIA:subcomissão FILOSOFIA        ","The Philosophical Review","A1",2008
"0033-2933","FILOSOFIA / TEOLOGIA:subcomissão FILOSOFIA        ","The Psychological Record","A2",2008
"0034-6632","FILOSOFIA / TEOLOGIA:subcomissão FILOSOFIA        ","The Review of Metaphysics","A2",2008
"0872-234X","FILOSOFIA / TEOLOGIA:subcomissão FILOSOFIA        ","Theologica (Braga)","B3",2008
"1676-1332","FILOSOFIA / TEOLOGIA:subcomissão FILOSOFIA        ","Theophilos","C ",2008
"0495-4548","FILOSOFIA / TEOLOGIA:subcomissão FILOSOFIA        ","Theoria (Madrid)","B1",2008
"0959-3543","FILOSOFIA / TEOLOGIA:subcomissão FILOSOFIA        ","Theory & Psychology","A2",2008
"0188-6649","FILOSOFIA / TEOLOGIA:subcomissão FILOSOFIA        ","Tópicos (México)","B3",2008
"1982-5870","FILOSOFIA / TEOLOGIA:subcomissão FILOSOFIA        ","Trágica: Estudos sobre Nietzsche","B5",2008
"0101-3173","FILOSOFIA / TEOLOGIA:subcomissão FILOSOFIA        ","Trans/Form/Ação (UNESP. Marília. Impresso)","B1",2008
"0751-2902","FILOSOFIA / TEOLOGIA:subcomissão FILOSOFIA        ","Travaux du Centre de Documentation et Bibliographie Philosophiques de l'Université de Franche-Comté","C ",2008
"1982-7490","FILOSOFIA / TEOLOGIA:subcomissão FILOSOFIA        ","Trilhas Filosóficas (Impresso)","B5",2008
"1517-9710","FILOSOFIA / TEOLOGIA:subcomissão FILOSOFIA        ","Valor Econômico","C ",2008
"1678-183X","FILOSOFIA / TEOLOGIA:subcomissão FILOSOFIA        ","Verba Juris (UFPB)","B5",2008
"1981-061X","FILOSOFIA / TEOLOGIA:subcomissão FILOSOFIA        ","Verinotio (Belo Horizonte)","C ",2008
"0042-3955","FILOSOFIA / TEOLOGIA:subcomissão FILOSOFIA        ","Veritas (Porto Alegre)","B1",2008
"0104-8473","FILOSOFIA / TEOLOGIA:subcomissão FILOSOFIA        ","Vertentes (UFSJ)","B5",2008
"1676-9090","FILOSOFIA / TEOLOGIA:subcomissão FILOSOFIA        ","Verve (PUCSP)","B5",2008
"1981-4062","FILOSOFIA / TEOLOGIA:subcomissão FILOSOFIA        ","Viso : Cadernos de Estética Aplicada","B5",2008
"0042-7543","FILOSOFIA / TEOLOGIA:subcomissão FILOSOFIA        ","Vivarium (Print)","A1",2008
"0104-3064","FILOSOFIA / TEOLOGIA:subcomissão FILOSOFIA        ","Vivencia (UFRN)","B5",2008
,"FILOSOFIA / TEOLOGIA:subcomissão FILOSOFIA        ","XIII Encontro Nacional de Pós Graduação em Filosofia","C ",2008
"0012-4273","FILOSOFIA / TEOLOGIA:subcomissão FILOSOFIA        ","XVIIe Siècle (Paris)","B2",2008
"1016-8257","FILOSOFIA / TEOLOGIA:subcomissão FILOSOFIA        ","Yachay (Cochabamba)","B4",2008
"0945-7313","FILOSOFIA / TEOLOGIA:subcomissão FILOSOFIA        ","Zeitschrift für Kritische Theorie","B1",2008
"0044-3301","FILOSOFIA / TEOLOGIA:subcomissão FILOSOFIA        ","Zeitschrift für Philosophische Forschung","A1",2008
