"1983-6422","ENSINO DE CIÊNCIAS E MATEMATICA                   ","A Física na Escola (Impresso)","B4",2008
"1807-9792","ENSINO DE CIÊNCIAS E MATEMATICA                   ","Abstracta : linguagem, mente e ação (Niterói)","B5",2008
"1981-867X","ENSINO DE CIÊNCIAS E MATEMATICA                   ","Acervo On-line de Mídia Regional (UNITAU)","C ",2008
"0097-6156","ENSINO DE CIÊNCIAS E MATEMATICA                   ","ACS Symposium Series","C ",2008
"0101-5354","ENSINO DE CIÊNCIAS E MATEMATICA                   ","Acta Biologica Leopoldensia (Cessou em 2006. Cont. ISSN 1809-9939 Neotropical Biology and Conservation)","C ",2008
"0001-5342","ENSINO DE CIÊNCIAS E MATEMATICA                   ","Acta Biotheoretica","C ",2008
"0104-7795","ENSINO DE CIÊNCIAS E MATEMATICA                   ","Acta Fisiatrica (USP)","C ",2008
"0567-7572","ENSINO DE CIÊNCIAS E MATEMATICA                   ","Acta Horticulturae","C ",2008
"0102-6712","ENSINO DE CIÊNCIAS E MATEMATICA                   ","Acta Limnológica Brasiliensia","C ",2008
"0103-2100","ENSINO DE CIÊNCIAS E MATEMATICA                   ","Acta Paulista de Enfermagem (UNIFESP. Impresso)","C ",2008
"0065-1583","ENSINO DE CIÊNCIAS E MATEMATICA                   ","Acta Protozoologica (Druk)","C ",2008
"1517-4492","ENSINO DE CIÊNCIAS E MATEMATICA                   ","Acta Scientiae (ULBRA)","B3",2008
"1679-9283","ENSINO DE CIÊNCIAS E MATEMATICA                   ","Acta Scientiarum. Biological Sciences (Impresso)","C ",2008
"1679-7361","ENSINO DE CIÊNCIAS E MATEMATICA                   ","Acta Scientiarum. Human and Social Sciences (Impresso) (Cessou em 2007. Cont. ISSN 1983-4675 Acta Scientiarum. Language and Culture (Impresso))","B5",2008
"0001-706X","ENSINO DE CIÊNCIAS E MATEMATICA                   ","Acta Tropica","C ",2008
"1043-4046","ENSINO DE CIÊNCIAS E MATEMATICA                   ","Advances in Physiology Education","A2",2008
"1981-0997","ENSINO DE CIÊNCIAS E MATEMATICA                   ","Agrária (Recife. Online)","C ",2008
"1133-9837","ENSINO DE CIÊNCIAS E MATEMATICA                   ","Alambique (Barcelona)","B1",2008
"1518-8728","ENSINO DE CIÊNCIAS E MATEMATICA                   ","Alceu (PUCRJ)","C ",2008
"1517-106X","ENSINO DE CIÊNCIAS E MATEMATICA                   ","Alea: Estudos Neolatinos (Impresso)","B5",2008
"1413-0394","ENSINO DE CIÊNCIAS E MATEMATICA                   ","Aletheia (ULBRA)","B5",2008
"1982-5153","ENSINO DE CIÊNCIAS E MATEMATICA                   ","Alexandria (UFSC)","B2",2008
"0065-6755","ENSINO DE CIÊNCIAS E MATEMATICA                   ","Amazoniana (Kiel)","C ",2008
"0002-9505","ENSINO DE CIÊNCIAS E MATEMATICA                   ","American Journal of Physics","B1",2008
"0277-7126","ENSINO DE CIÊNCIAS E MATEMATICA                   ","American Journal of Semiotics","B3",2008
"0939-4451","ENSINO DE CIÊNCIAS E MATEMATICA                   ","Amino Acids (Wien. Print)","C ",2008
"0001-3765","ENSINO DE CIÊNCIAS E MATEMATICA                   ","Anais da Academia Brasileira de Ciências (Impresso)","B4",2008
"0101-4714","ENSINO DE CIÊNCIAS E MATEMATICA                   ","Anais do Museu Paulista (Impresso)","C ",2008
"0102-9924","ENSINO DE CIÊNCIAS E MATEMATICA                   ","Análise Econômica (UFRGS)","C ",2008
"0870-8231","ENSINO DE CIÊNCIAS E MATEMATICA                   ","Análise Psicológica","B4",2008
"1414-3003","ENSINO DE CIÊNCIAS E MATEMATICA                   ","Analytica (UFRJ)","B4",2008
"0987-7576","ENSINO DE CIÊNCIAS E MATEMATICA                   ","Annales de Didactique et de Sciences Cognitives","A2",2008
"0306-4549","ENSINO DE CIÊNCIAS E MATEMATICA                   ","Annals of Nuclear Energy","C ",2008
"1572-9338","ENSINO DE CIÊNCIAS E MATEMATICA                   ","Annals of Operations Research (Dordrecht. Online)","C ",2008
"0003-4967","ENSINO DE CIÊNCIAS E MATEMATICA                   ","Annals of the Rheumatic Diseases","C ",2008
"0101-9759","ENSINO DE CIÊNCIAS E MATEMATICA                   ","Anuário do Instituto de Geociências (UFRJ. Impresso)","B4",2008
"0003-6870","ENSINO DE CIÊNCIAS E MATEMATICA                   ","Applied Ergonomics","C ",2008
"0096-3003","ENSINO DE CIÊNCIAS E MATEMATICA                   ","Applied Mathematics and Computation","B5",2008
"0175-7598","ENSINO DE CIÊNCIAS E MATEMATICA                   ","Applied Microbiology and Biotechnology","C ",2008
"0003-6951","ENSINO DE CIÊNCIAS E MATEMATICA                   ","Applied Physics Letters","C ",2008
"1353-5773","ENSINO DE CIÊNCIAS E MATEMATICA                   ","Aquaculture Nutrition (Print)","C ",2008
"0003-9861","ENSINO DE CIÊNCIAS E MATEMATICA                   ","Archives of Biochemistry and Biophysics (Print)","C ",2008
"0188-4409","ENSINO DE CIÊNCIAS E MATEMATICA                   ","Archives of Medical Research","C ",2008
"0302-8933","ENSINO DE CIÊNCIAS E MATEMATICA                   ","Archives of Microbiology","C ",2008
"1068-2341","ENSINO DE CIÊNCIAS E MATEMATICA                   ","Archivos Analíticos de Políticas Educativas / Education Policy Analysis Archives","C ",2008
"1519-0854","ENSINO DE CIÊNCIAS E MATEMATICA                   ","Argumento (Jundiaí)","C ",2008
"1424-6376","ENSINO DE CIÊNCIAS E MATEMATICA                   ","ARKIVOC","C ",2008
"0066-782X","ENSINO DE CIÊNCIAS E MATEMATICA                   ","Arquivos Brasileiros de Cardiologia (Impresso)","C ",2008
"1414-7149","ENSINO DE CIÊNCIAS E MATEMATICA                   ","Arquivos da APADEC (Cessou em 2005. Cont. ISSN 1980-959X Arquivos do Mudi)","C ",2008
"0004-282X","ENSINO DE CIÊNCIAS E MATEMATICA                   ","Arquivos de Neuro-Psiquiatria (Impresso)","C ",2008
"1808-0901","ENSINO DE CIÊNCIAS E MATEMATICA                   ","Arquivos em Movimento (UFRJ. Impresso) (Cessou em 2005. Cont. ISSN 1809-9556 Arquivos em Movimento (Online))","C ",2008
"0101-6067","ENSINO DE CIÊNCIAS E MATEMATICA                   ","Arquivos Médicos dos Hospitais e da Faculdade de Ciências Médicas da Santa Casa de São Paulo (Impresso)","C ",2008
"0210-4466","ENSINO DE CIÊNCIAS E MATEMATICA                   ","Asclepio (Madrid)","B3",2008
"0004-6361","ENSINO DE CIÊNCIAS E MATEMATICA                   ","Astronomy & Astrophysics (Berlin. Print)","B5",2008
"1414-4077","ENSINO DE CIÊNCIAS E MATEMATICA                   ","Avaliação (UNICAMP)","B5",2008
"0103-8117","ENSINO DE CIÊNCIAS E MATEMATICA                   ","Bahia Analise & Dados","C ",2008
"0955-8810","ENSINO DE CIÊNCIAS E MATEMATICA                   ","Behavioural Pharmacology","C ",2008
"1470-8175","ENSINO DE CIÊNCIAS E MATEMATICA                   ","Biochemistry and Molecular Biology Education","A2",2008
"0925-4439","ENSINO DE CIÊNCIAS E MATEMATICA                   ","Biochimica et Biophysica Acta. Molecular Basis of Disease","C ",2008
"1389-5729","ENSINO DE CIÊNCIAS E MATEMATICA                   ","Biogerontology (Dordrecht)","C ",2008
"0918-6158","ENSINO DE CIÊNCIAS E MATEMATICA                   ","Biological & Pharmaceutical Bulletin","C ",2008
"0966-0844","ENSINO DE CIÊNCIAS E MATEMATICA                   ","BioMetals (Oxford)","C ",2008
"0968-0896","ENSINO DE CIÊNCIAS E MATEMATICA                   ","Bioorganic & Medicinal Chemistry (Print)","C ",2008
"0303-2647","ENSINO DE CIÊNCIAS E MATEMATICA                   ","Biosystems (Amsterdam. Print)","C ",2008
"1518-1812","ENSINO DE CIÊNCIAS E MATEMATICA                   ","BIS. Boletim do Instituto de Saúde (Impresso)","B5",2008
"1464-4096","ENSINO DE CIÊNCIAS E MATEMATICA                   ","BJU International (Print)","C ",2008
"1471-2407","ENSINO DE CIÊNCIAS E MATEMATICA                   ","BMC Cancer (Online)","C ",2008
"0103-636X","ENSINO DE CIÊNCIAS E MATEMATICA                   ","Bolema. Boletim de Educação Matemática (UNESP. Rio Claro. Impresso)","A1",2008
"0102-6968","ENSINO DE CIÊNCIAS E MATEMATICA                   ","Boletim - Centro de Letras e Ciências Humanas (UEL)","C ",2008
"0101-3440","ENSINO DE CIÊNCIAS E MATEMATICA                   ","Boletim - Sociedade Astrônomica Brasileira","C ",2008
"0102-5198","ENSINO DE CIÊNCIAS E MATEMATICA                   ","Boletim de Geografia (UEM)","B5",2008
"0102-4337","ENSINO DE CIÊNCIAS E MATEMATICA                   ","Boletim do Laboratório de Hidrobiologia (UFAMA. Impresso)","C ",2008
"1807-5401","ENSINO DE CIÊNCIAS E MATEMATICA                   ","Boletim do Museu Paraense Emílio Goeldi. Série Ciências Naturais (Cessou em 2005. Cont. ISSN 1981-8114 Boletim do Museu Paraense Emílio Goeldi. Ciências Naturais)","C ",2008
"0104-9739","ENSINO DE CIÊNCIAS E MATEMATICA                   ","Boletim GEPEM","B1",2008
"1677-0838","ENSINO DE CIÊNCIAS E MATEMATICA                   ","Boletim SBEM Bahia","B5",2008
"1315-4125","ENSINO DE CIÊNCIAS E MATEMATICA                   ","Boletin de la Asociacion Matematica Venezolana","B4",2008
"1134-6094","ENSINO DE CIÊNCIAS E MATEMATICA                   ","Boletín de la SEA","C ",2008
"0006-8993","ENSINO DE CIÊNCIAS E MATEMATICA                   ","Brain Research","C ",2008
"0361-9230","ENSINO DE CIÊNCIAS E MATEMATICA                   ","Brain Research Bulletin","C ",2008
"1516-8913","ENSINO DE CIÊNCIAS E MATEMATICA                   ","Brazilian Archives of Biology and Technology (Impresso)","C ",2008
"0100-879X","ENSINO DE CIÊNCIAS E MATEMATICA                   ","Brazilian Journal of Medical and Biological Research (Impresso)","C ",2008
"1679-8759","ENSINO DE CIÊNCIAS E MATEMATICA                   ","Brazilian Journal of Oceanography (Impresso)","C ",2008
"0103-9733","ENSINO DE CIÊNCIAS E MATEMATICA                   ","Brazilian Journal of Physics (Impresso)","C ",2008
"1413-9596","ENSINO DE CIÊNCIAS E MATEMATICA                   ","Brazilian Journal of Veterinary Research and Animal Science (Impresso)","C ",2008
"1806-8324","ENSINO DE CIÊNCIAS E MATEMATICA                   ","Brazilian Oral Research (Impresso)","C ",2008
"0092-8240","ENSINO DE CIÊNCIAS E MATEMATICA                   ","Bulletin of Mathematical Biology (Print)","C ",2008
"1677-2334","ENSINO DE CIÊNCIAS E MATEMATICA                   ","Caderno Brasileiro de Ensino de Física","B1",2008
"0102-3594","ENSINO DE CIÊNCIAS E MATEMATICA                   ","Caderno Catarinense de Ensino de Física (Cessou em 2001. Cont. ISSN 1677-2334 Caderno Brasileiro de Ensino de Física)","B1",2008
"0103-4979","ENSINO DE CIÊNCIAS E MATEMATICA                   ","Caderno CRH (UFBA. Impresso)","C ",2008
"1809-1466","ENSINO DE CIÊNCIAS E MATEMATICA                   ","Caderno de Física da UEFS","C ",2008
"1677-5600","ENSINO DE CIÊNCIAS E MATEMATICA                   ","Caderno de Pesquisa. Série Biologia (UNISC)","C ",2008
"1516-6600","ENSINO DE CIÊNCIAS E MATEMATICA                   ","Caderno Pedagógico (Lajeado. Impresso)","B5",2008
"1518-0395","ENSINO DE CIÊNCIAS E MATEMATICA                   ","Cadernos Camilliani","C ",2008
"0101-3262","ENSINO DE CIÊNCIAS E MATEMATICA                   ","Cadernos CEDES (Impresso)","A2",2008
"1415-9112","ENSINO DE CIÊNCIAS E MATEMATICA                   ","Cadernos da Biodiversidade (Maringá)","C ",2008
"1517-7890","ENSINO DE CIÊNCIAS E MATEMATICA                   ","Cadernos da Pós-Graduação (UEMG)","C ",2008
"0104-1371","ENSINO DE CIÊNCIAS E MATEMATICA                   ","Cadernos de Educação (UFPel)","B5",2008
"1677-0277","ENSINO DE CIÊNCIAS E MATEMATICA                   ","Cadernos de Educação Escolar Indígena","B4",2008
"0103-6300","ENSINO DE CIÊNCIAS E MATEMATICA                   ","Cadernos de História (UFU. Impresso)","B5",2008
"1809-7634","ENSINO DE CIÊNCIAS E MATEMATICA                   ","Cadernos de História da Ciência","B5",2008
"1807-3859","ENSINO DE CIÊNCIAS E MATEMATICA                   ","Cadernos de História da Educação (UFU. Impresso)","B4",2008
"0100-1574","ENSINO DE CIÊNCIAS E MATEMATICA                   ","Cadernos de Pesquisa (Fundação Carlos Chagas. Impresso)","B1",2008
"0102-311X","ENSINO DE CIÊNCIAS E MATEMATICA                   ","Cadernos de Saúde Pública (ENSP. Impresso)","B2",2008
"1983-1781","ENSINO DE CIÊNCIAS E MATEMATICA                   ","Cadernos do Centro de Educação","B5",2008
"1516-9510","ENSINO DE CIÊNCIAS E MATEMATICA                   ","Cadernos do Centro de Pesquisas Literárias da PUCRS (Cessou em 2006. Cont. ISSN 1982-8853 Cadernos de Pesquisas em Literatura)","C ",2008
"1980-4261","ENSINO DE CIÊNCIAS E MATEMATICA                   ","Cadernos FAPA","B4",2008
"0104-8333","ENSINO DE CIÊNCIAS E MATEMATICA                   ","Cadernos Pagu (UNICAMP. Impresso)","B3",2008
"1414-462X","ENSINO DE CIÊNCIAS E MATEMATICA                   ","Cadernos Saúde Coletiva (UFRJ)","C ",2008
"1809-4694","ENSINO DE CIÊNCIAS E MATEMATICA                   ","Cadernos Temáticos (Impresso)","C ",2008
"1809-9475","ENSINO DE CIÊNCIAS E MATEMATICA                   ","Cadernos UniFOA (Impresso)","B5",2008
"0769-1548","ENSINO DE CIÊNCIAS E MATEMATICA                   ","Cahier - Centre de Recherches sur l'Image le Symbole et le Mythe","B4",2008
"1292-2765","ENSINO DE CIÊNCIAS E MATEMATICA                   ","Cahiers Gaston Bachelard","B5",2008
"1983-7399","ENSINO DE CIÊNCIAS E MATEMATICA                   ","Caminhos da Educação Matemática em Revista","B5",2008
"1538-4047","ENSINO DE CIÊNCIAS E MATEMATICA                   ","Cancer Biology & Therapy","C ",2008
"0008-6223","ENSINO DE CIÊNCIAS E MATEMATICA                   ","Carbon (New York)","C ",2008
"0263-6484","ENSINO DE CIÊNCIAS E MATEMATICA                   ","Cell Biochemistry and Function","C ",2008
"1536-7509","ENSINO DE CIÊNCIAS E MATEMATICA                   ","Cell Biology Education","A2",2008
"1065-6995","ENSINO DE CIÊNCIAS E MATEMATICA                   ","Cell Biology International (Print)","C ",2008
"1420-682X","ENSINO DE CIÊNCIAS E MATEMATICA                   ","Cellular and Molecular Life Sciences (Printed ed.)","C ",2008
"0272-4340","ENSINO DE CIÊNCIAS E MATEMATICA                   ","Cellular and Molecular Neurobiology","C ",2008
"0898-6568","ENSINO DE CIÊNCIAS E MATEMATICA                   ","Cellular Signalling","C ",2008
"1644-3616","ENSINO DE CIÊNCIAS E MATEMATICA                   ","Central European Journal of Mathematics","C ",2008
"0009-2614","ENSINO DE CIÊNCIAS E MATEMATICA                   ","Chemical Physics Letters (Print)","C ",2008
"0009-2797","ENSINO DE CIÊNCIAS E MATEMATICA                   ","Chemico-Biological Interactions (Print)","C ",2008
"0045-6535","ENSINO DE CIÊNCIAS E MATEMATICA                   ","Chemosphere (Oxford)","C ",2008
"0742-0528","ENSINO DE CIÊNCIAS E MATEMATICA                   ","Chronobiology International","C ",2008
"1676-4188","ENSINO DE CIÊNCIAS E MATEMATICA                   ","Ciência & Ambiente","B4",2008
"1980-8631","ENSINO DE CIÊNCIAS E MATEMATICA                   ","Ciência & Ensino (Online)","B2",2008
"1414-5111","ENSINO DE CIÊNCIAS E MATEMATICA                   ","Ciência & Ensino (UNICAMP. Impresso)","B2",2008
"1678-4561","ENSINO DE CIÊNCIAS E MATEMATICA                   ","Ciência & Saúde Coletiva (Online)","B3",2008
"0718-2449","ENSINO DE CIÊNCIAS E MATEMATICA                   ","Ciencia & Trabajo (En línea)","B5",2008
"0100-1965","ENSINO DE CIÊNCIAS E MATEMATICA                   ","Ciência da Informação (Impresso)","B4",2008
"0009-6725","ENSINO DE CIÊNCIAS E MATEMATICA                   ","Ciência e Cultura","B4",2008
"1516-7313","ENSINO DE CIÊNCIAS E MATEMATICA                   ","Ciência e Educação (UNESP. Impresso)","A1",2008
"1413-8123","ENSINO DE CIÊNCIAS E MATEMATICA                   ","Ciência e Saúde Coletiva (Impresso)","B3",2008
"1984-154X","ENSINO DE CIÊNCIAS E MATEMATICA                   ","Ciência em Tela","B3",2008
"1413-7461","ENSINO DE CIÊNCIAS E MATEMATICA                   ","Ciência Geográfica","B4",2008
"0101-8515","ENSINO DE CIÊNCIAS E MATEMATICA                   ","Ciência Hoje","B5",2008
"0103-2054","ENSINO DE CIÊNCIAS E MATEMATICA                   ","Ciencia Hoje das Crianças","B5",2008
"0103-8478","ENSINO DE CIÊNCIAS E MATEMATICA                   ","Ciência Rural (UFSM. Impresso)","C ",2008
"1677-3861","ENSINO DE CIÊNCIAS E MATEMATICA                   ","Ciência, Cuidado & Saúde","B5",2008
"1806-5821","ENSINO DE CIÊNCIAS E MATEMATICA                   ","Ciências & Cognição (UFRJ)","B3",2008
"0102-4868","ENSINO DE CIÊNCIAS E MATEMATICA                   ","Ciências & Letras (FAPA. Impresso)","B5",2008
"1519-7050","ENSINO DE CIÊNCIAS E MATEMATICA                   ","Ciências Sociais Unisinos","C ",2008
"1518-4463","ENSINO DE CIÊNCIAS E MATEMATICA                   ","Ciencias Sociales y Religión (Impresso)","B5",2008
"1980-7651","ENSINO DE CIÊNCIAS E MATEMATICA                   ","Circumscribere (PUCSP)","B4",2008
"0264-9381","ENSINO DE CIÊNCIAS E MATEMATICA                   ","Classical and Quantum Gravity (Print)","C ",2008
"0009-8981","ENSINO DE CIÊNCIAS E MATEMATICA                   ","Clinica Chimica Acta (Print)","C ",2008
"1556-6811","ENSINO DE CIÊNCIAS E MATEMATICA                   ","Clinical and Vaccine Immunology","C ",2008
"0009-9120","ENSINO DE CIÊNCIAS E MATEMATICA                   ","Clinical Biochemistry","C ",2008
"1519-9479","ENSINO DE CIÊNCIAS E MATEMATICA                   ","Cógito (Salvador. Impresso)","B5",2008
"1518-7187","ENSINO DE CIÊNCIAS E MATEMATICA                   ","Cognitio (PUCSP)","C ",2008
"1809-8428","ENSINO DE CIÊNCIAS E MATEMATICA                   ","Cognitio-Estudos (PUC-SP. Online)","C ",2008
"1517-3720","ENSINO DE CIÊNCIAS E MATEMATICA                   ","Coleção Ensaios (Rio de Janeiro)","C ",2008
"1519-7654","ENSINO DE CIÊNCIAS E MATEMATICA                   ","ComCiência (UNICAMP)","B4",2008
"1096-4959","ENSINO DE CIÊNCIAS E MATEMATICA                   ","Comparative Biochemistry and Physiology. B, Biochemistry & Molecular Biology (Cessou em 1999. Cont. Comparative Biochemistry and Physiology. Biochemistry & Molecular Biology (2000))","C ",2008
"1532-0456","ENSINO DE CIÊNCIAS E MATEMATICA                   ","Comparative Biochemistry and Physiology. C. Toxicology & Pharmacology","C ",2008
"1095-6433","ENSINO DE CIÊNCIAS E MATEMATICA                   ","Comparative Biochemistry and Physiology. Part A, Molecular & Integrative Physiology","C ",2008
"0332-1649","ENSINO DE CIÊNCIAS E MATEMATICA                   ","Compel (Bradford)","C ",2008
"0360-1315","ENSINO DE CIÊNCIAS E MATEMATICA                   ","Computers and Education","A2",2008
"0104-6829","ENSINO DE CIÊNCIAS E MATEMATICA                   ","Comunicacao e Educacao (USP)","B4",2008
"0104-8481","ENSINO DE CIÊNCIAS E MATEMATICA                   ","Comunicações (UNIMEP)","B5",2008
"1532-0626","ENSINO DE CIÊNCIAS E MATEMATICA                   ","Concurrency and Computation","C ",2008
"1677-1028","ENSINO DE CIÊNCIAS E MATEMATICA                   ","ConScientiae Saúde (Impresso)","C ",2008
"0102-8758","ENSINO DE CIÊNCIAS E MATEMATICA                   ","Contexto & Educação","B4",2008
"1519-8227","ENSINO DE CIÊNCIAS E MATEMATICA                   ","Contrapontos (UNIVALI) (Cessou em 2008. Cont. ISSN 1984-7114 Contrapontos (Online))","B5",2008
"1405-1435","ENSINO DE CIÊNCIAS E MATEMATICA                   ","Convergencía (Toluca)","B5",2008
"1333-1108","ENSINO DE CIÊNCIAS E MATEMATICA                   ","Croatian Journal of Philosophy","B4",2008
"1518-0689","ENSINO DE CIÊNCIAS E MATEMATICA                   ","Cronos (Natal. Impresso)","C ",2008
"1807-9172","ENSINO DE CIÊNCIAS E MATEMATICA                   ","Cultura Garança","C ",2008
"1871-1502","ENSINO DE CIÊNCIAS E MATEMATICA                   ","Cultural Studies of Science Education (Print)","A1",2008
"0343-8651","ENSINO DE CIÊNCIAS E MATEMATICA                   ","Current Microbiology (Print)","C ",2008
"0907-0877","ENSINO DE CIÊNCIAS E MATEMATICA                   ","Cybernetics & Human Knowing","B1",2008
"1359-6101","ENSINO DE CIÊNCIAS E MATEMATICA                   ","Cytokine & Growth Factor Reviews","C ",2008
"1982-5234","ENSINO DE CIÊNCIAS E MATEMATICA                   ","Democratizar (Faetec)","C ",2008
"0165-3806","ENSINO DE CIÊNCIAS E MATEMATICA                   ","Developmental Brain Research (Cessou em 2005)","C ",2008
"1519-3640","ENSINO DE CIÊNCIAS E MATEMATICA                   ","Diálogo (Canoas)","C ",2008
"1982-2898","ENSINO DE CIÊNCIAS E MATEMATICA                   ","Direcional Educador (Impresso)","C ",2008
"1516-6104","ENSINO DE CIÊNCIAS E MATEMATICA                   ","Direito, Estado e Sociedade (Impresso)","C ",2008
"1519-0625","ENSINO DE CIÊNCIAS E MATEMATICA                   ","Disciplinarum Scientia. Série Ciências Exatas (Cessou em 2001. Cont. 1981-2841 Disciplinarum Scientia. Série Ciências Naturais e Tecnológicas)","C ",2008
"1531-3492","ENSINO DE CIÊNCIAS E MATEMATICA                   ","Discrete and Continuous Dynamical Systems. Series B","C ",2008
"0166-218X","ENSINO DE CIÊNCIAS E MATEMATICA                   ","Discrete Applied Mathematics","B5",2008
"0872-0738","ENSINO DE CIÊNCIAS E MATEMATICA                   ","Discursos (Coimbra) (Cessou em 1998)","C ",2008
"1808-5652","ENSINO DE CIÊNCIAS E MATEMATICA                   ","Discursos Fotográficos","C ",2008
"0104-6969","ENSINO DE CIÊNCIAS E MATEMATICA                   ","Divulgacoes do Museu de Ciencias e Tecnologia-UBEA/PUCRS","C ",2008
"0148-0545","ENSINO DE CIÊNCIAS E MATEMATICA                   ","Drug and Chemical Toxicology (New York, N.Y. 1978)","C ",2008
"0363-9045","ENSINO DE CIÊNCIAS E MATEMATICA                   ","Drug Development and Industrial Pharmacy (Print)","C ",2008
"1984-3151","ENSINO DE CIÊNCIAS E MATEMATICA                   ","E-xacta (Belo Horizonte)","C ",2008
"0736-623X","ENSINO DE CIÊNCIAS E MATEMATICA                   ","Earth Sciences History","B4",2008
"1574-9541","ENSINO DE CIÊNCIAS E MATEMATICA                   ","Ecological Informatics (Print)","C ",2008
"0147-6513","ENSINO DE CIÊNCIAS E MATEMATICA                   ","Ecotoxicology and Environmental Safety","C ",2008
"1415-9902","ENSINO DE CIÊNCIAS E MATEMATICA                   ","Educação & Linguagem","B4",2008
"0101-7330","ENSINO DE CIÊNCIAS E MATEMATICA                   ","Educação & Sociedade (Impresso)","B2",2008
"1414-5057","ENSINO DE CIÊNCIAS E MATEMATICA                   ","Educação & Tecnologia","B4",2008
"0101-465X","ENSINO DE CIÊNCIAS E MATEMATICA                   ","Educação (PUCRS. Impresso)","B5",2008
"0101-9031","ENSINO DE CIÊNCIAS E MATEMATICA                   ","Educação (UFSM)","B5",2008
"1678-0701","ENSINO DE CIÊNCIAS E MATEMATICA                   ","Educação Ambiental em Ação","B5",2008
"1807-2194","ENSINO DE CIÊNCIAS E MATEMATICA                   ","Educação e Cultura Contemporânea","B4",2008
,"ENSINO DE CIÊNCIAS E MATEMATICA                   ","Educação e Matemática","C ",2008
"1517-9702","ENSINO DE CIÊNCIAS E MATEMATICA                   ","Educação e Pesquisa (USP. Impresso)","B2",2008
"0100-3143","ENSINO DE CIÊNCIAS E MATEMATICA                   ","Educação e Realidade","B2",2008
"1519-3322","ENSINO DE CIÊNCIAS E MATEMATICA                   ","Educação em Foco (Belo Horizonte. 1996)","B4",2008
"0104-3293","ENSINO DE CIÊNCIAS E MATEMATICA                   ","Educação em Foco (Juiz de Fora)","B4",2008
"1806-7123","ENSINO DE CIÊNCIAS E MATEMATICA                   ","Educação em Revista (Porto Alegre)","B3",2008
"0102-4698","ENSINO DE CIÊNCIAS E MATEMATICA                   ","Educação em Revista (UFMG. Impresso)","B3",2008
"1519-9460","ENSINO DE CIÊNCIAS E MATEMATICA                   ","Educação Marista","C ",2008
"1981-6979","ENSINO DE CIÊNCIAS E MATEMATICA                   ","Educação Matemática em Foco (UFPB)","B5",2008
"1517-3941","ENSINO DE CIÊNCIAS E MATEMATICA                   ","Educação Matemática em Revista (São Paulo)","B2",2008
"1518-8221","ENSINO DE CIÊNCIAS E MATEMATICA                   ","Educação Matemática em Revista-RS","B4",2008
"1516-5388","ENSINO DE CIÊNCIAS E MATEMATICA                   ","Educação Matemática Pesquisa (Impresso)","B2",2008
"1519-8650","ENSINO DE CIÊNCIAS E MATEMATICA                   ","Educação nas Ciências (UNIJUÍ)","C ",2008
"1980-5594","ENSINO DE CIÊNCIAS E MATEMATICA                   ","Educação Profissional (Brasília. Impresso)","C ",2008
"1519-387X","ENSINO DE CIÊNCIAS E MATEMATICA                   ","Educação Unisinos","B5",2008
"0120-8446","ENSINO DE CIÊNCIAS E MATEMATICA                   ","Educacion Hoy","B4",2008
"0864-2141","ENSINO DE CIÊNCIAS E MATEMATICA                   ","Educación Médica Superior (Impresa)","B4",2008
"0187-893X","ENSINO DE CIÊNCIAS E MATEMATICA                   ","Educación Química","B1",2008
"0104-4060","ENSINO DE CIÊNCIAS E MATEMATICA                   ","Educar em Revista (Impresso)","B4",2008
"0013-1954","ENSINO DE CIÊNCIAS E MATEMATICA                   ","Educational Studies in Mathematics","A1",2008
"1316-4910","ENSINO DE CIÊNCIAS E MATEMATICA                   ","EDUCERE (Mérida)","C ",2008
"1519-0099","ENSINO DE CIÊNCIAS E MATEMATICA                   ","Educere (Umuarama. Impresso)","B5",2008
"1072-6691","ENSINO DE CIÊNCIAS E MATEMATICA                   ","Electronic Journal of Differential Equations","C ",2008
"1518-6369","ENSINO DE CIÊNCIAS E MATEMATICA                   ","Em Extensão (UFU. Impresso)","C ",2008
"1980-9352","ENSINO DE CIÊNCIAS E MATEMATICA                   ","Em Formação (UFRJ. Online)","C ",2008
"1981-335X","ENSINO DE CIÊNCIAS E MATEMATICA                   ","Emergência Clínica","C ",2008
"1080-6040","ENSINO DE CIÊNCIAS E MATEMATICA                   ","Emerging Infectious Diseases (Print)","C ",2008
"0301-4215","ENSINO DE CIÊNCIAS E MATEMATICA                   ","Energy Policy","B5",2008
"0104-4036","ENSINO DE CIÊNCIAS E MATEMATICA                   ","Ensaio (Fundação Cesgranrio. Impresso)","C ",2008
"1415-2150","ENSINO DE CIÊNCIAS E MATEMATICA                   ","Ensaio: Pesquisa em Educação em Ciências (Impresso)","A2",2008
"0101-1723","ENSINO DE CIÊNCIAS E MATEMATICA                   ","Ensaios FEE (Impresso)","C ",2008
"0212-4521","ENSINO DE CIÊNCIAS E MATEMATICA                   ","Enseñanza de las Ciencias","A1",2008
"1132-9157","ENSINO DE CIÊNCIAS E MATEMATICA                   ","Enseñanza de las Ciencias de la Tierra","A2",2008
"1983-7011","ENSINO DE CIÊNCIAS E MATEMATICA                   ","Ensino, Saúde e Ambiente","B5",2008
"0328-0381","ENSINO DE CIÊNCIAS E MATEMATICA                   ","Entomología y Vectores","C ",2008
"0013-872X","ENSINO DE CIÊNCIAS E MATEMATICA                   ","Entomological News","C ",2008
"0893-6692","ENSINO DE CIÊNCIAS E MATEMATICA                   ","Environmental and Molecular Mutagenesis (Print)","C ",2008
"0013-9351","ENSINO DE CIÊNCIAS E MATEMATICA                   ","Environmental Research (New York, N.Y. Print)","C ",2008
"1382-6689","ENSINO DE CIÊNCIAS E MATEMATICA                   ","Environmental Toxicology and Pharmacology","C ",2008
"0013-9580","ENSINO DE CIÊNCIAS E MATEMATICA                   ","Epilepsia (Copenhagen)","C ",2008
"1413-5736","ENSINO DE CIÊNCIAS E MATEMATICA                   ","Episteme (Porto Alegre)","B4",2008
"1518-2487","ENSINO DE CIÊNCIAS E MATEMATICA                   ","Eptic (UFS)","C ",2008
"1414-8145","ENSINO DE CIÊNCIAS E MATEMATICA                   ","Escola Anna Nery","C ",2008
"1677-9843","ENSINO DE CIÊNCIAS E MATEMATICA                   ","Escritos sobre Educação (Impresso)","B4",2008
"0103-7668","ENSINO DE CIÊNCIAS E MATEMATICA                   ","Espaço (Rio de Janeiro. 1990)","B4",2008
"0104-7469","ENSINO DE CIÊNCIAS E MATEMATICA                   ","Espaço Pedagógico","B4",2008
"1517-5081","ENSINO DE CIÊNCIAS E MATEMATICA                   ","Especiaria (UESC)","C ",2008
"1678-1317","ENSINO DE CIÊNCIAS E MATEMATICA                   ","Estaç@o (Londrina)","C ",2008
"1415-7128","ENSINO DE CIÊNCIAS E MATEMATICA                   ","Estilos da Clínica (USP. Impresso)","B5",2008
"0103-4014","ENSINO DE CIÊNCIAS E MATEMATICA                   ","Estudos Avançados (USP. Impresso)","B5",2008
"1414-0144","ENSINO DE CIÊNCIAS E MATEMATICA                   ","Estudos de Sociologia (São Paulo)","B5",2008
"1808-4281","ENSINO DE CIÊNCIAS E MATEMATICA                   ","Estudos e Pesquisas em Psicologia (Online)","B5",2008
"0103-6831","ENSINO DE CIÊNCIAS E MATEMATICA                   ","Estudos em Avaliação Educacional (Impresso)","B5",2008
"1676-2592","ENSINO DE CIÊNCIAS E MATEMATICA                   ","ETD : Educação Temática Digital","B3",2008
"1809-0400","ENSINO DE CIÊNCIAS E MATEMATICA                   ","Ethos & Episteme (UFAM)","C ",2008
"0223-5234","ENSINO DE CIÊNCIAS E MATEMATICA                   ","European Journal of Medicinal Chemistry","C ",2008
"0014-2999","ENSINO DE CIÊNCIAS E MATEMATICA                   ","European Journal of Pharmacology","C ",2008
"0143-0807","ENSINO DE CIÊNCIAS E MATEMATICA                   ","European Journal of Physics (Print)","B4",2008
"1434-6001","ENSINO DE CIÊNCIAS E MATEMATICA                   ","European Physical Journal. A, Hadrons and Nuclei (Print)","C ",2008
"0295-5075","ENSINO DE CIÊNCIAS E MATEMATICA                   ","Europhysics Letters (Print)","C ",2008
"1741-427X","ENSINO DE CIÊNCIAS E MATEMATICA                   ","Evidence-Based Complementary and Alternative Medicine (Print)","C ",2008
"1063-6560","ENSINO DE CIÊNCIAS E MATEMATICA                   ","Evolutionary Computation","C ",2008
"1676-742X","ENSINO DE CIÊNCIAS E MATEMATICA                   ","Exatec (UCS)","C ",2008
"1982-2413","ENSINO DE CIÊNCIAS E MATEMATICA                   ","Experiências em Ensino de Ciências (UFRGS)","B2",2008
"1535-3702","ENSINO DE CIÊNCIAS E MATEMATICA                   ","Experimental Biology and Medicine (Maywood, N.J.: Print)","C ",2008
"0014-4894","ENSINO DE CIÊNCIAS E MATEMATICA                   ","Experimental Parasitology","C ",2008
"1472-8222","ENSINO DE CIÊNCIAS E MATEMATICA                   ","Expert Opinion on Therapeutic Targets","C ",2008
"1519-7069","ENSINO DE CIÊNCIAS E MATEMATICA                   ","Expressão (Guaxupé)","C ",2008
"0972-0960","ENSINO DE CIÊNCIAS E MATEMATICA                   ","Far East Journal of Applied Mathematics","B5",2008
"0014-8962","ENSINO DE CIÊNCIAS E MATEMATICA                   ","Feddes Repertorium","C ",2008
"1807-6971","ENSINO DE CIÊNCIAS E MATEMATICA                   ","Fênix (UFU. Online)","C ",2008
"0015-0193","ENSINO DE CIÊNCIAS E MATEMATICA                   ","Ferroelectrics (Print)","C ",2008
"1983-053X","ENSINO DE CIÊNCIAS E MATEMATICA                   ","Filosofia e História da Biologia","B5",2008
"1519-5023","ENSINO DE CIÊNCIAS E MATEMATICA                   ","Filosofia Unisinos (Impresso)","B4",2008
"1518-9740","ENSINO DE CIÊNCIAS E MATEMATICA                   ","Fisioterapia Brasil","C ",2008
"0228-0671","ENSINO DE CIÊNCIAS E MATEMATICA                   ","For the Learning of Mathematics","A1",2008
"1981-0199","ENSINO DE CIÊNCIAS E MATEMATICA                   ","ForGrad em Revista","C ",2008
"0015-9018","ENSINO DE CIÊNCIAS E MATEMATICA                   ","Foundations of Physics","B5",2008
"1466-4879","ENSINO DE CIÊNCIAS E MATEMATICA                   ","Genes and Immunity","C ",2008
"0016-6707","ENSINO DE CIÊNCIAS E MATEMATICA                   ","Genetica ('s-Gravenhage)","C ",2008
"1980-3540","ENSINO DE CIÊNCIAS E MATEMATICA                   ","Genética na Escola","B5",2008
"1415-4757","ENSINO DE CIÊNCIAS E MATEMATICA                   ","Genetics and Molecular Biology (Impresso)","C ",2008
"1518-7667","ENSINO DE CIÊNCIAS E MATEMATICA                   ","Geodados (Maringá)","C ",2008
"0100-7912","ENSINO DE CIÊNCIAS E MATEMATICA                   ","Geografia (Rio Claro. Impresso)","B4",2008
"0104-4486","ENSINO DE CIÊNCIAS E MATEMATICA                   ","Geonomos","B3",2008
"1983-8220","ENSINO DE CIÊNCIAS E MATEMATICA                   ","Gerais: Revista Interinstitucional de Psicologia","B5",2008
"1516-8891","ENSINO DE CIÊNCIAS E MATEMATICA                   ","Gestão em Ação (Impresso)","C ",2008
"0103-250X","ENSINO DE CIÊNCIAS E MATEMATICA                   ","Guairaca (UNICENTRO)","C ",2008
"1677-8979","ENSINO DE CIÊNCIAS E MATEMATICA                   ","Hermes (São Paulo)","C ",2008
"0103-1155","ENSINO DE CIÊNCIAS E MATEMATICA                   ","Hífen (PUCRS. Impresso)","C ",2008
"1414-3518","ENSINO DE CIÊNCIAS E MATEMATICA                   ","História da Educação (UFPel)","B4",2008
"0104-5970","ENSINO DE CIÊNCIAS E MATEMATICA                   ","História, Ciências, Saúde-Manguinhos (Impresso)","B1",2008
"0890-9997","ENSINO DE CIÊNCIAS E MATEMATICA                   ","Historical Studies in the Physical and Biological Sciences (Cessou em 2007. Cont. ISSN 1939-1811 Historical Studies in the Natural Sciences)","B1",2008
"1807-1600","ENSINO DE CIÊNCIAS E MATEMATICA                   ","Holos (Natal. Online)","B5",2008
"0103-7706","ENSINO DE CIÊNCIAS E MATEMATICA                   ","Horizontes (EDUSF)","B5",2008
"1807-538X","ENSINO DE CIÊNCIAS E MATEMATICA                   ","Humanitates (UCB/DF)","B5",2008
"1011-4289","ENSINO DE CIÊNCIAS E MATEMATICA                   ","IAEA-Tecdoc","C ",2008
"1415-4668","ENSINO DE CIÊNCIAS E MATEMATICA                   ","Ideação (UEFS)","B5",2008
"0018-9464","ENSINO DE CIÊNCIAS E MATEMATICA                   ","IEEE Transactions on Magnetics","C ",2008
"1982-5498","ENSINO DE CIÊNCIAS E MATEMATICA                   ","Igapó (CEFET-AM)","C ",2008
"9999-9900","ENSINO DE CIÊNCIAS E MATEMATICA                   ","IJCEELL-International Journal of Continuing Engineering Education and Life Long Learning","B4",2008
"0171-2985","ENSINO DE CIÊNCIAS E MATEMATICA                   ","Immunobiology (Jena. 1979)","C ",2008
"1808-8899","ENSINO DE CIÊNCIAS E MATEMATICA                   ","Inclusão (Brasília)","C ",2008
"1579-3141","ENSINO DE CIÊNCIAS E MATEMATICA                   ","Indivisa, Boletín de Estudios e Investigación","C ",2008
"0104-0219","ENSINO DE CIÊNCIAS E MATEMATICA                   ","Infarma (Brasília)","C ",2008
"0019-9567","ENSINO DE CIÊNCIAS E MATEMATICA                   ","Infection and Immunity (Print)","C ",2008
"1516-1854","ENSINO DE CIÊNCIAS E MATEMATICA                   ","Interação (Curitiba) (Cessou em 2001. Cont. ISSN 1981-8068 Interação em Psicologia (Impresso))","C ",2008
"0873-0725","ENSINO DE CIÊNCIAS E MATEMATICA                   ","Interacções (Coimbra)","C ",2008
"1646-2335","ENSINO DE CIÊNCIAS E MATEMATICA                   ","Interacções (Portugal)","B4",2008
"1519-8847","ENSINO DE CIÊNCIAS E MATEMATICA                   ","Interagir (UERJ)","B4",2008
"1676-6369","ENSINO DE CIÊNCIAS E MATEMATICA                   ","Interciência (Catanduva)","C ",2008
"1414-3283","ENSINO DE CIÊNCIAS E MATEMATICA                   ","Interface (Botucatu. Impresso)","B3",2008
"1932-8818","ENSINO DE CIÊNCIAS E MATEMATICA                   ","International Journal for the History of Mathematics Education","B3",2008
"1382-3892","ENSINO DE CIÊNCIAS E MATEMATICA                   ","International Journal of Computers for Mathematical Learning","A2",2008
"0736-5748","ENSINO DE CIÊNCIAS E MATEMATICA                   ","International Journal of Developmental Neuroscience","C ",2008
"1539-3100","ENSINO DE CIÊNCIAS E MATEMATICA                   ","International Journal of Distance Education Technologies","B2",2008
"1740-0570","ENSINO DE CIÊNCIAS E MATEMATICA                   ","International Journal of High Performance Computing and Networking (Online)","B5",2008
"0020-739X","ENSINO DE CIÊNCIAS E MATEMATICA                   ","International Journal of Mathematical Education in Science and Technology","B1",2008
"1438-4221","ENSINO DE CIÊNCIAS E MATEMATICA                   ","International Journal of Medical Microbiology (Print)","C ",2008
"1461-1457","ENSINO DE CIÊNCIAS E MATEMATICA                   ","International Journal of Neuropsychopharmacology (Print)","C ",2008
"0020-7608","ENSINO DE CIÊNCIAS E MATEMATICA                   ","International Journal of Quantum Chemistry","C ",2008
"0950-0693","ENSINO DE CIÊNCIAS E MATEMATICA                   ","International Journal of Science Education","A1",2008
"1364-5579","ENSINO DE CIÊNCIAS E MATEMATICA                   ","International Journal of Social Research Methodology (Print)","B1",2008
"1888-0762","ENSINO DE CIÊNCIAS E MATEMATICA                   ","Investigación en Educación Matemática","B2",2008
"1518-8795","ENSINO DE CIÊNCIAS E MATEMATICA                   ","Investigações em Ensino de Ciências (Online)","A2",2008
"1518-9384","ENSINO DE CIÊNCIAS E MATEMATICA                   ","Investigações em Ensino de Ciências (UFRGS. Impresso)","A2",2008
"1516-697X","ENSINO DE CIÊNCIAS E MATEMATICA                   ","IP (Belo Horizonte)","C ",2008
"1547-5867","ENSINO DE CIÊNCIAS E MATEMATICA                   ","Issues in Informing Science & Information Technology Education (Online)","B3",2008
"1824-2049","ENSINO DE CIÊNCIAS E MATEMATICA                   ","JCOM, Journal of Science Communication","A2",2008
"0047-2077","ENSINO DE CIÊNCIAS E MATEMATICA                   ","Jornal Brasileiro de Medicina","C ",2008
"1806-3713","ENSINO DE CIÊNCIAS E MATEMATICA                   ","Jornal Brasileiro de Pneumologia (Impresso)","C ",2008
"1517-5693","ENSINO DE CIÊNCIAS E MATEMATICA                   ","Jornal Brasileiro de Reprodução Assistida (Impresso)","C ",2008
"0021-7557","ENSINO DE CIÊNCIAS E MATEMATICA                   ","Jornal de Pediatria (Impresso)","C ",2008
"0021-8979","ENSINO DE CIÊNCIAS E MATEMATICA                   ","Journal of Applied Physics","C ",2008
"0021-9193","ENSINO DE CIÊNCIAS E MATEMATICA                   ","Journal of Bacteriology (Print)","C ",2008
"0021-9266","ENSINO DE CIÊNCIAS E MATEMATICA                   ","Journal of Biological Education","A2",2008
"1549-9596","ENSINO DE CIÊNCIAS E MATEMATICA                   ","Journal of Chemical Information and Modeling","C ",2008
"0095-1137","ENSINO DE CIÊNCIAS E MATEMATICA                   ","Journal of Clinical Microbiology (Print)","C ",2008
"0021-9991","ENSINO DE CIÊNCIAS E MATEMATICA                   ","Journal of Computational Physics (Print)","C ",2008
"8755-5093","ENSINO DE CIÊNCIAS E MATEMATICA                   ","Journal of Enzyme Inhibition (Print) (Cessou em 2002. Cont. ISSN 1475-6366 Journal of Enzyme Inhibition and Medicinal Chemistry (Print))","C ",2008
"0143-005X","ENSINO DE CIÊNCIAS E MATEMATICA                   ","Journal of Epidemiology and Community Health (1979)","B4",2008
"0022-2291","ENSINO DE CIÊNCIAS E MATEMATICA                   ","Journal of Low Temperature Physics","C ",2008
"0022-2585","ENSINO DE CIÊNCIAS E MATEMATICA                   ","Journal of Medical Entomology","C ",2008
"0360-4012","ENSINO DE CIÊNCIAS E MATEMATICA                   ","Journal of Neuroscience Research","C ",2008
"0022-3263","ENSINO DE CIÊNCIAS E MATEMATICA                   ","Journal of Organic Chemistry","C ",2008
"0022-3417","ENSINO DE CIÊNCIAS E MATEMATICA                   ","Journal of Pathology","C ",2008
"0146-8693","ENSINO DE CIÊNCIAS E MATEMATICA                   ","Journal of Pediatric Psychology","C ",2008
"0894-3230","ENSINO DE CIÊNCIAS E MATEMATICA                   ","Journal of Physical Organic Chemistry (Print)","C ",2008
"0022-3697","ENSINO DE CIÊNCIAS E MATEMATICA                   ","Journal of Physics and Chemistry of Solids","C ",2008
"0953-4075","ENSINO DE CIÊNCIAS E MATEMATICA                   ","Journal of Physics. B, Atomic Molecular and Optical Physics (Print)","C ",2008
"0953-8984","ENSINO DE CIÊNCIAS E MATEMATICA                   ","Journal of Physics. Condensed Matter (Print)","C ",2008
"0022-3727","ENSINO DE CIÊNCIAS E MATEMATICA                   ","Journal of Physics. D, Applied Physics (Print)","C ",2008
"0269-8811","ENSINO DE CIÊNCIAS E MATEMATICA                   ","Journal of Psychopharmacology (Oxford)","C ",2008
"8756-971X","ENSINO DE CIÊNCIAS E MATEMATICA                   ","Journal of the American Mosquito Control Association","C ",2008
"1302-1672","ENSINO DE CIÊNCIAS E MATEMATICA                   ","Journal of the Balkan Geophysical Society","C ",2008
"0103-5053","ENSINO DE CIÊNCIAS E MATEMATICA                   ","Journal of the Brazilian Chemical Society (Impresso)","C ",2008
"1809-8401","ENSINO DE CIÊNCIAS E MATEMATICA                   ","Journal of the Brazilian Society of Ecotoxicology","C ",2008
"0022-5096","ENSINO DE CIÊNCIAS E MATEMATICA                   ","Journal of the Mechanics and Physics of Solids","C ",2008
"0022-510X","ENSINO DE CIÊNCIAS E MATEMATICA                   ","Journal of the Neurological Sciences","C ",2008
"1388-6150","ENSINO DE CIÊNCIAS E MATEMATICA                   ","Journal of Thermal Analysis and Calorimetry","C ",2008
"1081-1710","ENSINO DE CIÊNCIAS E MATEMATICA                   ","Journal of Vector Ecology","B5",2008
"0166-0934","ENSINO DE CIÊNCIAS E MATEMATICA                   ","Journal of Virological Methods","C ",2008
"0100-512X","ENSINO DE CIÊNCIAS E MATEMATICA                   ","Kriterion (UFMG. Impresso)","B1",2008
"1120-9968","ENSINO DE CIÊNCIAS E MATEMATICA                   ","La Matematica e la sua Didattica","B1",2008
"1413-7321","ENSINO DE CIÊNCIAS E MATEMATICA                   ","La Salle (Canoas)","C ",2008
"1676-966X","ENSINO DE CIÊNCIAS E MATEMATICA                   ","Labrys (Editión Française. Online)","C ",2008
"1870-9095","ENSINO DE CIÊNCIAS E MATEMATICA                   ","Latin American Journal of Physics Education","B2",2008
"1514-3465","ENSINO DE CIÊNCIAS E MATEMATICA                   ","Lecturas Educación Física y Deportes (Buenos Aires)","C ",2008
"0302-9743","ENSINO DE CIÊNCIAS E MATEMATICA                   ","Lecture Notes in Computer Science","B4",2008
"0103-6858","ENSINO DE CIÊNCIAS E MATEMATICA                   ","Leitura (UFAL)","B5",2008
"0102-387X","ENSINO DE CIÊNCIAS E MATEMATICA                   ","Leitura. Teoria & Prática","B5",2008
"1678-1716","ENSINO DE CIÊNCIAS E MATEMATICA                   ","Leituras Contemporâneas","C ",2008
"0024-3795","ENSINO DE CIÊNCIAS E MATEMATICA                   ","Linear Algebra and its Applications","B5",2008
"1981-6847","ENSINO DE CIÊNCIAS E MATEMATICA                   ","Língua Escrita (UFMG)","B4",2008
"1415-1928","ENSINO DE CIÊNCIAS E MATEMATICA                   ","Linguagem & Ensino (UCPel. Impresso)","B4",2008
"1518-0743","ENSINO DE CIÊNCIAS E MATEMATICA                   ","Linguagem, Educação e Sociedade (UFPI)","B5",2008
"1518-367X","ENSINO DE CIÊNCIAS E MATEMATICA                   ","Linhas (UDESC) (Cessou em 2005. Cont. ISSN 1984-7238 Linhas (Florianópolis. Online))","C ",2008
"1516-4896","ENSINO DE CIÊNCIAS E MATEMATICA                   ","Linhas Críticas (UnB)","C ",2008
"0210-8615","ENSINO DE CIÊNCIAS E MATEMATICA                   ","Llull (Madrid)","B5",2008
"1367-0751","ENSINO DE CIÊNCIAS E MATEMATICA                   ","Logic Journal of the IGPL (Print)","B4",2008
"1063-777X","ENSINO DE CIÊNCIAS E MATEMATICA                   ","Low Temperature Physics (Woodbury, N.Y., Print)","C ",2008
"1415-8604","ENSINO DE CIÊNCIAS E MATEMATICA                   ","Lugar Comum (UFRJ)","B5",2008
"0104-9313","ENSINO DE CIÊNCIAS E MATEMATICA                   ","Mana (UFRJ. Impresso)","B4",2008
"1982-2987","ENSINO DE CIÊNCIAS E MATEMATICA                   ","Maquinações (UEL)","C ",2008
"0141-1136","ENSINO DE CIÊNCIAS E MATEMATICA                   ","Marine Environmental Research","C ",2008
"0025-3227","ENSINO DE CIÊNCIAS E MATEMATICA                   ","Marine Geology (Print)","C ",2008
"0377-8398","ENSINO DE CIÊNCIAS E MATEMATICA                   ","Marine Micropaleontology (Print)","C ",2008
"1809-6085","ENSINO DE CIÊNCIAS E MATEMATICA                   ","Maringá Ensina","C ",2008
"0102-8545","ENSINO DE CIÊNCIAS E MATEMATICA                   ","Matemática Universitária","C ",2008
"0254-0584","ENSINO DE CIÊNCIAS E MATEMATICA                   ","Materials Chemistry and Physics","C ",2008
"0025-553X","ENSINO DE CIÊNCIAS E MATEMATICA                   ","Mathematicae Notae","C ",2008
"0030-1566","ENSINO DE CIÊNCIAS E MATEMATICA                   ","Mathematical Journal of Okayama University","C ",2008
"1072-0839","ENSINO DE CIÊNCIAS E MATEMATICA                   ","Mathematics Teaching in the Middle School","B4",2008
"1414-7165","ENSINO DE CIÊNCIAS E MATEMATICA                   ","Matraga (Rio de Janeiro)","C ",2008
"1450-1104","ENSINO DE CIÊNCIAS E MATEMATICA                   ","Mediterranean Journal for Research in Mathematics Education","B1",2008
"1660-5446","ENSINO DE CIÊNCIAS E MATEMATICA                   ","Mediterranean Journal of Mathematics (Print)","B5",2008
"0074-0276","ENSINO DE CIÊNCIAS E MATEMATICA                   ","Memórias do Instituto Oswaldo Cruz (Impresso)","B4",2008
"1678-8060","ENSINO DE CIÊNCIAS E MATEMATICA                   ","Memórias do Instituto Oswaldo Cruz (Online)","B4",2008
"0885-7490","ENSINO DE CIÊNCIAS E MATEMATICA                   ","Metabolic Brain Disease","C ",2008
"1086-9379","ENSINO DE CIÊNCIAS E MATEMATICA                   ","Meteoritics & Planetary Science","C ",2008
"0026-2692","ENSINO DE CIÊNCIAS E MATEMATICA                   ","Microelectronics (Luton) (Cessou em 1978. Cont. ISSN 0959-8324 Microelectronics Journal)","C ",2008
"0968-4328","ENSINO DE CIÊNCIAS E MATEMATICA                   ","Micron (Oxford. 1993)","C ",2008
"1593-7879","ENSINO DE CIÊNCIAS E MATEMATICA                   ","Mind & Society","B3",2008
"0300-8177","ENSINO DE CIÊNCIAS E MATEMATICA                   ","Molecular and Cellular Biochemistry","C ",2008
"1058-725X","ENSINO DE CIÊNCIAS E MATEMATICA                   ","Molecular Crystals and Liquid Crystals Science and Technology. Section A, Molecular Crystals and Liquid Crystals (Print)","C ",2008
"1096-7192","ENSINO DE CIÊNCIAS E MATEMATICA                   ","Molecular Genetics and Metabolism (Print)","C ",2008
"1055-7903","ENSINO DE CIÊNCIAS E MATEMATICA                   ","Molecular Phylogenetics and Evolution (Print)","C ",2008
"0425-0818","ENSINO DE CIÊNCIAS E MATEMATICA                   ","Monographies de L'Enseignement Mathématique","B2",2008
"0035-8711","ENSINO DE CIÊNCIAS E MATEMATICA                   ","Monthly Notices of the Royal Astronomical Society (Print)","C ",2008
"0104-754X","ENSINO DE CIÊNCIAS E MATEMATICA                   ","Movimento (UFRGS. Impresso)","C ",2008
"1540-3459","ENSINO DE CIÊNCIAS E MATEMATICA                   ","Multiscale Modeling & Simulation (Print)","C ",2008
"1677-1451","ENSINO DE CIÊNCIAS E MATEMATICA                   ","Mundo Jovem (PUCRS)","C ",2008
"1807-6149","ENSINO DE CIÊNCIAS E MATEMATICA                   ","Musas (IPHAN)","C ",2008
"0267-8357","ENSINO DE CIÊNCIAS E MATEMATICA                   ","Mutagenesis","C ",2008
"1383-5718","ENSINO DE CIÊNCIAS E MATEMATICA                   ","Mutation Research. Genetic Toxicology and Environmental Mutagenesis","C ",2008
"0165-1161","ENSINO DE CIÊNCIAS E MATEMATICA                   ","Mutation Research. Section on Environmental Mutagenesis and Related Subjects (Cessou em 1996. Fundiu-se com ISSN 0165-1218 e 1383-5718)","C ",2008
"1530-6984","ENSINO DE CIÊNCIAS E MATEMATICA                   ","Nano Letters (Print)","C ",2008
"0957-4484","ENSINO DE CIÊNCIAS E MATEMATICA                   ","Nanotechnology (Bristol. Print)","C ",2008
"1873-0604","ENSINO DE CIÊNCIAS E MATEMATICA                   ","Near Surface Geophysics (Online)","C ",2008
"1519-566X","ENSINO DE CIÊNCIAS E MATEMATICA                   ","Neotropical Entomology (Impresso)","C ",2008
"1074-7427","ENSINO DE CIÊNCIAS E MATEMATICA                   ","Neurobiology of Learning and Memory (Print)","B4",2008
"0364-3190","ENSINO DE CIÊNCIAS E MATEMATICA                   ","Neurochemical Research","C ",2008
"0197-0186","ENSINO DE CIÊNCIAS E MATEMATICA                   ","Neurochemistry International","C ",2008
"1807-1058","ENSINO DE CIÊNCIAS E MATEMATICA                   ","Neurociências (Rio de Janeiro)","C ",2008
"0304-3940","ENSINO DE CIÊNCIAS E MATEMATICA                   ","Neuroscience Letters (Print)","C ",2008
"0168-0102","ENSINO DE CIÊNCIAS E MATEMATICA                   ","Neuroscience Research","C ",2008
"1021-9722","ENSINO DE CIÊNCIAS E MATEMATICA                   ","NoDEA. Nonlinear Differential Equations and Applications (Printed ed.)","C ",2008
"0122-4328","ENSINO DE CIÊNCIAS E MATEMATICA                   ","Nodos y Nudos","B5",2008
"0362-546X","ENSINO DE CIÊNCIAS E MATEMATICA                   ","Nonlinear Analysis","C ",2008
"1676-5141","ENSINO DE CIÊNCIAS E MATEMATICA                   ","Nós da Escola","C ",2008
"1679-7221","ENSINO DE CIÊNCIAS E MATEMATICA                   ","Nossa História (São Paulo)","C ",2008
"0103-0116","ENSINO DE CIÊNCIAS E MATEMATICA                   ","Nova Escola","C ",2008
"0328-3534","ENSINO DE CIÊNCIAS E MATEMATICA                   ","Novedades Educativas","C ",2008
"1413-9855","ENSINO DE CIÊNCIAS E MATEMATICA                   ","Nuances (UNESP Presidente Prudente)","B4",2008
"1678-6602","ENSINO DE CIÊNCIAS E MATEMATICA                   ","Nucleus (Ituverava. Impresso)","B5",2008
"0104-6675","ENSINO DE CIÊNCIAS E MATEMATICA                   ","O Que nos Faz Pensar (PUCRJ)","C ",2008
"0041-3070","ENSINO DE CIÊNCIAS E MATEMATICA                   ","O Tripeiro (Porto)","C ",2008
"1519-8693","ENSINO DE CIÊNCIAS E MATEMATICA                   ","Olam: Ciência & Tecnologia (Rio Claro. CD-Rom)","C ",2008
"1517-0845","ENSINO DE CIÊNCIAS E MATEMATICA                   ","Olhar (UFSCar)","C ",2008
"1518-5648","ENSINO DE CIÊNCIAS E MATEMATICA                   ","Olhar de Professor (UEPG. Impresso)","B4",2008
"1041-3650","ENSINO DE CIÊNCIAS E MATEMATICA                   ","Ometeca (Corrales, N.M.)","C ",2008
"1676-4285","ENSINO DE CIÊNCIAS E MATEMATICA                   ","Online Brazilian Journal of Nursing","C ",2008
"1981-4275","ENSINO DE CIÊNCIAS E MATEMATICA                   ","Oralidades (USP)","C ",2008
"1413-585X","ENSINO DE CIÊNCIAS E MATEMATICA                   ","Organizações & Sociedade (Impresso)","C ",2008
"1011-2251","ENSINO DE CIÊNCIAS E MATEMATICA                   ","Paradigma (Maracay)","B4",2008
"0932-0113","ENSINO DE CIÊNCIAS E MATEMATICA                   ","Parasitology Research (1987. Print)","C ",2008
"1353-8020","ENSINO DE CIÊNCIAS E MATEMATICA                   ","Parkinsonism & Related Disorders","C ",2008
"1677-1893","ENSINO DE CIÊNCIAS E MATEMATICA                   ","Participação (UnB)","C ",2008
"1518-305X","ENSINO DE CIÊNCIAS E MATEMATICA                   ","Pátio (Porto Alegre. 1997)","C ",2008
"1677-616X","ENSINO DE CIÊNCIAS E MATEMATICA                   ","Pedagogia (UNOESTE)","B4",2008
"0031-3920","ENSINO DE CIÊNCIAS E MATEMATICA                   ","Pediatria Moderna","C ",2008
"0031-3998","ENSINO DE CIÊNCIAS E MATEMATICA                   ","Pediatric Research","C ",2008
"1415-5109","ENSINO DE CIÊNCIAS E MATEMATICA                   ","Pensamento & Realidade","B5",2008
"0101-2908","ENSINO DE CIÊNCIAS E MATEMATICA                   ","Perspectiva (Erexim)","C ",2008
"0210-2331","ENSINO DE CIÊNCIAS E MATEMATICA                   ","Perspectiva Escolar","B5",2008
"1984-5693","ENSINO DE CIÊNCIAS E MATEMATICA                   ","Perspectivas da Ciência e Tecnologia","B4",2008
"1982-7652","ENSINO DE CIÊNCIAS E MATEMATICA                   ","Perspectivas da Educação Matemática","B4",2008
"1980-1165","ENSINO DE CIÊNCIAS E MATEMATICA                   ","Pesquisa em Educação Ambiental (UFSCar)","B2",2008
"0103-5762","ENSINO DE CIÊNCIAS E MATEMATICA                   ","Pesquisa em Foco (UFMA)","C ",2008
"1519-8774","ENSINO DE CIÊNCIAS E MATEMATICA                   ","Pesquisa FAPESP (Impresso)","C ",2008
"0101-7438","ENSINO DE CIÊNCIAS E MATEMATICA                   ","Pesquisa Operacional (Impresso)","C ",2008
"1981-6936","ENSINO DE CIÊNCIAS E MATEMATICA                   ","PesquisAção (FAEL) (Cessou em 2007)","C ",2008
"1982-0062","ENSINO DE CIÊNCIAS E MATEMATICA                   ","Pesquisas e Práticas em Educação Matemática","B5",2008
"0901-9928","ENSINO DE CIÊNCIAS E MATEMATICA                   ","Pharmacology & Toxicology","C ",2008
"0091-3057","ENSINO DE CIÊNCIAS E MATEMATICA                   ","Pharmacology, Biochemistry and Behavior","C ",2008
"0031-8027","ENSINO DE CIÊNCIAS E MATEMATICA                   ","Philosophia Naturalis","B5",2008
"1414-2236","ENSINO DE CIÊNCIAS E MATEMATICA                   ","Philósophos (UFG) (Cessou em 2000. Cont. ISSN 1982-2928 Revista Philósophos)","B5",2008
"0031-8248","ENSINO DE CIÊNCIAS E MATEMATICA                   ","Philosophy of Science (East Lansing)","A2",2008
"1415-6261","ENSINO DE CIÊNCIAS E MATEMATICA                   ","Phronesis (PUCCAMP)","C ",2008
"0370-1972","ENSINO DE CIÊNCIAS E MATEMATICA                   ","Physica Status Solidi. B, Basic Research","C ",2008
"0921-4526","ENSINO DE CIÊNCIAS E MATEMATICA                   ","Physica. B, Condensed Matter (Print)","C ",2008
"0167-2789","ENSINO DE CIÊNCIAS E MATEMATICA                   ","Physica. D, Nonlinear phenomena (Print)","C ",2008
"1386-9477","ENSINO DE CIÊNCIAS E MATEMATICA                   ","Physica. E, Low-Dimensional Systems and Nanostructures (Print)","C ",2008
"1050-2947","ENSINO DE CIÊNCIAS E MATEMATICA                   ","Physical Review. A","C ",2008
"1098-0121","ENSINO DE CIÊNCIAS E MATEMATICA                   ","Physical Review. B, Condensed Matter and Materials Physics","C ",2008
"0556-2805","ENSINO DE CIÊNCIAS E MATEMATICA                   ","Physical Review. B. Solid State. (Cessou em 1978. Cont. 1098-0121 Physical Review. B, Condensed Matter and Materials Physics)","C ",2008
"1089-4918","ENSINO DE CIÊNCIAS E MATEMATICA                   ","Physical Review. D, Particles and Fields (Online) (Cessou em 2003. Cont. ISSN 1550-2368 Physical Review. D. Particles, Fields, Gravitation, and Cosmology (Online))","C ",2008
"0031-9120","ENSINO DE CIÊNCIAS E MATEMATICA                   ","Physics Education (Bristol. Print)","A1",2008
"1422-6944","ENSINO DE CIÊNCIAS E MATEMATICA                   ","Physics in Perspective (Printed ed.)","C ",2008
"0103-7331","ENSINO DE CIÊNCIAS E MATEMATICA                   ","Physis (UERJ. Impresso)","B5",2008
"1553-734X","ENSINO DE CIÊNCIAS E MATEMATICA                   ","PLoS Computational Biology","C ",2008
"1518-126X","ENSINO DE CIÊNCIAS E MATEMATICA                   ","Plures. Humanidades (Ribeirão Preto)","C ",2008
"1982-3207","ENSINO DE CIÊNCIAS E MATEMATICA                   ","Políticas Educativas","B5",2008
"1677-0447","ENSINO DE CIÊNCIAS E MATEMATICA                   ","Prática Hospitalar (Impresso)","C ",2008
"1809-0249","ENSINO DE CIÊNCIAS E MATEMATICA                   ","Práxis Educacional","C ",2008
"1809-4031","ENSINO DE CIÊNCIAS E MATEMATICA                   ","Práxis Educativa (Impresso)","B5",2008
"1647-1210","ENSINO DE CIÊNCIAS E MATEMATICA                   ","Prima Facie (Faro)","B5",2008
"1136-7733","ENSINO DE CIÊNCIAS E MATEMATICA                   ","Primeras Noticias. Comunicación y Pedagogía","B5",2008
"1414-4247","ENSINO DE CIÊNCIAS E MATEMATICA                   ","Principia (UFSC)","B5",2008
"0104-8694","ENSINO DE CIÊNCIAS E MATEMATICA                   ","Princípios (UFRN. Impresso)","B4",2008
"0103-7307","ENSINO DE CIÊNCIAS E MATEMATICA                   ","Pró-Posições (UNICAMP. Impresso)","B2",2008
"0278-5846","ENSINO DE CIÊNCIAS E MATEMATICA                   ","Progress in Neuro-Psychopharmacology & Biological Psychiatry","C ",2008
"0929-8665","ENSINO DE CIÊNCIAS E MATEMATICA                   ","Protein and Peptide Letters","C ",2008
"1414-6975","ENSINO DE CIÊNCIAS E MATEMATICA                   ","Psicologia da Educação (Impresso)","B3",2008
"0102-7182","ENSINO DE CIÊNCIAS E MATEMATICA                   ","Psicologia e Sociedade (Impresso)","B4",2008
"1413-7372","ENSINO DE CIÊNCIAS E MATEMATICA                   ","Psicologia em Estudo (Impresso)","B5",2008
"1413-8557","ENSINO DE CIÊNCIAS E MATEMATICA                   ","Psicologia Escolar e Educacional (Impresso)","B3",2008
"1414-9893","ENSINO DE CIÊNCIAS E MATEMATICA                   ","Psicologia: Ciência e Profissão (Impresso)","C ",2008
"0102-7972","ENSINO DE CIÊNCIAS E MATEMATICA                   ","Psicologia: Reflexão e Crítica (UFRGS. Impresso)","C ",2008
"0103-8486","ENSINO DE CIÊNCIAS E MATEMATICA                   ","Psicopedagogia (São Paulo)","B5",2008
"0165-1781","ENSINO DE CIÊNCIAS E MATEMATICA                   ","Psychiatry Research (Print)","C ",2008
"0033-3158","ENSINO DE CIÊNCIAS E MATEMATICA                   ","Psychopharmacologia (Heidelberg)","C ",2008
"0963-6625","ENSINO DE CIÊNCIAS E MATEMATICA                   ","Public Understanding of Science (Print)","A2",2008
"1676-8477","ENSINO DE CIÊNCIAS E MATEMATICA                   ","Publicatio UEPG. Ciências Exatas e da Terra, Ciências Agrárias e Engenharias (Impresso)","C ",2008
"0872-3915","ENSINO DE CIÊNCIAS E MATEMATICA                   ","Quadrante (Lisboa)","B3",2008
"1980-5748","ENSINO DE CIÊNCIAS E MATEMATICA                   ","Química no Brasil","C ",2008
"0100-4042","ENSINO DE CIÊNCIAS E MATEMATICA                   ","Química Nova (Impresso)","B3",2008
"1678-7064","ENSINO DE CIÊNCIAS E MATEMATICA                   ","Química Nova (Online)","B3",2008
"0104-8899","ENSINO DE CIÊNCIAS E MATEMATICA                   ","Química Nova na Escola (Impresso)","B1",2008
"1130-5371","ENSINO DE CIÊNCIAS E MATEMATICA                   ","Qurriculum (La Laguna)","B5",2008
"1605-4806","ENSINO DE CIÊNCIAS E MATEMATICA                   ","Razón y Palabra","B4",2008
"0100-3984","ENSINO DE CIÊNCIAS E MATEMATICA                   ","RB. Radiologia Brasileira (Impresso)","C ",2008
"1806-8405","ENSINO DE CIÊNCIAS E MATEMATICA                   ","RBPG. Revista Brasileira de Pós-Graduação","B4",2008
"1516-1684","ENSINO DE CIÊNCIAS E MATEMATICA                   ","RDE. Revista de Desenvolvimento Econômico","C ",2008
"0922-4777","ENSINO DE CIÊNCIAS E MATEMATICA                   ","Reading & Writing","B4",2008
"1981-6278","ENSINO DE CIÊNCIAS E MATEMATICA                   ","RECIIS. Revista Eletrônica de Comunicação, Informação & Inovação em Saúde (Edição em Português. Online)","B4",2008
"0328-3186","ENSINO DE CIÊNCIAS E MATEMATICA                   ","Redes (Bernal)","C ",2008
"1579-1513","ENSINO DE CIÊNCIAS E MATEMATICA                   ","REEC. Revista Electrónica de Enseñanza de las Ciencias","A2",2008
"1677-7743","ENSINO DE CIÊNCIAS E MATEMATICA                   ","Reflexões em Ciências Humanas","B5",2008
"1809-6220","ENSINO DE CIÊNCIAS E MATEMATICA                   ","REI. Revista de Educação do IDEAU","B5",2008
"0100-8587","ENSINO DE CIÊNCIAS E MATEMATICA                   ","Religião & Sociedade (Impresso)","B5",2008
"1980-3141","ENSINO DE CIÊNCIAS E MATEMATICA                   ","REMATEC. Revista de Matemática, Ensino e Cultura (UFRN)","B5",2008
"1679-1916","ENSINO DE CIÊNCIAS E MATEMATICA                   ","RENOTE. Revista Novas Tecnologias na Educação","B5",2008
,"ENSINO DE CIÊNCIAS E MATEMATICA                   ","Repères IREM","B2",2008
"0890-6238","ENSINO DE CIÊNCIAS E MATEMATICA                   ","Reproductive Toxicology (Elmsford, N.Y.)","C ",2008
"0263-5143","ENSINO DE CIÊNCIAS E MATEMATICA                   ","Research in science & technological education","A1",2008
"1677-3071","ENSINO DE CIÊNCIAS E MATEMATICA                   ","RESI : Revista Eletrônica de Sistemas de Informação","B5",2008
"1981-1322","ENSINO DE CIÊNCIAS E MATEMATICA                   ","Revemat : Revista Eletrônica de Educação Matemática","B4",2008
"1982-8632","ENSINO DE CIÊNCIAS E MATEMATICA                   ","Revista @mbienteeducação","B5",2008
"1807-3506","ENSINO DE CIÊNCIAS E MATEMATICA                   ","Revista ADUSP","C ",2008
"1518-5532","ENSINO DE CIÊNCIAS E MATEMATICA                   ","Revista ANGRAD","C ",2008
"0100-0233","ENSINO DE CIÊNCIAS E MATEMATICA                   ","Revista Baiana de Saúde Publica","B5",2008
"0100-0691","ENSINO DE CIÊNCIAS E MATEMATICA                   ","Revista Brasileira de Biblioteconomia e Documentação (Impresso)","C ",2008
"1980-4849","ENSINO DE CIÊNCIAS E MATEMATICA                   ","Revista Brasileira de Biociências (Online)","B5",2008
"0034-7116","ENSINO DE CIÊNCIAS E MATEMATICA                   ","Revista Brasileira de Cancerologia","C ",2008
"0102-6909","ENSINO DE CIÊNCIAS E MATEMATICA                   ","Revista Brasileira de Ciências Sociais (Impresso)","B5",2008
"1413-2478","ENSINO DE CIÊNCIAS E MATEMATICA                   ","Revista Brasileira de Educação (Impresso)","B2",2008
"1413-6538","ENSINO DE CIÊNCIAS E MATEMATICA                   ","Revista Brasileira de Educação Especial","B5",2008
"0100-5502","ENSINO DE CIÊNCIAS E MATEMATICA                   ","Revista Brasileira de Educação Médica (Impresso)","B3",2008
"0034-7167","ENSINO DE CIÊNCIAS E MATEMATICA                   ","Revista Brasileira de Enfermagem (Impresso)","B5",2008
"1677-2318","ENSINO DE CIÊNCIAS E MATEMATICA                   ","Revista Brasileira de Ensino de Bioquímica e Biologia Molecular","B5",2008
"1982-873X","ENSINO DE CIÊNCIAS E MATEMATICA                   ","Revista Brasileira de Ensino de Ciência e Tecnologia","B4",2008
"1806-1117","ENSINO DE CIÊNCIAS E MATEMATICA                   ","Revista Brasileira de Ensino de Física (Impresso)","B1",2008
"1806-9126","ENSINO DE CIÊNCIAS E MATEMATICA                   ","Revista Brasileira de Ensino de Física (Online)","B1",2008
"1809-6158","ENSINO DE CIÊNCIAS E MATEMATICA                   ","Revista Brasileira de Ensino de Química","B5",2008
"0034-7183","ENSINO DE CIÊNCIAS E MATEMATICA                   ","Revista Brasileira de Estudos Pedagogicos","B3",2008
"1806-2695","ENSINO DE CIÊNCIAS E MATEMATICA                   ","Revista Brasileira de Extensão Universitária","B5",2008
"0375-7536","ENSINO DE CIÊNCIAS E MATEMATICA                   ","Revista Brasileira de Geociências","B5",2008
"1809-239X","ENSINO DE CIÊNCIAS E MATEMATICA                   ","Revista Brasileira de Gestão e Desenvolvimento Regional","C ",2008
"1516-8484","ENSINO DE CIÊNCIAS E MATEMATICA                   ","Revista Brasileira de Hematologia e Hemoterapia (Impresso)","C ",2008
"1983-4713","ENSINO DE CIÊNCIAS E MATEMATICA                   ","Revista Brasileira de História da Ciência","B5",2008
"1519-5902","ENSINO DE CIÊNCIAS E MATEMATICA                   ","Revista Brasileira de História da Educação","B5",2008
"1519-955X","ENSINO DE CIÊNCIAS E MATEMATICA                   ","Revista Brasileira de História da Matemática","B1",2008
"1414-5685","ENSINO DE CIÊNCIAS E MATEMATICA                   ","Revista Brasileira de Informação na Educação","B2",2008
"1677-2504","ENSINO DE CIÊNCIAS E MATEMATICA                   ","Revista Brasileira de Inovação","C ",2008
"0100-2430","ENSINO DE CIÊNCIAS E MATEMATICA                   ","Revista Brasileira de Medicina Veterinária","C ",2008
"1414-0365","ENSINO DE CIÊNCIAS E MATEMATICA                   ","Revista Brasileira de Neurologia e Psiquiatria","C ",2008
"0034-7299","ENSINO DE CIÊNCIAS E MATEMATICA                   ","Revista Brasileira de Otorrinolaringologia (Impresso)","C ",2008
"1806-5104","ENSINO DE CIÊNCIAS E MATEMATICA                   ","Revista Brasileira de Pesquisa em Educação em Ciências","A2",2008
"1678-166X","ENSINO DE CIÊNCIAS E MATEMATICA                   ","Revista Brasileira de Política e Administração da Educação","C ",2008
"1518-2355","ENSINO DE CIÊNCIAS E MATEMATICA                   ","Revista Brasileira de Saúde da Família (Brasília)","B5",2008
"1517-5545","ENSINO DE CIÊNCIAS E MATEMATICA                   ","Revista Brasileira de Terapia Comportamental e Cognitiva (Impresso)","C ",2008
"0103-507X","ENSINO DE CIÊNCIAS E MATEMATICA                   ","Revista Brasileira de Terapia Intensiva (Impresso)","C ",2008
"1516-2664","ENSINO DE CIÊNCIAS E MATEMATICA                   ","Revista CESUMAR","C ",2008
"0717-9618","ENSINO DE CIÊNCIAS E MATEMATICA                   ","Revista Chilena de Educación Científica","B2",2008
"1677-9649","ENSINO DE CIÊNCIAS E MATEMATICA                   ","Revista Ciência e Tecnologia","B4",2008
"1679-4605","ENSINO DE CIÊNCIAS E MATEMATICA                   ","Revista Ciência em Extensão","C ",2008
,"ENSINO DE CIÊNCIAS E MATEMATICA                   ","Revista Ciência em Foco","B5",2008
"1518-0352","ENSINO DE CIÊNCIAS E MATEMATICA                   ","Revista Ciências Exatas e Naturais (Impresso)","C ",2008
"1516-4071","ENSINO DE CIÊNCIAS E MATEMATICA                   ","Revista Científica do Centro Universitário de Barra Mansa","C ",2008
"1981-8823","ENSINO DE CIÊNCIAS E MATEMATICA                   ","Revista Científica FAIS","C ",2008
"8536-1038","ENSINO DE CIÊNCIAS E MATEMATICA                   ","REvista CIPA","C ",2008
"0034-7426","ENSINO DE CIÊNCIAS E MATEMATICA                   ","Revista Colombiana de Matematicas","C ",2008
"0301-8814","ENSINO DE CIÊNCIAS E MATEMATICA                   ","Revista Compacta","C ",2008
"1678-9822","ENSINO DE CIÊNCIAS E MATEMATICA                   ","Revista Comunicação Midiática","C ",2008
"0258-5995","ENSINO DE CIÊNCIAS E MATEMATICA                   ","Revista Cubana de Química","C ",2008
"0864-3466","ENSINO DE CIÊNCIAS E MATEMATICA                   ","Revista Cubana de Salud Pública (Impresa)","B5",2008
"1679-5954","ENSINO DE CIÊNCIAS E MATEMATICA                   ","Revista da ABENO","C ",2008
"1519-0455","ENSINO DE CIÊNCIAS E MATEMATICA                   ","Revista da ADPPUCRS","C ",2008
"0004-5276","ENSINO DE CIÊNCIAS E MATEMATICA                   ","Revista da Associação Paulista de Cirurgiões Dentistas (Cessou em 1980. Cont. ISSN 0101-8140 Revista Regional de Araçatuba - Associação Paulista de Cirurgiões Dentistas)","C ",2008
"1516-9162","ENSINO DE CIÊNCIAS E MATEMATICA                   ","Revista da Associação Psicanalítica de Porto Alegre","C ",2008
"0104-0758","ENSINO DE CIÊNCIAS E MATEMATICA                   ","Revista da SOCERJ","C ",2008
"0103-7188","ENSINO DE CIÊNCIAS E MATEMATICA                   ","Revista da Sociedade Brasileira de História da Ciência (Cessou em 2007. Cont. ISSN 1983-4713 Revista Brasileira de História da Ciência)","B1",2008
"0037-8682","ENSINO DE CIÊNCIAS E MATEMATICA                   ","Revista da Sociedade Brasileira de Medicina Tropical (Impresso)","B5",2008
"1516-7704","ENSINO DE CIÊNCIAS E MATEMATICA                   ","Revista de APS (Impresso)","B5",2008
"1519-5228","ENSINO DE CIÊNCIAS E MATEMATICA                   ","Revista de Biologia e Ciências da Terra","B5",2008
"0103-8575","ENSINO DE CIÊNCIAS E MATEMATICA                   ","Revista de Ciência & Tecnologia","B5",2008
"1519-8022","ENSINO DE CIÊNCIAS E MATEMATICA                   ","Revista de Ciência & Tecnologia (UNIG)","B5",2008
"1676-9732","ENSINO DE CIÊNCIAS E MATEMATICA                   ","Revista de Ciências Agroveterinárias (UDESC)","C ",2008
"1518-4684","ENSINO DE CIÊNCIAS E MATEMATICA                   ","Revista de Ciências Humanas (Frederico Westphalen. Impresso)","C ",2008
"0871-3928","ENSINO DE CIÊNCIAS E MATEMATICA                   ","Revista de Educação","B4",2008
"0104-0537","ENSINO DE CIÊNCIAS E MATEMATICA                   ","Revista de Educação AEC (Cessou em 2007. Cont. ISSN 1983-5280 Revista de Educação ANEC)","B4",2008
"1413-6880","ENSINO DE CIÊNCIAS E MATEMATICA                   ","Revista de Educação CEAP (Cessou em 2004. Cont. ISSN 1808-0669 Presente! (Salvador))","C ",2008
"1676-8868","ENSINO DE CIÊNCIAS E MATEMATICA                   ","Revista de Educação Matemática","B4",2008
"1519-3993","ENSINO DE CIÊNCIAS E MATEMATICA                   ","Revista de Educação PUC-Campinas","B4",2008
"0329-5192","ENSINO DE CIÊNCIAS E MATEMATICA                   ","Revista de Educación en Biología","B3",2008
"1981-8963","ENSINO DE CIÊNCIAS E MATEMATICA                   ","Revista de Enfermagem UFPE On Line","B5",2008
"0326-7091","ENSINO DE CIÊNCIAS E MATEMATICA                   ","Revista de Enseñanza de la Física","B1",2008
"0101-5001","ENSINO DE CIÊNCIAS E MATEMATICA                   ","Revista de Ensino de Engenharia","B2",2008
"0102-4744","ENSINO DE CIÊNCIAS E MATEMATICA                   ","Revista de Ensino de Física (Cessou em 1991. Cont.ISSN 1806-1117 Revista Brasileira de Ensino de Física (Impresso)","B1",2008
"0798-1171","ENSINO DE CIÊNCIAS E MATEMATICA                   ","Revista de Filosofía (Maracaibo)","C ",2008
"0102-6895","ENSINO DE CIÊNCIAS E MATEMATICA                   ","Revista de Física Aplicada e Instrumentação","C ",2008
"1809-5585","ENSINO DE CIÊNCIAS E MATEMATICA                   ","Revista de Informática Aplicada","B4",2008
"1806-857X","ENSINO DE CIÊNCIAS E MATEMATICA                   ","Revista de Informática Mater Dei","C ",2008
"1806-8642","ENSINO DE CIÊNCIAS E MATEMATICA                   ","Revista de Iniciação Científica da ULBRA","C ",2008
"1010-2914","ENSINO DE CIÊNCIAS E MATEMATICA                   ","Revista de Investigación Educacional (Cessou em 1989. Cont. ISSN 0798-0329 Revista de Investigación (Caracas))","B4",2008
"0717-7925","ENSINO DE CIÊNCIAS E MATEMATICA                   ","Revista de la Construcción (Santiago)","C ",2008
"0121-3814","ENSINO DE CIÊNCIAS E MATEMATICA                   ","Revista de la Facultad de Ciencia y Tecnologia","B2",2008
"0104-3579","ENSINO DE CIÊNCIAS E MATEMATICA                   ","Revista de Neurociências (EPM. Impresso)","C ",2008
"1415-5273","ENSINO DE CIÊNCIAS E MATEMATICA                   ","Revista de Nutrição (Impresso)","B5",2008
"0301-0406","ENSINO DE CIÊNCIAS E MATEMATICA                   ","Revista de Patologia Tropical (Impresso)","C ",2008
"1516-0211","ENSINO DE CIÊNCIAS E MATEMATICA                   ","Revista de Psicologia Hospitalar","C ",2008
"0101-6083","ENSINO DE CIÊNCIAS E MATEMATICA                   ","Revista de Psiquiatria Clínica (USP. Impresso)","C ",2008
"0101-8108","ENSINO DE CIÊNCIAS E MATEMATICA                   ","Revista de Psiquiatria do Rio Grande do Sul (Impresso)","C ",2008
"0370-694X","ENSINO DE CIÊNCIAS E MATEMATICA                   ","Revista de Química Industrial","C ",2008
"1677-7522","ENSINO DE CIÊNCIAS E MATEMATICA                   ","Revista de Saúde Coletiva da UEFS","B5",2008
"1518-8787","ENSINO DE CIÊNCIAS E MATEMATICA                   ","Revista de Saúde Pública (Online)","B4",2008
"0034-8910","ENSINO DE CIÊNCIAS E MATEMATICA                   ","Revista de Saúde Pública (USP. Impresso)","B4",2008
"1518-3483","ENSINO DE CIÊNCIAS E MATEMATICA                   ","Revista Diálogo Educacional (PUCPR. Impresso)","B5",2008
"1806-4906","ENSINO DE CIÊNCIAS E MATEMATICA                   ","Revista do GEL (Araraquara)","C ",2008
"1980-0428","ENSINO DE CIÊNCIAS E MATEMATICA                   ","Revista do Instituto de Ciências Humanas","C ",2008
"0101-4366","ENSINO DE CIÊNCIAS E MATEMATICA                   ","Revista do Instituto Histórico e Geographico Brazileiro","B5",2008
"0102-4981","ENSINO DE CIÊNCIAS E MATEMATICA                   ","Revista do Professor de Matemática","B5",2008
"1519-9096","ENSINO DE CIÊNCIAS E MATEMATICA                   ","Revista do Programa Alfabetização Solidária","B5",2008
"0100-607X","ENSINO DE CIÊNCIAS E MATEMATICA                   ","Revista do Setor de Ciências Agrárias - Universidade Federal do Paraná","C ",2008
"1806-0013","ENSINO DE CIÊNCIAS E MATEMATICA                   ","Revista Dor","C ",2008
"1809-3876","ENSINO DE CIÊNCIAS E MATEMATICA                   ","Revista e-Curriculum (PUCSP)","B5",2008
"1981-2582","ENSINO DE CIÊNCIAS E MATEMATICA                   ","Revista Educação (PUCRS. Online)","C ",2008
"1519-6194","ENSINO DE CIÊNCIAS E MATEMATICA                   ","Revista Educação e Cidadania","B4",2008
"0102-7735","ENSINO DE CIÊNCIAS E MATEMATICA                   ","Revista Educação em Questão (UFRN. Impresso)","B4",2008
"1870-8404","ENSINO DE CIÊNCIAS E MATEMATICA                   ","Revista Educación Química","B1",2008
"1607-4041","ENSINO DE CIÊNCIAS E MATEMATICA                   ","Revista Electrónica de Investigación Educativa","B4",2008
"1850-6666","ENSINO DE CIÊNCIAS E MATEMATICA                   ","Revista Electrónica de Investigación en Educación en Ciencias (En línea)","A2",2008
"1695-7504","ENSINO DE CIÊNCIAS E MATEMATICA                   ","Revista Electrónica de Veterinaria","C ",2008
"1696-4713","ENSINO DE CIÊNCIAS E MATEMATICA                   ","Revista Electrónica Iberoamericana Sobre Calidad, Eficacia y Cambio en Educación","C ",2008
"1517-1256","ENSINO DE CIÊNCIAS E MATEMATICA                   ","Revista Eletrônica do Mestrado em Educação Ambiental","B3",2008
"1984-0993","ENSINO DE CIÊNCIAS E MATEMATICA                   ","Revista Eletrônica Teccen","C ",2008
"0104-3552","ENSINO DE CIÊNCIAS E MATEMATICA                   ","Revista Enfermagem UERJ","C ",2008
"1519-6186","ENSINO DE CIÊNCIAS E MATEMATICA                   ","Revista Espaço Acadêmico (UEM)","C ",2008
"0104-026X","ENSINO DE CIÊNCIAS E MATEMATICA                   ","Revista Estudos Feministas (UFSC. Impresso)","C ",2008
"1697-011X","ENSINO DE CIÊNCIAS E MATEMATICA                   ","Revista Eureka sobre Enseñanza y Divulgación de las Ciencias","B1",2008
"0104-7043","ENSINO DE CIÊNCIAS E MATEMATICA                   ","Revista FAEEBA","B5",2008
"1982-5854","ENSINO DE CIÊNCIAS E MATEMATICA                   ","Revista FAFIRE (Impresso)","C ",2008
"1808-0448","ENSINO DE CIÊNCIAS E MATEMATICA                   ","Revista Gestão Industrial","C ",2008
"1678-1783","ENSINO DE CIÊNCIAS E MATEMATICA                   ","Revista Humanidades. Série Letras (FEOB)","C ",2008
"1022-6508","ENSINO DE CIÊNCIAS E MATEMATICA                   ","Revista Iberoamericana de Educación (Impresa)","B4",2008
"1681-5653","ENSINO DE CIÊNCIAS E MATEMATICA                   ","Revista Iberoamericana de Educación (Online)","B4",2008
"1806-7573","ENSINO DE CIÊNCIAS E MATEMATICA                   ","Revista Latino-Americana de Educação em Astronomia","B3",2008
"0104-1169","ENSINO DE CIÊNCIAS E MATEMATICA                   ","Revista Latino-Americana de Enfermagem (USP. Ribeirão Preto. Impresso)","B5",2008
"1665-2436","ENSINO DE CIÊNCIAS E MATEMATICA                   ","Revista latinoamericana","C ",2008
"1518-8043","ENSINO DE CIÊNCIAS E MATEMATICA                   ","Revista Liberato (Novo Hamburgo)","C ",2008
"0103-880X","ENSINO DE CIÊNCIAS E MATEMATICA                   ","Revista médica de Minas Gerais (Belo Horizonte)","C ",2008
"1405-6666","ENSINO DE CIÊNCIAS E MATEMATICA                   ","Revista Mexicana de Investigación Educativa","B5",2008
"1808-4478","ENSINO DE CIÊNCIAS E MATEMATICA                   ","Revista Outros Sertões","C ",2008
"1020-4989","ENSINO DE CIÊNCIAS E MATEMATICA                   ","Revista Panamericana de Salud Pública (Impresa) / Pan American Journal of Public Health (Impresa)","B5",2008
"0103-0582","ENSINO DE CIÊNCIAS E MATEMATICA                   ","Revista Paulista de Pediatria (Impresso)","C ",2008
"1809-1865","ENSINO DE CIÊNCIAS E MATEMATICA                   ","Revista Pavimentação","C ",2008
"1809-0257","ENSINO DE CIÊNCIAS E MATEMATICA                   ","Revista Pesquisa Qualitativa","B4",2008
"0870-5283","ENSINO DE CIÊNCIAS E MATEMATICA                   ","Revista Portuguesa de Filosofia","B4",2008
"1676-1901","ENSINO DE CIÊNCIAS E MATEMATICA                   ","Revista Produção Online","C ",2008
"1809-3264","ENSINO DE CIÊNCIAS E MATEMATICA                   ","Revista Querubim","C ",2008
"1676-0468","ENSINO DE CIÊNCIAS E MATEMATICA                   ","Revista Solta a Voz","C ",2008
"1809-0044","ENSINO DE CIÊNCIAS E MATEMATICA                   ","Revista Tecnologia e Sociedade","B4",2008
"1807-6963","ENSINO DE CIÊNCIAS E MATEMATICA                   ","Revista Unibero de Turismo e Hotelaria","C ",2008
"1414-1892","ENSINO DE CIÊNCIAS E MATEMATICA                   ","Revista UNICSUL","C ",2008
"1677-8308","ENSINO DE CIÊNCIAS E MATEMATICA                   ","Revista UNIFAMMA","C ",2008
"0103-9989","ENSINO DE CIÊNCIAS E MATEMATICA                   ","Revista USP","C ",2008
"2011-5474","ENSINO DE CIÊNCIAS E MATEMATICA                   ","RLE (Pasto)","C ",2008
"0104-4311","ENSINO DE CIÊNCIAS E MATEMATICA                   ","Roteiro (UNOESC)","C ",2008
"0103-7056","ENSINO DE CIÊNCIAS E MATEMATICA                   ","Saneamento Ambiental","C ",2008
"1806-4779","ENSINO DE CIÊNCIAS E MATEMATICA                   ","Saneas (São Paulo)","C ",2008
"1807-6092","ENSINO DE CIÊNCIAS E MATEMATICA                   ","Saúde e Educação para a Cidadania","B5",2008
"0920-9964","ENSINO DE CIÊNCIAS E MATEMATICA                   ","Schizophrenia Research (Print)","C ",2008
"0926-7220","ENSINO DE CIÊNCIAS E MATEMATICA                   ","Science & Education (Dordrecht)","A1",2008
"1022-6117","ENSINO DE CIÊNCIAS E MATEMATICA                   ","Science Education International","C ",2008
"0269-8897","ENSINO DE CIÊNCIAS E MATEMATICA                   ","Science in Context","A2",2008
"0971-7218","ENSINO DE CIÊNCIAS E MATEMATICA                   ","Science, Technology and Society","B1",2008
"1678-3166","ENSINO DE CIÊNCIAS E MATEMATICA                   ","Scientiae Studia (USP)","B1",2008
"1492-3157","ENSINO DE CIÊNCIAS E MATEMATICA                   ","SEED Journal. Semiotics, Evolution, Energy, and Development","B1",2008
"0101-3742","ENSINO DE CIÊNCIAS E MATEMATICA                   ","Semina (Londrina)","C ",2008
"0037-1998","ENSINO DE CIÊNCIAS E MATEMATICA                   ","Semiotica (Berlin)","B3",2008
"1578-3065","ENSINO DE CIÊNCIAS E MATEMATICA                   ","Ser Médico","C ",2008
"1414-5138","ENSINO DE CIÊNCIAS E MATEMATICA                   ","Série-Estudos (UCDB)","C ",2008
"1983-3253","ENSINO DE CIÊNCIAS E MATEMATICA                   ","Simbio-Logias (Botucatu)","B5",2008
"0103-4332","ENSINO DE CIÊNCIAS E MATEMATICA                   ","Sintese (Belo Horizonte. 1974)","B4",2008
"0101-8841","ENSINO DE CIÊNCIAS E MATEMATICA                   ","Sitientibus (UEFS)","B5",2008
"1981-4194","ENSINO DE CIÊNCIAS E MATEMATICA                   ","Sképsis (Salvador. Impresso)","C ",2008
"1389-9457","ENSINO DE CIÊNCIAS E MATEMATICA                   ","Sleep Medicine (Amsterdam. Print)","C ",2008
"0103-1570","ENSINO DE CIÊNCIAS E MATEMATICA                   ","Sociedade & Natureza (UFU. Impresso)","B5",2008
"1517-4522","ENSINO DE CIÊNCIAS E MATEMATICA                   ","Sociologias (UFRGS. Impresso)","C ",2008
"0038-0806","ENSINO DE CIÊNCIAS E MATEMATICA                   ","Soil and Foundation","C ",2008
"0038-1098","ENSINO DE CIÊNCIAS E MATEMATICA                   ","Solid State Communications","C ",2008
"1293-2558","ENSINO DE CIÊNCIAS E MATEMATICA                   ","Solid State Sciences","C ",2008
"1355-2198","ENSINO DE CIÊNCIAS E MATEMATICA                   ","Studies In History and Philosophy of Modern Physics","A2",2008
"0101-2053","ENSINO DE CIÊNCIAS E MATEMATICA                   ","Sumário Mineral","C ",2008
"0039-7911","ENSINO DE CIÊNCIAS E MATEMATICA                   ","Synthetic Communications","C ",2008
"1980-6086","ENSINO DE CIÊNCIAS E MATEMATICA                   ","Tecitura (Faculdade Juvêncio Terra)","C ",2008
"1414-8498","ENSINO DE CIÊNCIAS E MATEMATICA                   ","Tecnologia & Cultura (CEFET/RJ)","B5",2008
"0102-5503","ENSINO DE CIÊNCIAS E MATEMATICA                   ","Tecnologia Educacional","B4",2008
"1518-5370","ENSINO DE CIÊNCIAS E MATEMATICA                   ","Teias (Rio de Janeiro. Impresso)","C ",2008
"1415-837X","ENSINO DE CIÊNCIAS E MATEMATICA                   ","Teoria e Prática da Educação","B5",2008
"1982-095X","ENSINO DE CIÊNCIAS E MATEMATICA                   ","Terr@ Plural (UEPG. Online)","B5",2008
"1679-2300","ENSINO DE CIÊNCIAS E MATEMATICA                   ","Terrae Didatica (Impresso)","B3",2008
"0002-9637","ENSINO DE CIÊNCIAS E MATEMATICA                   ","The American Journal of Tropical Medicine and Hygiene","C ",2008
"0190-3322","ENSINO DE CIÊNCIAS E MATEMATICA                   ","The Appalachian Voice","C ",2008
"1434-6028","ENSINO DE CIÊNCIAS E MATEMATICA                   ","The European Physical Journal. B, Condensed Matter Physics (Print)","C ",2008
"0021-9258","ENSINO DE CIÊNCIAS E MATEMATICA                   ","The Journal of Biological Chemistry (Print)","C ",2008
"1550-7408","ENSINO DE CIÊNCIAS E MATEMATICA                   ","The Journal of Eukaryotic Microbiology (Online)","C ",2008
"1029-8479","ENSINO DE CIÊNCIAS E MATEMATICA                   ","The Journal of High Energy Physics (Online)","C ",2008
"0022-3166","ENSINO DE CIÊNCIAS E MATEMATICA                   ","The Journal of Nutrition (Print)","C ",2008
"0343-6993","ENSINO DE CIÊNCIAS E MATEMATICA                   ","The Mathematical Intelligencer","B5",2008
"1551-3440","ENSINO DE CIÊNCIAS E MATEMATICA                   ","The Montana Math Enthusiast","B5",2008
"0031-921X","ENSINO DE CIÊNCIAS E MATEMATICA                   ","The Physics Teacher","B3",2008
"0040-6090","ENSINO DE CIÊNCIAS E MATEMATICA                   ","Thin Solid Films","C ",2008
"1096-6080","ENSINO DE CIÊNCIAS E MATEMATICA                   ","Toxicological Sciences (Print)","C ",2008
"0300-483X","ENSINO DE CIÊNCIAS E MATEMATICA                   ","Toxicology (Amsterdam)","C ",2008
"0887-2333","ENSINO DE CIÊNCIAS E MATEMATICA                   ","Toxicology in Vitro","C ",2008
"0041-0101","ENSINO DE CIÊNCIAS E MATEMATICA                   ","Toxicon (Oxford)","C ",2008
"1516-9537","ENSINO DE CIÊNCIAS E MATEMATICA                   ","Trabalho & Educação (UFMG)","B5",2008
"1808-799X","ENSINO DE CIÊNCIAS E MATEMATICA                   ","Trabalho Necessário","C ",2008
"1678-1007","ENSINO DE CIÊNCIAS E MATEMATICA                   ","Trabalho, Educação e Saúde (Impresso)","B5",2008
"1981-7746","ENSINO DE CIÊNCIAS E MATEMATICA                   ","Trabalho, Educação e Saúde (Online)","B5",2008
"1516-0025","ENSINO DE CIÊNCIAS E MATEMATICA                   ","Traços (UNAMA)","B5",2008
"0101-3173","ENSINO DE CIÊNCIAS E MATEMATICA                   ","Trans/Form/Ação (UNESP. Marília. Impresso)","B4",2008
"0035-9203","ENSINO DE CIÊNCIAS E MATEMATICA                   ","Transactions of the Royal Society of Tropical Medicine and Hygiene","C ",2008
"1517-039X","ENSINO DE CIÊNCIAS E MATEMATICA                   ","Travessia (Olinda)","C ",2008
"1300-0098","ENSINO DE CIÊNCIAS E MATEMATICA                   ","Turkish journal of Mathematics","C ",2008
"1815-0640","ENSINO DE CIÊNCIAS E MATEMATICA                   ","Unión (San Cristobal de La Laguna)","B1",2008
"1676-0301","ENSINO DE CIÊNCIAS E MATEMATICA                   ","UNIPLI (Niterói)","C ",2008
"1809-4651","ENSINO DE CIÊNCIAS E MATEMATICA                   ","UNIrevista (UNISINOS)","C ",2008
"0090-4295","ENSINO DE CIÊNCIAS E MATEMATICA                   ","Urology (Ridgewood, N.J.)","C ",2008
"0104-8775","ENSINO DE CIÊNCIAS E MATEMATICA                   ","Varia História (UFMG. Impresso)","B5",2008
"1676-3459","ENSINO DE CIÊNCIAS E MATEMATICA                   ","Veritati (UCSAL)","B5",2008
"0304-4017","ENSINO DE CIÊNCIAS E MATEMATICA                   ","Veterinary Parasitology (Print)","C ",2008
"1516-5450","ENSINO DE CIÊNCIAS E MATEMATICA                   ","Videtur (USP)","C ",2008
"0104-270X","ENSINO DE CIÊNCIAS E MATEMATICA                   ","Vidya (Santa Maria)","B5",2008
"1982-5951","ENSINO DE CIÊNCIAS E MATEMATICA                   ","Vita et Sanitas (FUG. Online)","C ",2008
"1809-1636","ENSINO DE CIÊNCIAS E MATEMATICA                   ","Vivências (URI. Erechim)","B5",2008
"1677-8839","ENSINO DE CIÊNCIAS E MATEMATICA                   ","Vox Scientiae","C ",2008
"1109-2777","ENSINO DE CIÊNCIAS E MATEMATICA                   ","WSEAS Transactions on Systems","C ",2008
"1668-7035","ENSINO DE CIÊNCIAS E MATEMATICA                   ","Yupana (Santa Fe)","B5",2008
"1863-9690","ENSINO DE CIÊNCIAS E MATEMATICA                   ","ZDM (Berlin. Print)","A1",2008
"0044-4103","ENSINO DE CIÊNCIAS E MATEMATICA                   ","ZDM. Zentralblatt für Didaktik der Mathematik (Cessou em 2005. Cont. ISSN 1863-7892 MATHDI, MATHEDUC)","A1",2008
"0939-5075","ENSINO DE CIÊNCIAS E MATEMATICA                   ","Zeitschrift für Naturforschung. C, A Journal of Biosciences","C ",2008
"0104-4877","ENSINO DE CIÊNCIAS E MATEMATICA                   ","Zetetike (UNICAMP)","B1",2008
"1175-5334","ENSINO DE CIÊNCIAS E MATEMATICA                   ","Zootaxa (Online)","C ",2008
