"1983-6422","ASTRONOMIA / FÍSICA                               ","A Física na Escola (Impresso)","C ",2008
"0360-0300","ASTRONOMIA / FÍSICA                               ","ACM Computing Surveys","A1",2008
"1063-7710","ASTRONOMIA / FÍSICA                               ","Acoustical Physics (Print)","B5",2008
"1936-0851","ASTRONOMIA / FÍSICA                               ","ACS Nano","A2",2008
"0001-5237","ASTRONOMIA / FÍSICA                               ","Acta Astronomica","B2",2008
"0108-7673","ASTRONOMIA / FÍSICA                               ","Acta Crystallographica. Section A, Foundations of Crystallography","B1",2008
"0108-7681","ASTRONOMIA / FÍSICA                               ","Acta Crystallographica. Section B, Structural Science","B1",2008
"0108-2701","ASTRONOMIA / FÍSICA                               ","Acta Crystallographica. Section C, Crystal Structure Communications.","B4",2008
"0907-4449","ASTRONOMIA / FÍSICA                               ","Acta Crystallographica. Section D, Biological Crystallography","B1",2008
"1600-5368","ASTRONOMIA / FÍSICA                               ","Acta Crystallographica. Section E","B4",2008
"1744-3091","ASTRONOMIA / FÍSICA                               ","Acta Crystallographica. Section F","B4",2008
"1359-6454","ASTRONOMIA / FÍSICA                               ","Acta Materialia (Oxford)","A2",2008
"0894-9166","ASTRONOMIA / FÍSICA                               ","Acta Mechanica Solida Sinica","B5",2008
"1146-609X","ASTRONOMIA / FÍSICA                               ","Acta Oecologica (Montrouge)","B3",2008
"1219-7580","ASTRONOMIA / FÍSICA                               ","Acta Physica Hungarica. Heavy Ion Physics (Print)","B5",2008
"0587-4246","ASTRONOMIA / FÍSICA                               ","Acta Physica Polonica. A","B5",2008
"0587-4254","ASTRONOMIA / FÍSICA                               ","Acta Physica Polonica. B","B5",2008
"1899-2358","ASTRONOMIA / FÍSICA                               ","Acta Physica Polonica. B, Proceedings Supplement","B4",2008
"1210-2709","ASTRONOMIA / FÍSICA                               ","Acta Polytechnica","C ",2008
"0001-706X","ASTRONOMIA / FÍSICA                               ","Acta Tropica","B2",2008
"1616-301X","ASTRONOMIA / FÍSICA                               ","Advanced Functional Materials (Print)","A1",2008
"0935-9648","ASTRONOMIA / FÍSICA                               ","Advanced Materials (Weinheim Print)","A1",2008
"1313-1311","ASTRONOMIA / FÍSICA                               ","Advanced Studies in Theoretical Physics","C ",2008
"0898-8838","ASTRONOMIA / FÍSICA                               ","Advances in Inorganic Chemistry (Print)","A2",2008
"0001-8732","ASTRONOMIA / FÍSICA                               ","Advances in Physics","A1",2008
"0273-1177","ASTRONOMIA / FÍSICA                               ","Advances in Space Research","B4",2008
"0278-6826","ASTRONOMIA / FÍSICA                               ","Aerosol Science and Technology (Print)","B1",2008
"0094-243X","ASTRONOMIA / FÍSICA                               ","AIP Conference Proceedings","C ",2008
"0717-4055","ASTRONOMIA / FÍSICA                               ","ALASBIMN Journal","C ",2008
"0002-9505","ASTRONOMIA / FÍSICA                               ","American Journal of Physics","B3",2008
"0365-0596","ASTRONOMIA / FÍSICA                               ","Anais Brasileiros de Dermatologia (Impresso)","C ",2008
"0001-3765","ASTRONOMIA / FÍSICA                               ","Anais da Academia Brasileira de Ciências (Impresso)","B4",2008
"0003-2654","ASTRONOMIA / FÍSICA                               ","Analyst (London. 1877. Print)","A2",2008
"1873-4324","ASTRONOMIA / FÍSICA                               ","Analytica Chimica Acta (Online)","B1",2008
"0003-2670","ASTRONOMIA / FÍSICA                               ","Analytica Chimica Acta (Print)","B1",2008
"1433-7851","ASTRONOMIA / FÍSICA                               ","Angewandte Chemie (International ed. Print)","A1",2008
"0003-3804","ASTRONOMIA / FÍSICA                               ","Annalen der Physik (Leipzig)","B3",2008
"1778-7017","ASTRONOMIA / FÍSICA                               ","Annales de l'Institut Henri Poincaré. B, Probabilités et Statistiques","C ",2008
"0992-7689","ASTRONOMIA / FÍSICA                               ","Annales Geophysicae (Berlin)","B3",2008
"1424-0637","ASTRONOMIA / FÍSICA                               ","Annales Henri Poincaré (Print)","B3",2008
"0090-6964","ASTRONOMIA / FÍSICA                               ","Annals of Biomedical Engineering","B1",2008
"0306-4549","ASTRONOMIA / FÍSICA                               ","Annals of Nuclear Energy","B5",2008
"0003-4916","ASTRONOMIA / FÍSICA                               ","Annals of Physics (Print)","B1",2008
"0066-4146","ASTRONOMIA / FÍSICA                               ","Annual Review of Astronomy and Astrophysics (Print)","A1",2008
"0066-426X","ASTRONOMIA / FÍSICA                               ","Annual Review of Physical Chemistry (Print)","A1",2008
"1980-5578","ASTRONOMIA / FÍSICA                               ","Applied Cancer Research (Online)","C ",2008
"0926-860X","ASTRONOMIA / FÍSICA                               ","Applied Catalysis. A, General (Print)","B1",2008
"0926-3373","ASTRONOMIA / FÍSICA                               ","Applied Catalysis. B, Environmental (Print)","A2",2008
"0937-9347","ASTRONOMIA / FÍSICA                               ","Applied Magnetic Resonance","B4",2008
"0003-6935","ASTRONOMIA / FÍSICA                               ","Applied Optics (Cessou em 1989. Foi desdobrado em três: ISSN 1540-8973 Applied Optics. Information Processing, Applied Optics. Optical Technology e Applied Optics. Lasers and Photonics)","B2",2008
"0003-6951","ASTRONOMIA / FÍSICA                               ","Applied Physics Letters","A2",2008
"1432-0630","ASTRONOMIA / FÍSICA                               ","Applied Physics. A, Materials Science & Processing (Internet)","B2",2008
"0947-8396","ASTRONOMIA / FÍSICA                               ","Applied Physics. A, Materials Science & Processing (Print)","B2",2008
"0721-7250","ASTRONOMIA / FÍSICA                               ","Applied Physics. A, Solids and Surfaces (Cessou em 1994. Cont. 0947-8396 Applied Physics. A, Materials Science & Processing)","B2",2008
"0946-2171","ASTRONOMIA / FÍSICA                               ","Applied Physics. B, Lasers and Optics (Print)","B1",2008
"0969-8043","ASTRONOMIA / FÍSICA                               ","Applied Radiation and Isotopes","B3",2008
"0003-7028","ASTRONOMIA / FÍSICA                               ","Applied Spectroscopy","B1",2008
"0169-4332","ASTRONOMIA / FÍSICA                               ","Applied Surface Science","B2",2008
"0302-8933","ASTRONOMIA / FÍSICA                               ","Archives of Microbiology","B2",2008
"0004-6337","ASTRONOMIA / FÍSICA                               ","Astronomische Nachrichten (Print)","B3",2008
"0004-6361","ASTRONOMIA / FÍSICA                               ","Astronomy & Astrophysics (Berlin. Print)","A2",2008
"0365-0138","ASTRONOMIA / FÍSICA                               ","Astronomy & Astrophysics. Supplement Series (Print) (Cessou em 2000. Foi absorvido pelo ISSN 0004-6361 Astronomy & Astrophysics (Berlin. Print)","C ",2008
"1063-7737","ASTRONOMIA / FÍSICA                               ","Astronomy Letters (Print)","B3",2008
"1063-7729","ASTRONOMIA / FÍSICA                               ","Astronomy Reports (Print)","B4",2008
"0927-6505","ASTRONOMIA / FÍSICA                               ","Astroparticle Physics (Print)","A2",2008
"0888-6512","ASTRONOMIA / FÍSICA                               ","Astrophysical Letters & Communications","C ",2008
"0004-640X","ASTRONOMIA / FÍSICA                               ","Astrophysics and Space Science","B4",2008
"1680-7324","ASTRONOMIA / FÍSICA                               ","Atmospheric Chemistry and Physics (Online)","A2",2008
"1680-7316","ASTRONOMIA / FÍSICA                               ","Atmospheric Chemistry and Physics (Print)","A2",2008
"1680-7367","ASTRONOMIA / FÍSICA                               ","Atmospheric Chemistry and Physics Discussion (Print)","C ",2008
"1352-2310","ASTRONOMIA / FÍSICA                               ","Atmospheric Environment (1994)","B1",2008
"0092-640X","ASTRONOMIA / FÍSICA                               ","Atomic Data and Nuclear Data Tables (Print)","B1",2008
"1806-8340","ASTRONOMIA / FÍSICA                               ","Avisa Lá (Centro de Estudos e Informações Crecheplan)","C ",2008
"0006-291X","ASTRONOMIA / FÍSICA                               ","Biochemical and Biophysical Research Communications (Print)","B1",2008
"0005-2736","ASTRONOMIA / FÍSICA                               ","Biochimica et Biophysica Acta. Biomembranes","A2",2008
"1570-9639","ASTRONOMIA / FÍSICA                               ","Biochimica et Biophysica Acta. Proteins and Proteomics","B1",2008
"0300-9084","ASTRONOMIA / FÍSICA                               ","Biochimie (Paris. Print)","B1",2008
"1367-4803","ASTRONOMIA / FÍSICA                               ","Bioinformatics (Oxford. Print)","A2",2008
"0966-0844","ASTRONOMIA / FÍSICA                               ","BioMetals (Oxford)","B1",2008
"0968-0896","ASTRONOMIA / FÍSICA                               ","Bioorganic & Medicinal Chemistry (Print)","B1",2008
"0301-4622","ASTRONOMIA / FÍSICA                               ","Biophysical Chemistry (Print)","B1",2008
"0006-3495","ASTRONOMIA / FÍSICA                               ","Biophysical Journal (Print)","A2",2008
"0006-3525","ASTRONOMIA / FÍSICA                               ","Biopolymers (New York. Print)","B1",2008
"0956-5663","ASTRONOMIA / FÍSICA                               ","Biosensors & Bioelectronics","A2",2008
"0006-4971","ASTRONOMIA / FÍSICA                               ","Blood (Philadelphia, PA)","A1",2008
"1471-2229","ASTRONOMIA / FÍSICA                               ","BMC Plant Biology (Online)","A2",2008
"1472-6807","ASTRONOMIA / FÍSICA                               ","BMC Structural Biology (Online)","C ",2008
"1752-0509","ASTRONOMIA / FÍSICA                               ","BMC Systems Biology","C ",2008
"0101-3440","ASTRONOMIA / FÍSICA                               ","Boletim - Sociedade Astrônomica Brasileira","C ",2008
"1518-9082","ASTRONOMIA / FÍSICA                               ","Boletim Técnico da Faculdade de Tecnologia de São Paulo","C ",2008
"0366-3175","ASTRONOMIA / FÍSICA                               ","Boletín de la Sociedad Española de Cerámica y Vidrio","B5",2008
"0006-8314","ASTRONOMIA / FÍSICA                               ","Boundary - Layer Meteorology","B1",2008
"0006-8993","ASTRONOMIA / FÍSICA                               ","Brain Research","B1",2008
"1516-8913","ASTRONOMIA / FÍSICA                               ","Brazilian Archives of Biology and Technology (Impresso)","B5",2008
"0104-6632","ASTRONOMIA / FÍSICA                               ","Brazilian Journal of Chemical Engineering (Impresso)","B5",2008
"1517-8382","ASTRONOMIA / FÍSICA                               ","Brazilian Journal of Microbiology (Impresso)","B5",2008
"0103-9733","ASTRONOMIA / FÍSICA                               ","Brazilian Journal of Physics (Impresso)","B5",2008
"1806-8324","ASTRONOMIA / FÍSICA                               ","Brazilian Oral Research (Impresso)","C ",2008
"1310-0157","ASTRONOMIA / FÍSICA                               ","Bulgarian Journal of Physics","C ",2008
"0002-7537","ASTRONOMIA / FÍSICA                               ","Bulletin - American Astronomical Society","C ",2008
"0003-0503","ASTRONOMIA / FÍSICA                               ","Bulletin of the American Physical Society (Cessou em 2006. Cont. Bulletin of the American Physical Society (Online))","C ",2008
"0239-7528","ASTRONOMIA / FÍSICA                               ","Bulletin of the Polish Academy of Sciences. Technical Sciences","C ",2008
"1677-2334","ASTRONOMIA / FÍSICA                               ","Caderno Brasileiro de Ensino de Física","C ",2008
"0102-3594","ASTRONOMIA / FÍSICA                               ","Caderno Catarinense de Ensino de Física (Cessou em 2001. Cont. ISSN 1677-2334 Caderno Brasileiro de Ensino de Física)","C ",2008
"0008-4204","ASTRONOMIA / FÍSICA                               ","Canadian Journal of Physics (Print)","B4",2008
"0008-5472","ASTRONOMIA / FÍSICA                               ","Cancer Research (Chicago, Ill.)","A1",2008
"0008-6223","ASTRONOMIA / FÍSICA                               ","Carbon (New York)","A2",2008
"0920-5861","ASTRONOMIA / FÍSICA                               ","Catalysis Today (Print)","B1",2008
"0341-8162","ASTRONOMIA / FÍSICA                               ","Catena (Cremlingen)","B2",2008
"0923-2958","ASTRONOMIA / FÍSICA                               ","Celestial Mechanics & Dynamical Astronomy","B4",2008
"1644-3608","ASTRONOMIA / FÍSICA                               ","Central European Journal of Physics","C ",2008
"0366-6913","ASTRONOMIA / FÍSICA                               ","Cerâmica (São Paulo. Impresso)","C ",2008
"1054-1500","ASTRONOMIA / FÍSICA                               ","Chaos (Woodbury, N.Y.)","B1",2008
"0960-0779","ASTRONOMIA / FÍSICA                               ","Chaos, Solitons and Fractals","B1",2008
"1364-548X","ASTRONOMIA / FÍSICA                               ","Chemical Communications (London. 1996. Online)","C ",2008
"1385-8947","ASTRONOMIA / FÍSICA                               ","Chemical Engineering Journal (1996)","B1",2008
"0009-2541","ASTRONOMIA / FÍSICA                               ","Chemical Geology","A2",2008
"0301-0104","ASTRONOMIA / FÍSICA                               ","Chemical Physics (Print)","B2",2008
"0009-2614","ASTRONOMIA / FÍSICA                               ","Chemical Physics Letters (Print)","B1",2008
"1612-1872","ASTRONOMIA / FÍSICA                               ","Chemistry & Biodiversity (Print)","B2",2008
"0897-4756","ASTRONOMIA / FÍSICA                               ","Chemistry of Materials","A2",2008
"1864-5631","ASTRONOMIA / FÍSICA                               ","ChemSusChem (Weinheim. Print)","C ",2008
"1009-9271","ASTRONOMIA / FÍSICA                               ","Chinese Journal of Astronomy and Astrophysics","B4",2008
"1674-1056","ASTRONOMIA / FÍSICA                               ","Chinese Physics B","C ",2008
"0256-307X","ASTRONOMIA / FÍSICA                               ","Chinese Physics Letters","B3",2008
"0009-6725","ASTRONOMIA / FÍSICA                               ","Ciência e Cultura","C ",2008
"1516-7313","ASTRONOMIA / FÍSICA                               ","Ciência e Educação (UNESP. Impresso)","C ",2008
"0101-8515","ASTRONOMIA / FÍSICA                               ","Ciência Hoje","C ",2008
"0264-9381","ASTRONOMIA / FÍSICA                               ","Classical and Quantum Gravity (Print)","B1",2008
"0009-8558","ASTRONOMIA / FÍSICA                               ","Clay Minerals (Print)","B5",2008
"0165-0009","ASTRONOMIA / FÍSICA                               ","Climatic Change","B1",2008
"0303-402X","ASTRONOMIA / FÍSICA                               ","Colloid and Polymer Science (Print)","B2",2008
"0927-7765","ASTRONOMIA / FÍSICA                               ","Colloids and Surfaces. B, Biointerfaces (Print)","B1",2008
"1021-2043","ASTRONOMIA / FÍSICA                               ","Communications in Asteroseismology","C ",2008
"0010-3616","ASTRONOMIA / FÍSICA                               ","Communications in Mathematical Physics","B1",2008
"1007-5704","ASTRONOMIA / FÍSICA                               ","Communications in Nonlinear Science & Numerical Simulation","C ",2008
"0253-6102","ASTRONOMIA / FÍSICA                               ","Communications in Theoretical Physics","B4",2008
"1074-133X","ASTRONOMIA / FÍSICA                               ","Communications on Applied Nonlinear Analysis","C ",2008
"1096-4959","ASTRONOMIA / FÍSICA                               ","Comparative Biochemistry and Physiology. B, Biochemistry & Molecular Biology (Cessou em 1999. Cont. Comparative Biochemistry and Physiology. Biochemistry & Molecular Biology (2000))","B3",2008
"1076-2787","ASTRONOMIA / FÍSICA                               ","Complexity (New York, N.Y.)","B4",2008
"1320-0682","ASTRONOMIA / FÍSICA                               ","Complexity International","C ",2008
"0266-3538","ASTRONOMIA / FÍSICA                               ","Composites Science and Technology","B1",2008
"1359-8368","ASTRONOMIA / FÍSICA                               ","Composites. Part B, Engineering","B3",2008
"1420-0597","ASTRONOMIA / FÍSICA                               ","Computational Geosciences (Amsterdam)","B3",2008
"0927-0256","ASTRONOMIA / FÍSICA                               ","Computational Materials Science","B3",2008
"0010-4655","ASTRONOMIA / FÍSICA                               ","Computer Physics Communications","B2",2008
"0895-6111","ASTRONOMIA / FÍSICA                               ","Computerized Medical Imaging and Graphics","B3",2008
"0360-1315","ASTRONOMIA / FÍSICA                               ","Computers and Education","B1",2008
"0863-1042","ASTRONOMIA / FÍSICA                               ","Contributions to Plasma Physics (1985)","B3",2008
"0011-1643","ASTRONOMIA / FÍSICA                               ","Croatica Chemica Acta","B4",2008
"1528-7483","ASTRONOMIA / FÍSICA                               ","Crystal Growth & Design","A2",2008
"0232-1300","ASTRONOMIA / FÍSICA                               ","Crystal Research and Technology (1981)","B4",2008
"1063-7745","ASTRONOMIA / FÍSICA                               ","Crystallography Reports (Print)","B5",2008
"0929-8673","ASTRONOMIA / FÍSICA                               ","Current Medicinal Chemistry","A2",2008
"0011-4626","ASTRONOMIA / FÍSICA                               ","Czechoslovak Journal of Physics (Prague, Print) Cessou em 2006)","B5",2008
"0109-5641","ASTRONOMIA / FÍSICA                               ","Dental Materials","B1",2008
"0925-9635","ASTRONOMIA / FÍSICA                               ","Diamond and Related Materials","B2",2008
"1012-0386","ASTRONOMIA / FÍSICA                               ","Diffusion and Defect Data, Solid State Data. Part A, Defect and Diffusion Forum","C ",2008
"1531-3492","ASTRONOMIA / FÍSICA                               ","Discrete and Continuous Dynamical Systems. Series B","B5",2008
"0363-9045","ASTRONOMIA / FÍSICA                               ","Drug Development and Industrial Pharmacy (Print)","B3",2008
"1872-3128","ASTRONOMIA / FÍSICA                               ","Drug Metabolism Letters LTD","C ",2008
"1618-7229","ASTRONOMIA / FÍSICA                               ","E-Polymers","B5",2008
"0906-7590","ASTRONOMIA / FÍSICA                               ","Ecography (Copenhagen)","A2",2008
"1938-6737","ASTRONOMIA / FÍSICA                               ","ECS Transactions (Online)","C ",2008
"1099-0062","ASTRONOMIA / FÍSICA                               ","Electrochemical and Solid-State Letters","B1",2008
"0013-4686","ASTRONOMIA / FÍSICA                               ","Electrochimica Acta","B1",2008
"0301-4215","ASTRONOMIA / FÍSICA                               ","Energy Policy","B2",2008
"1413-4152","ASTRONOMIA / FÍSICA                               ","Engenharia Sanitária e Ambiental","C ",2008
"1099-4300","ASTRONOMIA / FÍSICA                               ","Entropy (Basel. Online)","C ",2008
"1044-3983","ASTRONOMIA / FÍSICA                               ","Epidemiology (Cambridge, Mass., Print)","A2",2008
"0013-9580","ASTRONOMIA / FÍSICA                               ","Epilepsia (Copenhagen)","A2",2008
"1286-0042","ASTRONOMIA / FÍSICA                               ","EPJ. Applied Physics (Print)","B4",2008
"1535-9778","ASTRONOMIA / FÍSICA                               ","Eukaryotic Cell","A2",2008
"0175-7571","ASTRONOMIA / FÍSICA                               ","European Biophysics Journal","B1",2008
"1434-1948","ASTRONOMIA / FÍSICA                               ","European Journal of Inorganic Chemistry (Print)","B1",2008
"0997-7546","ASTRONOMIA / FÍSICA                               ","European Journal of Mechanics. B, Fluids","B5",2008
"0223-5234","ASTRONOMIA / FÍSICA                               ","European Journal of Medicinal Chemistry","B1",2008
"0953-816X","ASTRONOMIA / FÍSICA                               ","European Journal of Neuroscience (Print)","B1",2008
"0143-0807","ASTRONOMIA / FÍSICA                               ","European Journal of Physics (Print)","B5",2008
"0720-048X","ASTRONOMIA / FÍSICA                               ","European Journal of Radiology","B1",2008
"1612-4642","ASTRONOMIA / FÍSICA                               ","European Journal of Wildlife Research (2004. Print)","B2",2008
"1434-6044","ASTRONOMIA / FÍSICA                               ","European Physical Journal C","B1",2008
"1434-6001","ASTRONOMIA / FÍSICA                               ","European Physical Journal. A, Hadrons and Nuclei (Print)","B2",2008
"0014-3057","ASTRONOMIA / FÍSICA                               ","European Polymer Journal","B1",2008
"0295-5075","ASTRONOMIA / FÍSICA                               ","Europhysics Letters (Print)","B1",2008
"0531-7479","ASTRONOMIA / FÍSICA                               ","Europhysics News (Print)","C ",2008
"0014-5793","ASTRONOMIA / FÍSICA                               ","FEBS Letters (Print)","B1",2008
"0928-8244","ASTRONOMIA / FÍSICA                               ","FEMS Immunology and Medical Microbiology (Print)","B2",2008
"0378-1097","ASTRONOMIA / FÍSICA                               ","FEMS Microbiology Letters","B1",2008
"0015-0193","ASTRONOMIA / FÍSICA                               ","Ferroelectrics (Print)","B5",2008
"0731-5171","ASTRONOMIA / FÍSICA                               ","Ferroelectrics. Letters Section (Print)","B5",2008
"0177-7963","ASTRONOMIA / FÍSICA                               ","Few-Body Systems","B4",2008
"0379-0738","ASTRONOMIA / FÍSICA                               ","Forensic Science International","B2",2008
"0015-8208","ASTRONOMIA / FÍSICA                               ","Fortschritte der Physik (Berlin. Wiley-VCH)","B2",2008
"0015-9018","ASTRONOMIA / FÍSICA                               ","Foundations of Physics","B4",2008
"0218-348X","ASTRONOMIA / FÍSICA                               ","Fractals (Singapore)","B5",2008
"0046-5070","ASTRONOMIA / FÍSICA                               ","Freshwater Biology (Print)","B1",2008
"0016-2361","ASTRONOMIA / FÍSICA                               ","Fuel (Guildford)","B1",2008
"1536-383X","ASTRONOMIA / FÍSICA                               ","Fullerenes, Nanotubes, and Carbon Nanostructures","B5",2008
"0254-3052","ASTRONOMIA / FÍSICA                               ","Gaoneng Wuli yu he Wuli / Physica Energiae Fortis et Physica Nuclearis","B5",2008
"0016-545X","ASTRONOMIA / FÍSICA                               ","Gazeta Medica da Bahia","C ",2008
"0001-7701","ASTRONOMIA / FÍSICA                               ","General Relativity and Gravitation","B2",2008
"1415-4757","ASTRONOMIA / FÍSICA                               ","Genetics and Molecular Biology (Impresso)","B5",2008
"1676-5680","ASTRONOMIA / FÍSICA                               ","Genetics and Molecular Research","B5",2008
"0016-7061","ASTRONOMIA / FÍSICA                               ","Geoderma (Amsterdam)","B1",2008
"0016-7169","ASTRONOMIA / FÍSICA                               ","Geofísica Internacional","C ",2008
"0169-555X","ASTRONOMIA / FÍSICA                               ","Geomorphology (Amsterdam)","B1",2008
"0094-8276","ASTRONOMIA / FÍSICA                               ","Geophysical Research Letters","B1",2008
"0017-1050","ASTRONOMIA / FÍSICA                               ","Glass Technology (Cessou em 2005. Fundiu-se com ISSN 0031-9090, 0946-7475, 1753-3546 e 1753-3562)","B5",2008
"0886-6236","ASTRONOMIA / FÍSICA                               ","Global Biogeochemical Cycles","A2",2008
"0202-2893","ASTRONOMIA / FÍSICA                               ","Gravitation & Cosmology (Print)","C ",2008
"0018-019X","ASTRONOMIA / FÍSICA                               ","Helvetica Chimica Acta","B3",2008
"1679-656X","ASTRONOMIA / FÍSICA                               ","História Viva (São Paulo)","C ",2008
"1808-3064","ASTRONOMIA / FÍSICA                               ","Horizonte Científico (Uberlândia)","C ",2008
"0304-3843","ASTRONOMIA / FÍSICA                               ","Hyperfine Interactions","B5",2008
"0019-1035","ASTRONOMIA / FÍSICA                               ","Icarus (New York, N.Y. 1962)","B1",2008
"1545-598X","ASTRONOMIA / FÍSICA                               ","IEEE Geoscience and Remote Sensing Letters (Print)","B2",2008
"0018-9197","ASTRONOMIA / FÍSICA                               ","IEEE Journal of Quantum Electronics","B1",2008
"1041-1135","ASTRONOMIA / FÍSICA                               ","IEEE Photonics Technology Letters","B1",2008
"1530-437X","ASTRONOMIA / FÍSICA                               ","IEEE Sensors Journal","B2",2008
"1051-8223","ASTRONOMIA / FÍSICA                               ","IEEE Transactions on Applied Superconductivity (Print)","B2",2008
"0018-9464","ASTRONOMIA / FÍSICA                               ","IEEE Transactions on Magnetics","B4",2008
"1536-125X","ASTRONOMIA / FÍSICA                               ","IEEE Transactions on Nanotechnology","B1",2008
"0018-9499","ASTRONOMIA / FÍSICA                               ","IEEE Transactions on Nuclear Science","B3",2008
"0093-3813","ASTRONOMIA / FÍSICA                               ","IEEE Transactions on Plasma Science","B3",2008
"1751-8725","ASTRONOMIA / FÍSICA                               ","IET Microwaves, Antennas & Propagation (Print)","B4",2008
"1826-9877","ASTRONOMIA / FÍSICA                               ","Il Nuovo cimento della Società italiana di fisica. B (Online)","C ",2008
"1594-9982","ASTRONOMIA / FÍSICA                               ","Il Nuovo Cimento della Società Italiana di Fisica. B (Testo stampato)","B5",2008
"1826-9885","ASTRONOMIA / FÍSICA                               ","Il Nuovo Cimento della Società Italiana di Fisica. C. Geophysics and Space Physics (Online)","C ",2008
"1124-1896","ASTRONOMIA / FÍSICA                               ","Il Nuovo Cimento della Società Italiana di Fisica. C. Geophysics and Space Physics (Testo stampato)","B5",2008
"0019-5596","ASTRONOMIA / FÍSICA                               ","Indian Journal of Pure & Applied Physics","B5",2008
"0888-5885","ASTRONOMIA / FÍSICA                               ","Industrial & Engineering Chemistry Research","B2",2008
"0020-1669","ASTRONOMIA / FÍSICA                               ","Inorganic Chemistry","A2",2008
"1387-7003","ASTRONOMIA / FÍSICA                               ","Inorganic Chemistry Communications","B2",2008
"0020-1693","ASTRONOMIA / FÍSICA                               ","Inorganica Chimica Acta (Testo stampato)","B2",2008
"1058-4587","ASTRONOMIA / FÍSICA                               ","Integrated Ferroelectrics (Print)","B5",2008
"1137-3601","ASTRONOMIA / FÍSICA                               ","Inteligencia Artificial","C ",2008
"0966-9795","ASTRONOMIA / FÍSICA                               ","Intermetallics (Barking)","B1",2008
"1546-542X","ASTRONOMIA / FÍSICA                               ","International Journal of Applied Ceramic Technology","B3",2008
"1473-5504","ASTRONOMIA / FÍSICA                               ","International Journal of Astrobiology (Print)","C ",2008
"0218-1274","ASTRONOMIA / FÍSICA                               ","International Journal of Bifurcation and Chaos in Applied Sciences and Engineering","B4",2008
"0141-8130","ASTRONOMIA / FÍSICA                               ","International Journal of Biological Macromolecules","B2",2008
"0142-1123","ASTRONOMIA / FÍSICA                               ","International Journal of Fatigue","B2",2008
"0376-9429","ASTRONOMIA / FÍSICA                               ","International Journal of Fracture (Print)","B3",2008
"0219-8878","ASTRONOMIA / FÍSICA                               ","International Journal of Geometric Methods in Modern Physics","B5",2008
"0195-9271","ASTRONOMIA / FÍSICA                               ","International Journal of Infrared and Millimeter Waves","B5",2008
"1387-3806","ASTRONOMIA / FÍSICA                               ","International Journal of Mass Spectrometry (Print)","B1",2008
"0020-739X","ASTRONOMIA / FÍSICA                               ","International Journal of Mathematical Education in Science and Technology","C ",2008
"0217-751X","ASTRONOMIA / FÍSICA                               ","International Journal of Modern Physics A","B3",2008
"0217-9792","ASTRONOMIA / FÍSICA                               ","International Journal of Modern Physics B","B5",2008
"0129-1831","ASTRONOMIA / FÍSICA                               ","International Journal of Modern Physics C","B4",2008
"0218-2718","ASTRONOMIA / FÍSICA                               ","International Journal of Modern Physics D","B2",2008
"0218-3013","ASTRONOMIA / FÍSICA                               ","International Journal of Modern Physics E","B3",2008
"1475-7435","ASTRONOMIA / FÍSICA                               ","International Journal of Nanotechnology","B4",2008
"1565-1339","ASTRONOMIA / FÍSICA                               ","International Journal of Nonlinear Sciences and Numerical Simulation","A2",2008
"0378-5173","ASTRONOMIA / FÍSICA                               ","International Journal of Pharmaceutics (Print)","B1",2008
"0091-4037","ASTRONOMIA / FÍSICA                               ","International Journal of Polymeric Materials (Print)","C ",2008
"0020-7608","ASTRONOMIA / FÍSICA                               ","International Journal of Quantum Chemistry","B3",2008
"0219-7499","ASTRONOMIA / FÍSICA                               ","International Journal of Quantum Information","B5",2008
"0020-7748","ASTRONOMIA / FÍSICA                               ","International Journal of Theoretical Physics","B5",2008
"0195-928X","ASTRONOMIA / FÍSICA                               ","International Journal of Thermophysics","B5",2008
"1646-8945","ASTRONOMIA / FÍSICA                               ","International Journal on Hands-on Science","C ",2008
"1741-5977","ASTRONOMIA / FÍSICA                               ","Inverse Problems in Science & Engineering (Print)","B5",2008
"1518-9384","ASTRONOMIA / FÍSICA                               ","Investigações em Ensino de Ciências (UFRGS. Impresso)","C ",2008
"0146-0404","ASTRONOMIA / FÍSICA                               ","Investigative Ophthalmology & Visual Science","A2",2008
"0021-4922","ASTRONOMIA / FÍSICA                               ","Japanese Journal of Applied Physics","B3",2008
"0926-9959","ASTRONOMIA / FÍSICA                               ","JEADV. Journal of the European Academy of Dermatology and Venereology","B1",2008
"0021-3640","ASTRONOMIA / FÍSICA                               ","JETP Letters","B3",2008
"1155-4339","ASTRONOMIA / FÍSICA                               ","Journal de Physique. IV (Cessou em 2006. Cont. ISSN 1951-6355 The European Physical Journal. Special Topics)","B5",2008
"0925-8388","ASTRONOMIA / FÍSICA                               ","Journal of Alloys and Compounds","B3",2008
"0021-8782","ASTRONOMIA / FÍSICA                               ","Journal of Anatomy (Print)","B1",2008
"0021-8898","ASTRONOMIA / FÍSICA                               ","Journal of Applied Crystallography","A2",2008
"0021-8979","ASTRONOMIA / FÍSICA                               ","Journal of Applied Physics","B1",2008
"1097-4628","ASTRONOMIA / FÍSICA                               ","Journal of Applied Polymer Science (Online)","B3",2008
"0021-8995","ASTRONOMIA / FÍSICA                               ","Journal of Applied Polymer Science (Print)","B3",2008
"1364-6826","ASTRONOMIA / FÍSICA                               ","Journal of Atmospheric and Solar-Terrestrial Physics","B2",2008
"0021-9290","ASTRONOMIA / FÍSICA                               ","Journal of Biomechanics","B1",2008
"1552-4973","ASTRONOMIA / FÍSICA                               ","Journal of Biomedical Materials Research. Part B, Applied Biomaterials","B1",2008
"1083-3668","ASTRONOMIA / FÍSICA                               ","Journal of Biomedical Optics","B1",2008
"0739-1102","ASTRONOMIA / FÍSICA                               ","Journal of Biomolecular Structure & Dynamics","B3",2008
"1074-1542","ASTRONOMIA / FÍSICA                               ","Journal of Chemical Crystallography","B5",2008
"1549-9596","ASTRONOMIA / FÍSICA                               ","Journal of Chemical Information and Modeling","A2",2008
"0749-0208","ASTRONOMIA / FÍSICA                               ","Journal of Coastal Research","B5",2008
"0021-9797","ASTRONOMIA / FÍSICA                               ","Journal of Colloid and Interface Science (Print)","B1",2008
"1546-1955","ASTRONOMIA / FÍSICA                               ","Journal of Computational and Theoretical Nanoscience","B4",2008
"0192-8651","ASTRONOMIA / FÍSICA                               ","Journal of Computational Chemistry","B1",2008
"0021-9991","ASTRONOMIA / FÍSICA                               ","Journal of Computational Physics (Print)","B1",2008
"1475-7516","ASTRONOMIA / FÍSICA                               ","Journal of Cosmology and Astroparticle Physics","A1",2008
"0022-0248","ASTRONOMIA / FÍSICA                               ","Journal of Crystal Growth","B2",2008
"1572-6657","ASTRONOMIA / FÍSICA                               ","Journal of Electroanalytical Chemistry (1992)","B1",2008
"0022-0728","ASTRONOMIA / FÍSICA                               ","Journal of Electroanalytical Chemistry and Interfacial Electrochemistry (Cessou em 1992. Cont. ISSN 1572-6657 Journal of Electroanalytical Chemistry (1992))","C ",2008
"0368-2048","ASTRONOMIA / FÍSICA                               ","Journal of Electron Spectroscopy and Related Phenomena (Print)","B3",2008
"0361-5235","ASTRONOMIA / FÍSICA                               ","Journal of Electronic Materials","B3",2008
"0304-3886","ASTRONOMIA / FÍSICA                               ","Journal of Electrostatics","B4",2008
"0099-2399","ASTRONOMIA / FÍSICA                               ","Journal of Endodontics","B1",2008
"0265-931X","ASTRONOMIA / FÍSICA                               ","Journal of Environmental Radioactivity","B3",2008
"1475-6366","ASTRONOMIA / FÍSICA                               ","Journal of Enzyme Inhibition and Medicinal Chemistry (Print)","B3",2008
"1063-7761","ASTRONOMIA / FÍSICA                               ","Journal of Experimental and Theoretical Physics (Print)","B3",2008
"0022-1120","ASTRONOMIA / FÍSICA                               ","Journal of Fluid Mechanics (Print)","B1",2008
"1053-0509","ASTRONOMIA / FÍSICA                               ","Journal of Fluorescence","B1",2008
"0393-0440","ASTRONOMIA / FÍSICA                               ","Journal of Geometry and Physics","B4",2008
"0148-0227","ASTRONOMIA / FÍSICA                               ","Journal of Geophysical Research","B1",2008
"0162-0134","ASTRONOMIA / FÍSICA                               ","Journal of Inorganic Biochemistry","B1",2008
"1748-0221","ASTRONOMIA / FÍSICA                               ","Journal of Instrumentation","B5",2008
"0022-2267","ASTRONOMIA / FÍSICA                               ","Journal of Linguistics (Print)","B5",2008
"0022-2291","ASTRONOMIA / FÍSICA                               ","Journal of Low Temperature Physics","B4",2008
"0022-2313","ASTRONOMIA / FÍSICA                               ","Journal of Luminescence","B2",2008
"1090-7807","ASTRONOMIA / FÍSICA                               ","Journal of Magnetic Resonance (San Diego, Calif. 1997: Print)","B1",2008
"1053-1807","ASTRONOMIA / FÍSICA                               ","Journal of Magnetic Resonance Imaging (Print)","B1",2008
"1064-1866","ASTRONOMIA / FÍSICA                               ","Journal of Magnetic Resonance. Series B (Cessou em 1996. Fundiu-se com ISSN 1064-1858 Journal of Magnetic Resonance. Series A (Print) e ISSN 1090-7807 Journal of Magnetic Resonance (San Diego, Calif. 1997 : Print))","C ",2008
"0304-8853","ASTRONOMIA / FÍSICA                               ","Journal of Magnetism and Magnetic Materials","B3",2008
"1076-5174","ASTRONOMIA / FÍSICA                               ","Journal of Mass Spectrometry (Print)","B1",2008
"0924-0136","ASTRONOMIA / FÍSICA                               ","Journal of Materials Processing Technology","B3",2008
"0022-2461","ASTRONOMIA / FÍSICA                               ","Journal of Materials Science","B3",2008
"0957-4522","ASTRONOMIA / FÍSICA                               ","Journal of Materials Science. Materials in Electronics","B3",2008
"0303-6812","ASTRONOMIA / FÍSICA                               ","Journal of Mathematical Biology (Print)","B2",2008
"0022-2488","ASTRONOMIA / FÍSICA                               ","Journal of Mathematical Physics","B2",2008
"0960-1317","ASTRONOMIA / FÍSICA                               ","Journal of Micromechanics and Microengineering (Print)","B1",2008
"0950-0340","ASTRONOMIA / FÍSICA                               ","Journal of Modern Optics (Print)","B3",2008
"0022-2836","ASTRONOMIA / FÍSICA                               ","Journal of Molecular Biology","A2",2008
"1381-1169","ASTRONOMIA / FÍSICA                               ","Journal of Molecular Catalysis. A, Chemical (Print)","B1",2008
"1093-3263","ASTRONOMIA / FÍSICA                               ","Journal of Molecular Graphics & Modelling","B1",2008
"0167-7322","ASTRONOMIA / FÍSICA                               ","Journal of Molecular Liquids (Print)","B3",2008
"0022-2852","ASTRONOMIA / FÍSICA                               ","Journal of Molecular Spectroscopy (Print)","B2",2008
"0022-2860","ASTRONOMIA / FÍSICA                               ","Journal of Molecular Structure (Print)","B2",2008
"0166-1280","ASTRONOMIA / FÍSICA                               ","Journal of Molecular Structure. Theochem (Print)","B3",2008
"1661-9897","ASTRONOMIA / FÍSICA                               ","Journal of Nano Research (Online)","C ",2008
"1388-0764","ASTRONOMIA / FÍSICA                               ","Journal of Nanoparticle Research","B1",2008
"1533-4880","ASTRONOMIA / FÍSICA                               ","Journal of Nanoscience and Nanotechnology (Print)","B2",2008
"0022-3093","ASTRONOMIA / FÍSICA                               ","Journal of Non-Crystalline Solids","B2",2008
"1402-9251","ASTRONOMIA / FÍSICA                               ","Journal of Nonlinear Mathematical Physics (Print)","B5",2008
"0022-3115","ASTRONOMIA / FÍSICA                               ","Journal of Nuclear Materials","B3",2008
"0022-3131","ASTRONOMIA / FÍSICA                               ","Journal of Nuclear Science and Technology","B5",2008
"1464-4258","ASTRONOMIA / FÍSICA                               ","Journal of Optics. A, Pure and Applied Optics (Print)","B2",2008
"1464-4266","ASTRONOMIA / FÍSICA                               ","Journal of Optics. B, Quantum and Semiclassical Optics (Print)","B2",2008
"1454-4164","ASTRONOMIA / FÍSICA                               ","Journal of Optoelectronics and Advanced Materials (Print)","B3",2008
"1473-7809","ASTRONOMIA / FÍSICA                               ","Journal of Oral Laser Applications","C ",2008
"0022-328X","ASTRONOMIA / FÍSICA                               ","Journal of Organometallic Chemistry (Print)","B2",2008
"0022-3549","ASTRONOMIA / FÍSICA                               ","Journal of Pharmaceutical Sciences","B1",2008
"1010-6030","ASTRONOMIA / FÍSICA                               ","Journal of Photochemistry and Photobiology. A, Chemistry","B1",2008
"0022-3654","ASTRONOMIA / FÍSICA                               ","Journal of Physical Chemistry (1952) (Cessou em 1996. Cont. ISSN 1089-5639 The Journal of Physical Chemistry. A e ISSN 1520-6106 Journal of Physical Chemistry. B","B1",2008
"1089-5647","ASTRONOMIA / FÍSICA                               ","Journal of Physical Chemistry B","C ",2008
"1520-6106","ASTRONOMIA / FÍSICA                               ","Journal of Physical Chemistry. B","A2",2008
"1932-7447","ASTRONOMIA / FÍSICA                               ","Journal of Physical Chemistry. C","C ",2008
"0894-3230","ASTRONOMIA / FÍSICA                               ","Journal of Physical Organic Chemistry (Print)","B2",2008
"0022-3697","ASTRONOMIA / FÍSICA                               ","Journal of Physics and Chemistry of Solids","B4",2008
"0305-4616","ASTRONOMIA / FÍSICA                               ","Journal of physics G. Nuclear physics (Cessou em 1988. Cont. ISSN 0954-3899 Journal of Physics. G, Nuclear and Particle Physics)","C ",2008
"0305-4470","ASTRONOMIA / FÍSICA                               ","Journal of Physics. A, Mathematical and General (Print) (Cessou em 2006. Cont. ISSN 1751-8113 Journal of Physics. A, Mathematical and Theoretical (Print))","B2",2008
"1751-8113","ASTRONOMIA / FÍSICA                               ","Journal of Physics. A, Mathematical and Theoretical (Print)","B2",2008
"0953-4075","ASTRONOMIA / FÍSICA                               ","Journal of Physics. B, Atomic Molecular and Optical Physics (Print)","B1",2008
"1361-648X","ASTRONOMIA / FÍSICA                               ","Journal of Physics. Condensed Matter (Online)","C ",2008
"0953-8984","ASTRONOMIA / FÍSICA                               ","Journal of Physics. Condensed Matter (Print)","B1",2008
"1742-6596","ASTRONOMIA / FÍSICA                               ","Journal of Physics. Conference Series (Online)","C ",2008
"1742-6588","ASTRONOMIA / FÍSICA                               ","Journal of Physics. Conference Series (Print)","C ",2008
"0022-3727","ASTRONOMIA / FÍSICA                               ","Journal of Physics. D, Applied Physics (Print)","B1",2008
"0954-3899","ASTRONOMIA / FÍSICA                               ","Journal of Physics. G, Nuclear and Particle Physics","B1",2008
"0022-3778","ASTRONOMIA / FÍSICA                               ","Journal of Plasma Physics (Print)","B4",2008
"0887-6266","ASTRONOMIA / FÍSICA                               ","Journal of Polymer Science. Part B, Polymer Physics","B2",2008
"0378-7753","ASTRONOMIA / FÍSICA                               ","Journal of Power Sources (Print)","B1",2008
"1535-3893","ASTRONOMIA / FÍSICA                               ","Journal of Proteome Research (Print)","A2",2008
"0022-4073","ASTRONOMIA / FÍSICA                               ","Journal of Quantitative Spectroscopy & Radiative Transfer","B2",2008
"0236-5731","ASTRONOMIA / FÍSICA                               ","Journal of Radioanalytical and Nuclear Chemistry (Print)","B5",2008
"0377-0486","ASTRONOMIA / FÍSICA                               ","Journal of Raman Spectroscopy","A2",2008
"1071-2836","ASTRONOMIA / FÍSICA                               ","Journal of Russian Laser Research","B5",2008
"0928-0707","ASTRONOMIA / FÍSICA                               ","Journal of Sol-Gel Science and Technology","B3",2008
"0022-4596","ASTRONOMIA / FÍSICA                               ","Journal of Solid State Chemistry (Print)","B2",2008
"0022-460X","ASTRONOMIA / FÍSICA                               ","Journal of Sound and Vibration","B3",2008
"1742-5468","ASTRONOMIA / FÍSICA                               ","Journal of Statistical Mechanics","B1",2008
"0022-4715","ASTRONOMIA / FÍSICA                               ","Journal of Statistical Physics","B2",2008
"0960-0760","ASTRONOMIA / FÍSICA                               ","Journal of Steroid Biochemistry and Molecular Biology","B1",2008
"1047-8477","ASTRONOMIA / FÍSICA                               ","Journal of Structural Biology (Print)","A2",2008
"1741-5993","ASTRONOMIA / FÍSICA                               ","Journal of Sulfur Chemistry (Print)","C ",2008
"0896-1107","ASTRONOMIA / FÍSICA                               ","Journal of Superconductivity","C ",2008
"1557-1947","ASTRONOMIA / FÍSICA                               ","Journal of Superconductivity and Novel Materials","C ",2008
"0909-0495","ASTRONOMIA / FÍSICA                               ","Journal of Synchrotron Radiation","B1",2008
"0002-7820","ASTRONOMIA / FÍSICA                               ","Journal of the American Ceramic Society","B1",2008
"0002-7863","ASTRONOMIA / FÍSICA                               ","Journal of the American Chemical Society (Print)","A1",2008
"0022-4928","ASTRONOMIA / FÍSICA                               ","Journal of the Atmospheric Sciences","B1",2008
"0103-5053","ASTRONOMIA / FÍSICA                               ","Journal of the Brazilian Chemical Society (Impresso)","B3",2008
"1678-5878","ASTRONOMIA / FÍSICA                               ","Journal of the Brazilian Society of Mechanical Sciences and Engineering (Impresso)","C ",2008
"0914-5400","ASTRONOMIA / FÍSICA                               ","Journal of the Ceramic Society of Japan (Cessou em 2007. Cont. ISSN 1882-0743 Journal of the Ceramic Society of Japan (Print))","C ",2008
"0013-4651","ASTRONOMIA / FÍSICA                               ","Journal of the Electrochemical Society","B1",2008
"0955-2219","ASTRONOMIA / FÍSICA                               ","Journal of the European Ceramic Society","B2",2008
"0374-4884","ASTRONOMIA / FÍSICA                               ","Journal of the Korean Physical Society (Print)","C ",2008
"0022-5096","ASTRONOMIA / FÍSICA                               ","Journal of the Mechanics and Physics of Solids","B1",2008
"0740-3232","ASTRONOMIA / FÍSICA                               ","Journal of the Optical Society of America. A, Optics and Image Science (Cessou em 1993. Cont. ISSN 1084-7529 Journal of the Optical Society of America. A, Optics, Image Science, and Vision)","B2",2008
"1084-7529","ASTRONOMIA / FÍSICA                               ","Journal of the Optical Society of America. A, Optics Image Science and Vision","B2",2008
"0740-3224","ASTRONOMIA / FÍSICA                               ","Journal of the Optical Society of America. B, Optical physics","B1",2008
"0031-9015","ASTRONOMIA / FÍSICA                               ","Journal of the Physical Society of Japan","B1",2008
"1429-2955","ASTRONOMIA / FÍSICA                               ","Journal of Theoretical and Applied Mechanics (Warsaw)","C ",2008
"0022-5193","ASTRONOMIA / FÍSICA                               ","Journal of Theoretical Biology","B1",2008
"1388-6150","ASTRONOMIA / FÍSICA                               ","Journal of Thermal Analysis and Calorimetry","B2",2008
"0734-2101","ASTRONOMIA / FÍSICA                               ","Journal of Vacuum Science & Technology. A. Vacuum, Surfaces and Films (Cessou em 2002. Cont. ISSN 1553-1813 Journal of Vacuum Science & Technology. A, International Journal Devoted to Vacuum, Surfaces, and Films)","B3",2008
"1071-1023","ASTRONOMIA / FÍSICA                               ","Journal of Vacuum Science & Technology. B, Microelectronics and Nanometer Structures Processing, Measurement and Phenomena","B2",2008
"1013-9826","ASTRONOMIA / FÍSICA                               ","Key Engineering Materials","C ",2008
"0393-697X","ASTRONOMIA / FÍSICA                               ","La Rivista del Nuovo Cimento della Società Italiana di Fisica (Testo stampato)","B3",2008
"0743-7463","ASTRONOMIA / FÍSICA                               ","Langmuir","A2",2008
"1054-660X","ASTRONOMIA / FÍSICA                               ","Laser Physics","B5",2008
"1612-2011","ASTRONOMIA / FÍSICA                               ","Laser Physics Letters (Print)","B2",2008
"0268-8921","ASTRONOMIA / FÍSICA                               ","Lasers in Medical Science","B2",2008
"0196-8092","ASTRONOMIA / FÍSICA                               ","Lasers in Surgery and Medicine (Print)","A2",2008
"1679-7817","ASTRONOMIA / FÍSICA                               ","Latin American Journal of Solids and Structures (Impresso)","C ",2008
"1676-2789","ASTRONOMIA / FÍSICA                               ","Learning and Nonlinear Models","C ",2008
"0302-9743","ASTRONOMIA / FÍSICA                               ","Lecture Notes in Computer Science","C ",2008
"0075-8450","ASTRONOMIA / FÍSICA                               ","Lecture Notes in Physics","C ",2008
"1570-1808","ASTRONOMIA / FÍSICA                               ","Letters in Drug Design & Discovery","B4",2008
"0377-9017","ASTRONOMIA / FÍSICA                               ","Letters in Mathematical Physics","B3",2008
"0267-8292","ASTRONOMIA / FÍSICA                               ","Liquid Crystals (Print)","B3",2008
"1063-777X","ASTRONOMIA / FÍSICA                               ","Low Temperature Physics (Woodbury, N.Y., Print)","B4",2008
"0932-8092","ASTRONOMIA / FÍSICA                               ","Machine Vision and Applications","B3",2008
"1438-7492","ASTRONOMIA / FÍSICA                               ","Macromolecular Materials and Engineering (Print)","B2",2008
"0024-9297","ASTRONOMIA / FÍSICA                               ","Macromolecules (Print)","A2",2008
"1517-7076","ASTRONOMIA / FÍSICA                               ","Matéria (UFRJ)","C ",2008
"0025-5416","ASTRONOMIA / FÍSICA                               ","Material Sciences and Engineering (Cessou em 1988. Cont. ISSN 0921-5093 Materials Science & Engineering. A, Structural Materials: Properties, Microstructure and Processing)","C ",2008
"1044-5803","ASTRONOMIA / FÍSICA                               ","Materials Characterization","B4",2008
"0254-0584","ASTRONOMIA / FÍSICA                               ","Materials Chemistry and Physics","B2",2008
"0167-577X","ASTRONOMIA / FÍSICA                               ","Materials Letters (General ed.)","B2",2008
"1516-1439","ASTRONOMIA / FÍSICA                               ","Materials Research (São Carlos. Impresso)","C ",2008
"0921-5093","ASTRONOMIA / FÍSICA                               ","Materials Science & Engineering. A, Structural Materials: properties, microstructure and processing","B3",2008
"0921-5107","ASTRONOMIA / FÍSICA                               ","Materials Science & Engineering. B, Solid-State Materials for Advanced Technology","B3",2008
"0928-4931","ASTRONOMIA / FÍSICA                               ","Materials Science & Engineering. C, Biomimetic Materials, Sensors and Systems (Print)","B3",2008
"0267-0836","ASTRONOMIA / FÍSICA                               ","Materials Science and Technology","B4",2008
"0255-5476","ASTRONOMIA / FÍSICA                               ","Materials Science Forum","C ",2008
"1369-8001","ASTRONOMIA / FÍSICA                               ","Materials Science in Semiconductor Processing","B4",2008
"0895-7177","ASTRONOMIA / FÍSICA                               ","Mathematical and Computer Modelling","B3",2008
"1385-0172","ASTRONOMIA / FÍSICA                               ","Mathematical Physics, Analysis and Geometry","B5",2008
"1024-123X","ASTRONOMIA / FÍSICA                               ","Mathematical Problems in Engineering (Print)","B5",2008
"0957-0233","ASTRONOMIA / FÍSICA                               ","Measurement Science & Technology (Print)","B3",2008
"1350-4533","ASTRONOMIA / FÍSICA                               ","Medical Engineering & Physics","B3",2008
"0094-2405","ASTRONOMIA / FÍSICA                               ","Medical Physics (Lancaster)","B1",2008
"1573-4064","ASTRONOMIA / FÍSICA                               ","Medicinal Chemistry (Hilversum)","C ",2008
"0074-0276","ASTRONOMIA / FÍSICA                               ","Memórias do Instituto Oswaldo Cruz (Impresso)","B3",2008
"1809-4791","ASTRONOMIA / FÍSICA                               ","Mens Agitat","C ",2008
"1086-9379","ASTRONOMIA / FÍSICA                               ","Meteoritics & Planetary Science","B1",2008
"1073-2772","ASTRONOMIA / FÍSICA                               ","Methods and Applications of Analysis","C ",2008
"0026-2692","ASTRONOMIA / FÍSICA                               ","Microelectronics (Luton) (Cessou em 1978. Cont. ISSN 0959-8324 Microelectronics Journal)","B5",2008
"0959-8324","ASTRONOMIA / FÍSICA                               ","Microelectronics Journal","C ",2008
"1613-4982","ASTRONOMIA / FÍSICA                               ","Microfluidics and Nanofluidics (Print)","B1",2008
"1387-1811","ASTRONOMIA / FÍSICA                               ","Microporous and Mesoporous Materials (Print)","B1",2008
"1431-9276","ASTRONOMIA / FÍSICA                               ","Microscopy and Microanalysis (Print)","B1",2008
"1059-910X","ASTRONOMIA / FÍSICA                               ","Microscopy Research and Technique (Print)","B2",2008
"0895-2477","ASTRONOMIA / FÍSICA                               ","Microwave and Optical Technology Letters (Print)","B4",2008
"1424-9286","ASTRONOMIA / FÍSICA                               ","Milan Journal of Mathematics (Printed ed.)","C ",2008
"0217-7323","ASTRONOMIA / FÍSICA                               ","Modern Physics Letters A","B3",2008
"0217-9849","ASTRONOMIA / FÍSICA                               ","Modern Physics Letters B","B5",2008
"0166-6851","ASTRONOMIA / FÍSICA                               ","Molecular and Biochemical Parasitology (Print)","B1",2008
"1542-1406","ASTRONOMIA / FÍSICA                               ","Molecular Crystals and Liquid Crystals (Philadelphia, Pa. : 2003)","B5",2008
"1058-725X","ASTRONOMIA / FÍSICA                               ","Molecular Crystals and Liquid Crystals Science and Technology. Section A, Molecular Crystals and Liquid Crystals (Print)","B5",2008
"1381-1991","ASTRONOMIA / FÍSICA                               ","Molecular Diversity","C ",2008
"0888-8809","ASTRONOMIA / FÍSICA                               ","Molecular Endocrinology (Baltimore, Md.)","A2",2008
"1543-8384","ASTRONOMIA / FÍSICA                               ","Molecular Pharmaceutics (Print)","A2",2008
"0026-8976","ASTRONOMIA / FÍSICA                               ","Molecular Physics (Print)","B3",2008
"0892-7022","ASTRONOMIA / FÍSICA                               ","Molecular Simulation (Print)","B3",2008
"0035-8711","ASTRONOMIA / FÍSICA                               ","Monthly Notices of the Royal Astronomical Society (Print)","A2",2008
"0027-0644","ASTRONOMIA / FÍSICA                               ","Monthly Weather Review","B1",2008
"0883-7694","ASTRONOMIA / FÍSICA                               ","MRS Bulletin","A2",2008
"1530-6984","ASTRONOMIA / FÍSICA                               ","Nano Letters (Print)","A1",2008
"1549-9634","ASTRONOMIA / FÍSICA                               ","Nanomedicine (New York)","C ",2008
"0957-4484","ASTRONOMIA / FÍSICA                               ","Nanotechnology (Bristol. Print)","B1",2008
"0028-0836","ASTRONOMIA / FÍSICA                               ","Nature (London)","A1",2008
"1545-0740","ASTRONOMIA / FÍSICA                               ","Nature and Science (East Lansing, Mich.)","C ",2008
"1476-1122","ASTRONOMIA / FÍSICA                               ","Nature Materials (Print)","A1",2008
"1748-3387","ASTRONOMIA / FÍSICA                               ","Nature Nanotechnology (Print)","A1",2008
"1749-4885","ASTRONOMIA / FÍSICA                               ","Nature Photonics (Print)","A1",2008
"1745-2473","ASTRONOMIA / FÍSICA                               ","Nature Physics (Print)","A1",2008
"0893-6080","ASTRONOMIA / FÍSICA                               ","Neural Networks","B1",2008
"1522-8517","ASTRONOMIA / FÍSICA                               ","Neuro-Oncology (Charlottesville, Va.)","A2",2008
"0925-2312","ASTRONOMIA / FÍSICA                               ","Neurocomputing (Amsterdam)","B3",2008
"1384-1076","ASTRONOMIA / FÍSICA                               ","New Astronomy (Gedrukt)","B2",2008
"1387-6473","ASTRONOMIA / FÍSICA                               ","New Astronomy Reviews (Print)","B2",2008
"1367-2630","ASTRONOMIA / FÍSICA                               ","New Journal of Physics","A2",2008
"0952-3480","ASTRONOMIA / FÍSICA                               ","NMR in Biomedicine","A2",2008
"1468-1218","ASTRONOMIA / FÍSICA                               ","Nonlinear Analysis: Real World Applications","B2",2008
"0924-090X","ASTRONOMIA / FÍSICA                               ","Nonlinear Dynamics","B4",2008
"1023-5809","ASTRONOMIA / FÍSICA                               ","Nonlinear Processes in Geophysics","B3",2008
"0951-7715","ASTRONOMIA / FÍSICA                               ","Nonlinearity (Bristol. Print)","B3",2008
"1123-2536","ASTRONOMIA / FÍSICA                               ","Note di Matematica - Università Degli Studi di Lecce","C ",2008
"0029-5515","ASTRONOMIA / FÍSICA                               ","Nuclear Fusion","B1",2008
"0168-9002","ASTRONOMIA / FÍSICA                               ","Nuclear Instruments & Methods in Physics Research. Section A, Accelerators, Spectrometers, Detectors and Associated Equipment (Print)","B3",2008
"0168-583X","ASTRONOMIA / FÍSICA                               ","Nuclear Instruments & Methods in Physics Research. Section B, Beam Interactions with Materials and Atoms (Print)","B4",2008
"0167-5087","ASTRONOMIA / FÍSICA                               ","Nuclear Instruments and Methods in Physics Research (Print) (Cessou em 1983. Desmembrado em 2: ISSN 0168-9002 Nuclear iInstruments & Methods in Physics Research. Sec. A (Print); ISSN 0168-583X Nuclear Instruments & Methods In Physics... Sec. B (Print))","C ",2008
"0375-9474","ASTRONOMIA / FÍSICA                               ","Nuclear Physics. A (Print)","B2",2008
"0550-3213","ASTRONOMIA / FÍSICA                               ","Nuclear Physics. B (Print)","A2",2008
"0920-5632","ASTRONOMIA / FÍSICA                               ","Nuclear Physics. B, Proceedings Supplement (Print)","C ",2008
"0029-5639","ASTRONOMIA / FÍSICA                               ","Nuclear Science and Engineering","B4",2008
"0305-1048","ASTRONOMIA / FÍSICA                               ","Nucleic Acids Research","A1",2008
"0030-1299","ASTRONOMIA / FÍSICA                               ","Oikos (Kobenhavn)","B1",2008
"0306-8919","ASTRONOMIA / FÍSICA                               ","Optical and Quantum Electronics","B4",2008
"0925-3467","ASTRONOMIA / FÍSICA                               ","Optical Materials (Amsterdam. Print)","B2",2008
"0030-3992","ASTRONOMIA / FÍSICA                               ","Optics and Laser Technology","B4",2008
"0143-8166","ASTRONOMIA / FÍSICA                               ","Optics and Lasers in Engineering","B3",2008
"0030-400X","ASTRONOMIA / FÍSICA                               ","Optics and Spectroscopy (Print)","B5",2008
"0030-4018","ASTRONOMIA / FÍSICA                               ","Optics Communications (Print)","B2",2008
"1094-4087","ASTRONOMIA / FÍSICA                               ","Optics Express","A2",2008
"0146-9592","ASTRONOMIA / FÍSICA                               ","Optics Letters","A2",2008
"0030-4026","ASTRONOMIA / FÍSICA                               ","Optik (Stuttgart)","B5",2008
"1368-8375","ASTRONOMIA / FÍSICA                               ","Oral Oncology (1997)","B1",2008
"1566-1199","ASTRONOMIA / FÍSICA                               ","Organic Electronics (Print)","B1",2008
"1674-2001","ASTRONOMIA / FÍSICA                               ","Particuology","C ",2008
"1463-9076","ASTRONOMIA / FÍSICA                               ","PCCP. Physical Chemistry Chemical Physics (Print)","A2",2008
"0031-5303","ASTRONOMIA / FÍSICA                               ","Periodica Mathematica Hungarica (Print)","C ",2008
"0100-204X","ASTRONOMIA / FÍSICA                               ","Pesquisa Agropecuária Brasileira (1977. Impressa)","B5",2008
"1519-8774","ASTRONOMIA / FÍSICA                               ","Pesquisa FAPESP (Impresso)","C ",2008
"0141-1594","ASTRONOMIA / FÍSICA                               ","Phase Transitions (Print)","B3",2008
"1478-6435","ASTRONOMIA / FÍSICA                               ","Philosophical Magazine (2003. Print)","B3",2008
"0141-8610","ASTRONOMIA / FÍSICA                               ","Philosophical Magazine A. Physics of Condensed Matter. Defects and Mechanical Properties (Cessou em 1995. Cont. ISSN 1364-2804 Philosophical Magazine. A. Physics of Condensed Matter. Structure, Defects and Mechanical Properties (Print))","C ",2008
"1362-3036","ASTRONOMIA / FÍSICA                               ","Philosophical Magazine Letters (Online)","C ",2008
"0950-0839","ASTRONOMIA / FÍSICA                               ","Philosophical Magazine Letters (Print)","B1",2008
"1364-503X","ASTRONOMIA / FÍSICA                               ","Philosophical Transactions - Royal Society. Mathematical, Physical and Engineering Sciences (Print)","B1",2008
"0080-4614","ASTRONOMIA / FÍSICA                               ","Philosophical Transactions of the Royal Society of London, Series A: Mathematical and Physical Sciences","B1",2008
"0031-8655","ASTRONOMIA / FÍSICA                               ","Photochemistry and Photobiology","B1",2008
"1572-1000","ASTRONOMIA / FÍSICA                               ","Photodiagnosis and Photodynamic Therapy (Print)","C ",2008
"1549-5418","ASTRONOMIA / FÍSICA                               ","Photomedicine and Laser Surgery","B2",2008
"1569-4410","ASTRONOMIA / FÍSICA                               ","Photonics and Nanostructures (Print)","B2",2008
"0031-8949","ASTRONOMIA / FÍSICA                               ","Physica Scripta (Print)","B4",2008
"0281-1847","ASTRONOMIA / FÍSICA                               ","Physica Scripta. T","C ",2008
"0031-8965","ASTRONOMIA / FÍSICA                               ","Physica Status Solidi. A, Applied Research (Cessou em 2004. Cont. ISSN 1862-6300 Physica Status Solidi. A, Applications and Materials Science (Print))","B3",2008
"0370-1972","ASTRONOMIA / FÍSICA                               ","Physica Status Solidi. B, Basic Research","B4",2008
"1610-1634","ASTRONOMIA / FÍSICA                               ","Physica Status Solidi. C, Conferences and Critical Reviews (Cessou em 2005. Cont. ISSN 1862-6351 Physica Status Solidi. C, Current Topics in Solid State Physics (Print))","C ",2008
"1862-6270","ASTRONOMIA / FÍSICA                               ","Physica Status Solidi. Rapid Research Letters (Internet)","C ",2008
"1862-6254","ASTRONOMIA / FÍSICA                               ","Physica Status Solidi. Rapid Research Letters (Print)","C ",2008
"0378-4371","ASTRONOMIA / FÍSICA                               ","Physica. A (Print)","B2",2008
"0921-4526","ASTRONOMIA / FÍSICA                               ","Physica. B, Condensed Matter (Print)","B4",2008
"0921-4534","ASTRONOMIA / FÍSICA                               ","Physica. C, Superconductivity (Print)","B4",2008
"0167-2789","ASTRONOMIA / FÍSICA                               ","Physica. D, Nonlinear phenomena (Print)","B2",2008
"1386-9477","ASTRONOMIA / FÍSICA                               ","Physica. E, Low-Dimensional Systems and Nanostructures (Print)","B4",2008
"1679-9569","ASTRONOMIA / FÍSICA                               ","Physicae (APGF)","C ",2008
"1063-651X","ASTRONOMIA / FÍSICA                               ","Physical Review E. (Cessou em 2000. Cont. 1539-3755 Physical Review. E, Statistical, Nonlinear, and Soft Matter Physics)","B1",2008
"0031-9007","ASTRONOMIA / FÍSICA                               ","Physical Review Letters (Print)","A1",2008
"1098-4402","ASTRONOMIA / FÍSICA                               ","Physical Review Special Topics. Accelerators and Beams","B3",2008
"1050-2947","ASTRONOMIA / FÍSICA                               ","Physical Review. A","B1",2008
"1094-1622","ASTRONOMIA / FÍSICA                               ","Physical Review. A, Atomic, Molecular, and Optical Physics (Online)","B1",2008
"1098-0121","ASTRONOMIA / FÍSICA                               ","Physical Review. B, Condensed Matter and Materials Physics","B1",2008
"0163-1829","ASTRONOMIA / FÍSICA                               ","Physical Review. B, Condensed Matter. (Cessou 1997. Cont. 1098-0121 Physical Review. B, Condensed Matter and Materials Physics)","B1",2008
"0556-2805","ASTRONOMIA / FÍSICA                               ","Physical Review. B. Solid State. (Cessou em 1978. Cont. 1098-0121 Physical Review. B, Condensed Matter and Materials Physics)","B1",2008
"0556-2813","ASTRONOMIA / FÍSICA                               ","Physical Review. C. Nuclear Physics (Print)","B1",2008
"1089-4918","ASTRONOMIA / FÍSICA                               ","Physical Review. D, Particles and Fields (Online) (Cessou em 2003. Cont. ISSN 1550-2368 Physical Review. D. Particles, Fields, Gravitation, and Cosmology (Online))","A2",2008
"1550-7998","ASTRONOMIA / FÍSICA                               ","Physical Review. D, Particles, Fields, Gravitation, and Cosmology","A2",2008
"0556-2821","ASTRONOMIA / FÍSICA                               ","Physical Review. D. Particles and fields (Cessou em 2003. Cont. 1550-7998 Physical review. D, Particles, Fields, Gravitation, and Cosmology)","A2",2008
"1095-3787","ASTRONOMIA / FÍSICA                               ","Physical Review. E, Statistical Physics, Plasmas, Fluids, and Related Interdisciplinary Topics (Online) (Cessou em 2000. Cont. ISSN 1550-2376 Physical Review. E, Statistical, Nonlinear and Soft Matter Physics (Online))","B1",2008
"1539-3755","ASTRONOMIA / FÍSICA                               ","Physical Review. E, Statistical, Nonlinear, and Soft Matter Physics (Print)","B1",2008
"0031-9090","ASTRONOMIA / FÍSICA                               ","Physics and Chemistry of Glasses (Cessou em 2005. Fundiu-se com ISSN 0946-7475, 0017-1050, 1753-3546 e 1753-3562)","B5",2008
"0342-1791","ASTRONOMIA / FÍSICA                               ","Physics and Chemistry of Minerals","B3",2008
"0031-9120","ASTRONOMIA / FÍSICA                               ","Physics Education (Bristol. Print)","C ",2008
"0031-9155","ASTRONOMIA / FÍSICA                               ","Physics in Medicine and Biology (Print)","B1",2008
"0375-9601","ASTRONOMIA / FÍSICA                               ","Physics Letters. A (Print)","B2",2008
"0370-2693","ASTRONOMIA / FÍSICA                               ","Physics Letters. B (Print)","A2",2008
"1063-7788","ASTRONOMIA / FÍSICA                               ","Physics of Atomic Nuclei (Print)","B4",2008
"1070-6631","ASTRONOMIA / FÍSICA                               ","Physics of Fluids (1994)","B2",2008
"1571-0645","ASTRONOMIA / FÍSICA                               ","Physics of Life Reviews (Print)","B1",2008
"1063-7796","ASTRONOMIA / FÍSICA                               ","Physics of Particles and Nuclei","B5",2008
"1070-664X","ASTRONOMIA / FÍSICA                               ","Physics of Plasmas","B1",2008
"1063-7834","ASTRONOMIA / FÍSICA                               ","Physics of the Solid State","B4",2008
"0370-1573","ASTRONOMIA / FÍSICA                               ","Physics Reports","A1",2008
"0959-8472","ASTRONOMIA / FÍSICA                               ","Physics Review (Deddington)","C ",2008
"0953-8585","ASTRONOMIA / FÍSICA                               ","Physics World","B4",2008
"0032-0633","ASTRONOMIA / FÍSICA                               ","Planetary and Space Science","B1",2008
"0735-9640","ASTRONOMIA / FÍSICA                               ","Plant Molecular Biology Reporter","B4",2008
"1559-2316","ASTRONOMIA / FÍSICA                               ","Plant Signaling & Behavior","C ",2008
"0032-0943","ASTRONOMIA / FÍSICA                               ","Planta Medica","B2",2008
"0741-3335","ASTRONOMIA / FÍSICA                               ","Plasma Physics and Controlled Fusion (Print)","B1",2008
"1063-780X","ASTRONOMIA / FÍSICA                               ","Plasma Physics Reports","B4",2008
"0963-0252","ASTRONOMIA / FÍSICA                               ","Plasma Sources Science & Technology (Print)","B1",2008
"1084-0184","ASTRONOMIA / FÍSICA                               ","Plasmas and Polymers (Cessou em 2004)","B1",2008
"1553-734X","ASTRONOMIA / FÍSICA                               ","PLoS Computational Biology","A2",2008
"1932-6203","ASTRONOMIA / FÍSICA                               ","Plos One","C ",2008
"0277-5387","ASTRONOMIA / FÍSICA                               ","Polyhedron","B2",2008
"0032-3861","ASTRONOMIA / FÍSICA                               ","Polymer (Guildford)","B1",2008
"0170-0839","ASTRONOMIA / FÍSICA                               ","Polymer Bulletin (Berlin. Print)","B3",2008
"0142-9418","ASTRONOMIA / FÍSICA                               ","Polymer Testing","B2",2008
"1042-7147","ASTRONOMIA / FÍSICA                               ","Polymers for Advanced Technologies (Print)","B1",2008
"0032-5155","ASTRONOMIA / FÍSICA                               ","Portugaliae Mathematica","C ",2008
"0885-7156","ASTRONOMIA / FÍSICA                               ","Powder Diffraction","B5",2008
"0032-5910","ASTRONOMIA / FÍSICA                               ","Powder Technology","B2",2008
"0304-4289","ASTRONOMIA / FÍSICA                               ","Pramana (Bangalore)","B5",2008
"1364-5021","ASTRONOMIA / FÍSICA                               ","Proceedings - Royal Society. Mathematical, Physical and Engineering Sciences (Print)","B4",2008
"1018-4732","ASTRONOMIA / FÍSICA                               ","Proceedings - SPIE","C ",2008
"0277-786X","ASTRONOMIA / FÍSICA                               ","Proceedings of SPIE, the International Society for Optical Engineering","C ",2008
"0018-9219","ASTRONOMIA / FÍSICA                               ","Proceedings of the IEEE","A2",2008
"1747-6526","ASTRONOMIA / FÍSICA                               ","Proceedings of the Institution of Civil Engineers. Waste and Resource Management (Print)","C ",2008
"0954-4054","ASTRONOMIA / FÍSICA                               ","Proceedings of the Institution of Mechanical Engineers. Part B, Journal of Engineering Manufacture","B5",2008
"0027-8424","ASTRONOMIA / FÍSICA                               ","Proceedings of the National Academy of Sciences of the United States of America","A1",2008
"0962-8444","ASTRONOMIA / FÍSICA                               ","Proceedings of the Royal Society of London. Mathematical and Physical Sciences (Cessou em 1995. Cont. ISSN 1364-5021 Proceedings - Royal Society. Mathematical, Physical and Engineering Sciences (Print))","B4",2008
"0079-6565","ASTRONOMIA / FÍSICA                               ","Progress in Nuclear Magnetic Resonance Spectroscopy","A1",2008
"0146-6410","ASTRONOMIA / FÍSICA                               ","Progress in Particle and Nuclear Physics","A2",2008
"0033-068X","ASTRONOMIA / FÍSICA                               ","Progress of Theoretical Physics","B2",2008
"0375-9687","ASTRONOMIA / FÍSICA                               ","Progress of Theoretical Physics. Supplement","B5",2008
"0929-8665","ASTRONOMIA / FÍSICA                               ","Protein and Peptide Letters","B3",2008
"1046-5928","ASTRONOMIA / FÍSICA                               ","Protein Expression and Purification (Print)","B2",2008
"0887-3585","ASTRONOMIA / FÍSICA                               ","Proteins (Print)","B1",2008
"0004-6264","ASTRONOMIA / FÍSICA                               ","Publications of the Astronomical Society of Japan","B1",2008
"0004-6280","ASTRONOMIA / FÍSICA                               ","Publications of the Astronomical Society of the Pacific","A2",2008
"1611-020X","ASTRONOMIA / FÍSICA                               ","QSAR & Combinatorial Science (Print)","B1",2008
"1533-7146","ASTRONOMIA / FÍSICA                               ","Quantum Information & Computation","B2",2008
"0033-5606","ASTRONOMIA / FÍSICA                               ","Quarterly Journal of Mathematics","B5",2008
"0100-4042","ASTRONOMIA / FÍSICA                               ","Química Nova (Impresso)","B4",2008
"1042-0150","ASTRONOMIA / FÍSICA                               ","Radiation Effects and Defects in Solids (Print)","B5",2008
"1350-4487","ASTRONOMIA / FÍSICA                               ","Radiation Measurements","B3",2008
"0969-806X","ASTRONOMIA / FÍSICA                               ","Radiation Physics and Chemistry (1993)","B4",2008
"1579-1513","ASTRONOMIA / FÍSICA                               ","REEC. Revista Electrónica de Enseñanza de las Ciencias","C ",2008
"0034-4877","ASTRONOMIA / FÍSICA                               ","Reports on Mathematical Physics","B5",2008
"0034-4885","ASTRONOMIA / FÍSICA                               ","Reports on Progress in Physics (Print)","A1",2008
"0034-6748","ASTRONOMIA / FÍSICA                               ","Review of Scientific Instruments","B3",2008
"0129-055X","ASTRONOMIA / FÍSICA                               ","Reviews in Mathematical Physics","B3",2008
"0034-6861","ASTRONOMIA / FÍSICA                               ","Reviews of Modern Physics","A1",2008
"1606-5131","ASTRONOMIA / FÍSICA                               ","Reviews on Advanced Materials Science (Print)","B4",2008
"1562-3823","ASTRONOMIA / FÍSICA                               ","Revista Boliviana de Física","C ",2008
"0101-7659","ASTRONOMIA / FÍSICA                               ","Revista Brasileira de Aplicações de Vácuo (Impresso)","C ",2008
"0100-0683","ASTRONOMIA / FÍSICA                               ","Revista Brasileira de Ciência do Solo (Impresso)","B5",2008
"1806-1117","ASTRONOMIA / FÍSICA                               ","Revista Brasileira de Ensino de Física (Impresso)","C ",2008
"1806-9126","ASTRONOMIA / FÍSICA                               ","Revista Brasileira de Ensino de Física (Online)","C ",2008
"0102-261X","ASTRONOMIA / FÍSICA                               ","Revista Brasileira de Geofísica (Impresso)","C ",2008
"1519-1540","ASTRONOMIA / FÍSICA                               ","Revista Brasileira de Geomorfologia","C ",2008
"1516-8484","ASTRONOMIA / FÍSICA                               ","Revista Brasileira de Hematologia e Hemoterapia (Impresso)","C ",2008
"0303-7657","ASTRONOMIA / FÍSICA                               ","Revista Brasileira de Saúde Ocupacional","C ",2008
"1980-4466","ASTRONOMIA / FÍSICA                               ","Revista CPC (USP)","C ",2008
"0253-9268","ASTRONOMIA / FÍSICA                               ","Revista Cubana de Física","C ",2008
"0004-5276","ASTRONOMIA / FÍSICA                               ","Revista da Associação Paulista de Cirurgiões Dentistas (Cessou em 1980. Cont. ISSN 0101-8140 Revista Regional de Araçatuba - Associação Paulista de Cirurgiões Dentistas)","C ",2008
"0103-7188","ASTRONOMIA / FÍSICA                               ","Revista da Sociedade Brasileira de História da Ciência (Cessou em 2007. Cont. ISSN 1983-4713 Revista Brasileira de História da Ciência)","C ",2008
"0102-4744","ASTRONOMIA / FÍSICA                               ","Revista de Ensino de Física (Cessou em 1991. Cont.ISSN 1806-1117 Revista Brasileira de Ensino de Física (Impresso)","C ",2008
"1807-2577","ASTRONOMIA / FÍSICA                               ","Revista de Odontologia da UNESP (Online)","C ",2008
"1809-3108","ASTRONOMIA / FÍSICA                               ","Revista Didática Sistêmica","C ",2008
"0036-4665","ASTRONOMIA / FÍSICA                               ","Revista do Instituto de Medicina Tropical de São Paulo (Impresso)","C ",2008
"1679-7094","ASTRONOMIA / FÍSICA                               ","Revista EDUTEC","C ",2008
"1808-8007","ASTRONOMIA / FÍSICA                               ","Revista FAPERN","C ",2008
"1548-0992","ASTRONOMIA / FÍSICA                               ","Revista IEEE América Latina","C ",2008
"0185-1101","ASTRONOMIA / FÍSICA                               ","Revista Mexicana de Astronomía y Astrofísica","B1",2008
"0035-001X","ASTRONOMIA / FÍSICA                               ","Revista Mexicana de Física","B5",2008
"1981-8521","ASTRONOMIA / FÍSICA                               ","Revista Processos Químicos","C ",2008
"0103-9989","ASTRONOMIA / FÍSICA                               ","Revista USP","C ",2008
"1064-8887","ASTRONOMIA / FÍSICA                               ","Russian Physics Journal","C ",2008
"1062-936X","ASTRONOMIA / FÍSICA                               ","SAR and QSAR in Environmental Research (Print)","C ",2008
"0300-9475","ASTRONOMIA / FÍSICA                               ","Scandinavian Journal of Immunology (Print)","B1",2008
"0161-0457","ASTRONOMIA / FÍSICA                               ","Scanning","B5",2008
"0036-8075","ASTRONOMIA / FÍSICA                               ","Science (New York, N.Y.)","A1",2008
"1095-9203","ASTRONOMIA / FÍSICA                               ","Science (New York, N.Y.: Online)","A1",2008
"1777-0173","ASTRONOMIA / FÍSICA                               ","Science Magazine (Paris)","C ",2008
"1808-2793","ASTRONOMIA / FÍSICA                               ","Scientia Plena","C ",2008
"0036-8733","ASTRONOMIA / FÍSICA                               ","Scientific American","B2",2008
"1676-9791","ASTRONOMIA / FÍSICA                               ","Scientific American Brasil","C ",2008
"1874-8554","ASTRONOMIA / FÍSICA                               ","Scientific Modeling and Simulations","C ",2008
"0138-9130","ASTRONOMIA / FÍSICA                               ","Scientometrics (Print)","B1",2008
"1359-6462","ASTRONOMIA / FÍSICA                               ","Scripta Materialia (Oxford)","B1",2008
"0268-1242","ASTRONOMIA / FÍSICA                               ","Semiconductor Science and Technology (Print)","B2",2008
"0080-8784","ASTRONOMIA / FÍSICA                               ","Semiconductors and Semimetals","C ",2008
"1424-8220","ASTRONOMIA / FÍSICA                               ","Sensors (Basel)","B2",2008
"0924-4247","ASTRONOMIA / FÍSICA                               ","Sensors and Actuators. A, Physical","B2",2008
"0925-4005","ASTRONOMIA / FÍSICA                               ","Sensors and Actuators. B, Chemical","B1",2008
"0167-1987","ASTRONOMIA / FÍSICA                               ","Soil & Tillage Research","B2",2008
"1980-9743","ASTRONOMIA / FÍSICA                               ","Soils & Rocks","C ",2008
"0038-0938","ASTRONOMIA / FÍSICA                               ","Solar Physics","B1",2008
"0038-1098","ASTRONOMIA / FÍSICA                               ","Solid State Communications","B2",2008
"0167-2738","ASTRONOMIA / FÍSICA                               ","Solid State Ionics (Print)","B2",2008
"0926-2040","ASTRONOMIA / FÍSICA                               ","Solid State Nuclear Magnetic Resonance","B2",2008
"1293-2558","ASTRONOMIA / FÍSICA                               ","Solid State Sciences","B2",2008
"0038-1101","ASTRONOMIA / FÍSICA                               ","Solid-State Electronics","B3",2008
"0038-6308","ASTRONOMIA / FÍSICA                               ","Space Science Reviews","B1",2008
"1542-7390","ASTRONOMIA / FÍSICA                               ","Space Weather (Online)","B3",2008
"0371-1951","ASTRONOMIA / FÍSICA                               ","Spectrochimica Acta (Cessou em 1966. Foi desdobrado em dois: ISSN 0584-8539 Spectrochimica Acta. Part A, Molecular Spectroscopy e ISSN 0584-8547 Spectrochimica Acta. Part B, Atomic Spectroscopy)","C ",2008
"1386-1425","ASTRONOMIA / FÍSICA                               ","Spectrochimica Acta. Part A, Molecular and Biomolecular Spectroscopy (Print)","B2",2008
"0038-7010","ASTRONOMIA / FÍSICA                               ","Spectroscopy Letters (Print)","B4",2008
"1040-0400","ASTRONOMIA / FÍSICA                               ","Structural Chemistry","B3",2008
"0953-2048","ASTRONOMIA / FÍSICA                               ","Superconductor Science and Technology (Print)","B1",2008
"0749-6036","ASTRONOMIA / FÍSICA                               ","Superlattices and Microstructures","B3",2008
"0257-8972","ASTRONOMIA / FÍSICA                               ","Surface & Coatings Technology","B2",2008
"1476-4865","ASTRONOMIA / FÍSICA                               ","Surface Coatings International. Part B, Coatings Transactions (Cessou em 2006. Fundiu-se com ISSN 1476-4857 Surface Coatings International. Part A, Coatings Journal e ISSN 1754-0925 Surface Coatings International (2007))","B5",2008
"0267-0844","ASTRONOMIA / FÍSICA                               ","Surface Engineering","B5",2008
"0218-625X","ASTRONOMIA / FÍSICA                               ","Surface Review and Letters","B5",2008
"0039-6028","ASTRONOMIA / FÍSICA                               ","Surface Science","B2",2008
"0167-5729","ASTRONOMIA / FÍSICA                               ","Surface Science Reports","A1",2008
"1279-8517","ASTRONOMIA / FÍSICA                               ","Surgical and Radiologic Anatomy (Online)","B4",2008
"0379-6779","ASTRONOMIA / FÍSICA                               ","Synthetic Metals","B2",2008
"0039-9140","ASTRONOMIA / FÍSICA                               ","Talanta (Oxford)","B1",2008
"0040-4020","ASTRONOMIA / FÍSICA                               ","Tetrahedron (Oxford. Print)","B1",2008
"0003-004X","ASTRONOMIA / FÍSICA                               ","The American Mineralogist","B2",2008
"0004-6256","ASTRONOMIA / FÍSICA                               ","The Astronomical Journal (New York, N.Y.)","A2",2008
"0935-4956","ASTRONOMIA / FÍSICA                               ","The Astronomy and Astrophysics Review","A1",2008
"0004-637X","ASTRONOMIA / FÍSICA                               ","The Astrophysical Journal","A1",2008
"0067-0049","ASTRONOMIA / FÍSICA                               ","The Astrophysical Journal. Supplement Series","A1",2008
"1286-0050","ASTRONOMIA / FÍSICA                               ","The European physical journal. Applied physics (Online)","B4",2008
"1155-4304","ASTRONOMIA / FÍSICA                               ","The European Physical Journal. B, Condensed Matter Physics (Cessou em 1997. Funfiu-se com ISSN 0722-3277 Zeitschrift für Physik. B, Condensed Matter e ISSN 1434-6028 The European Physical Journal. B, Condensed Matter Physics (Print))","B2",2008
"1434-6028","ASTRONOMIA / FÍSICA                               ","The European Physical Journal. B, Condensed Matter Physics (Print)","B2",2008
"1434-6060","ASTRONOMIA / FÍSICA                               ","The European Physical Journal. D, Atomic, Molecular and Optical Physics (Print)","B2",2008
"1292-8941","ASTRONOMIA / FÍSICA                               ","The European Physical Journal. E, Soft Matter (Print)","B1",2008
"1951-6355","ASTRONOMIA / FÍSICA                               ","The European Physical Journal. Special Topics","C ",2008
"1951-6401","ASTRONOMIA / FÍSICA                               ","The European Physical Journal. Special Topics (Online)","C ",2008
"1742-464X","ASTRONOMIA / FÍSICA                               ","The FEBS Journal (Print)","B1",2008
"1980-0509","ASTRONOMIA / FÍSICA                               ","The International Journal of Atherosclerosis (Online)","C ",2008
"1528-834X","ASTRONOMIA / FÍSICA                               ","The Internet Journal of Cadiology","C ",2008
"0021-9606","ASTRONOMIA / FÍSICA                               ","The Journal of Chemical Physics","B1",2008
"1126-6708","ASTRONOMIA / FÍSICA                               ","The Journal of High Energy Physics","A2",2008
"1029-8479","ASTRONOMIA / FÍSICA                               ","The Journal of High Energy Physics (Online)","A2",2008
"1089-5639","ASTRONOMIA / FÍSICA                               ","The Journal of Physical Chemistry. A","B1",2008
"0001-4966","ASTRONOMIA / FÍSICA                               ","The Journal of the Acoustical Society of America","B2",2008
"0021-9142","ASTRONOMIA / FÍSICA                               ","The Journal of the Astronautical Sciences","B5",2008
"1874-2823","ASTRONOMIA / FÍSICA                               ","The Open Atmospheric Science Journal","C ",2008
"0031-921X","ASTRONOMIA / FÍSICA                               ","The Physics Teacher","C ",2008
"0177-798X","ASTRONOMIA / FÍSICA                               ","Theoretical and Applied Climatology","B2",2008
"0040-5779","ASTRONOMIA / FÍSICA                               ","Theoretical and Mathematical Physics","B4",2008
"1432-881X","ASTRONOMIA / FÍSICA                               ","Theoretical Chemistry Accounts (Print)","B1",2008
"1431-7613","ASTRONOMIA / FÍSICA                               ","Theory in Biosciences","B3",2008
"0040-6090","ASTRONOMIA / FÍSICA                               ","Thin Solid Films","B2",2008
"0303-4216","ASTRONOMIA / FÍSICA                               ","Topics in Applied Physics","B2",2008
"0041-0101","ASTRONOMIA / FÍSICA                               ","Toxicon (Oxford)","B1",2008
"0003-018X","ASTRONOMIA / FÍSICA                               ","Transactions of the American Nuclear Society","C ",2008
"0041-1345","ASTRONOMIA / FÍSICA                               ","Transplantation Proceedings","B3",2008
"0304-3991","ASTRONOMIA / FÍSICA                               ","Ultramicroscopy (Amsterdam)","B1",2008
"0042-207X","ASTRONOMIA / FÍSICA                               ","Vacuum (Oxford)","B4",2008
"1539-1663","ASTRONOMIA / FÍSICA                               ","Vadose Zone Journal","B3",2008
"0924-2031","ASTRONOMIA / FÍSICA                               ","Vibrational Spectroscopy (Print)","B2",2008
"0378-4738","ASTRONOMIA / FÍSICA                               ","Water S.A. (Cessou em 2005. Cont. ISSN 1816-7950 Water SA (Online))","B4",2008
"0049-6979","ASTRONOMIA / FÍSICA                               ","Water, Air and Soil Pollution (Print)","B3",2008
"0959-3993","ASTRONOMIA / FÍSICA                               ","World Journal of Microbiology & Biotechnology","B4",2008
"0049-8246","ASTRONOMIA / FÍSICA                               ","X-Ray Spectrometry","B3",2008
"0044-2968","ASTRONOMIA / FÍSICA                               ","Zeitschrift für Kristallographie","B3",2008
"0932-0776","ASTRONOMIA / FÍSICA                               ","Zeitschrift für Naturforschung. B, A Journal of Chemical Sciences","B4",2008
"0939-5075","ASTRONOMIA / FÍSICA                               ","Zeitschrift für Naturforschung. C, A Journal of Biosciences","B4",2008
"0577-9073","ASTRONOMIA / FÍSICA                               ","Zhongguó wùli xuékan / Chinese Journal of Physics","B5",2008
