"1678-6416","GEOGRAFIA                                         ","7 Faces (Itabira)","B5",2008
"1413-6090","GEOGRAFIA                                         ","A Economia em Revista","B3",2008
"1519-0552","GEOGRAFIA                                         ","Ação Ambiental (UFV)","B4",2008
"0044-5967","GEOGRAFIA                                         ","Acta Amazonica (Impresso)","B1",2008
"0102-3306","GEOGRAFIA                                         ","Acta Botanica Brasílica (Impresso)","B2",2008
"0583-6050","GEOGRAFIA                                         ","Acta Carsologica","B3",2008
"1980-5772","GEOGRAFIA                                         ","Acta Geográfica (UFRR)","B5",2008
"0567-7572","GEOGRAFIA                                         ","Acta Horticulturae","B4",2008
"0102-6712","GEOGRAFIA                                         ","Acta Limnológica Brasiliensia","B3",2008
"1415-6814","GEOGRAFIA                                         ","Acta Scientiarum (UEM) (Cessou em 2002)","B2",2008
"1679-9275","GEOGRAFIA                                         ","Acta Scientiarum. Agronomy (Impresso)","B2",2008
"1679-9283","GEOGRAFIA                                         ","Acta Scientiarum. Biological Sciences (Impresso)","B1",2008
"1679-7361","GEOGRAFIA                                         ","Acta Scientiarum. Human and Social Sciences (Impresso) (Cessou em 2007. Cont. ISSN 1983-4675 Acta Scientiarum. Language and Culture (Impresso))","B2",2008
"1806-2563","GEOGRAFIA                                         ","Acta Scientiarum. Technology (Impresso)","B1",2008
"1807-8664","GEOGRAFIA                                         ","Acta Scientiarum. Technology (Online)","B1",2008
"0001-706X","GEOGRAFIA                                         ","Acta Tropica","B3",2008
"0104-6233","GEOGRAFIA                                         ","Aero Magazine (Sao Paulo)","C ",2008
"1414-0454","GEOGRAFIA                                         ","Ágora (UNISC)","B5",2008
"1982-6737","GEOGRAFIA                                         ","Ágora (UNISC. Online)","B5",2008
"1808-1150","GEOGRAFIA                                         ","Agrária (São Paulo. Online)","B2",2008
"1516-134X","GEOGRAFIA                                         ","Agricultura Biodinâmica","B4",2008
"0169-5150","GEOGRAFIA                                         ","Agricultural Economics","B1",2008
"0167-8809","GEOGRAFIA                                         ","Agriculture, Ecosystems & Environment (Print)","A2",2008
"1982-8470","GEOGRAFIA                                         ","Agro@mbiente On-line","C ",2008
"0103-3816","GEOGRAFIA                                         ","Agrotrópica (Itabuna)","B5",2008
"1679-3749","GEOGRAFIA                                         ","Aletria (UFMG)","C ",2008
"1808-0251","GEOGRAFIA                                         ","Ambiência (UNICENTRO)","B4",2008
"1414-753X","GEOGRAFIA                                         ","Ambiente e Sociedade (Campinas)","B3",2008
"1980-4563","GEOGRAFIA                                         ","Anais (Simpósio Nacional de Geografia Agrária ... Simpósio Internacional de Geografia Agrária. CD-Rom)","B5",2008
"1808-9755","GEOGRAFIA                                         ","Anais - Encontro Nacional de Turismo com Base Local","B4",2008
"0001-3765","GEOGRAFIA                                         ","Anais da Academia Brasileira de Ciências (Impresso)","B1",2008
"0103-0884","GEOGRAFIA                                         ","Anais da Associação dos Geógrafos Brasileiros","B5",2008
"0211-9803","GEOGRAFIA                                         ","Anales de Geografía de la Universidad Complutense","B1",2008
"0102-0374","GEOGRAFIA                                         ","Análise Conjuntural - IPARDES","B2",2008
"0003-2573","GEOGRAFIA                                         ","Análise Social","B3",2008
"0260-3055","GEOGRAFIA                                         ","Annals of Glaciology","A2",2008
"0101-9759","GEOGRAFIA                                         ","Anuário do Instituto de Geociências (UFRJ. Impresso)","B4",2008
,"GEOGRAFIA                                         ","APOGEO-Revista da Associação de Professores de Geografia","C ",2008
"0329-2045","GEOGRAFIA                                         ","Aportes y Transferencias / Tiempo Libre: Turismo y Recreación","B4",2008
"0883-2927","GEOGRAFIA                                         ","Applied Geochemistry","A2",2008
"0143-6228","GEOGRAFIA                                         ","Applied Geography (Sevenoaks)","A1",2008
"1806-7700","GEOGRAFIA                                         ","Ar (Unileste)","B5",2008
"1578-0007","GEOGRAFIA                                         ","Ar@cne (Barcelona)","B1",2008
"0004-0592","GEOGRAFIA                                         ","Archivos de Zootecnia","B3",2008
"1679-6497","GEOGRAFIA                                         ","Argumentos (Chapecó)","B5",2008
"1806-020X","GEOGRAFIA                                         ","Arigó (Rio Branco)","B5",2008
"1809-6298","GEOGRAFIA                                         ","Arquitextos (São Paulo)","B4",2008
"1517-7432","GEOGRAFIA                                         ","Assentamentos Humanos (Marília)","C ",2008
"1982-1956","GEOGRAFIA                                         ","Ateliê Geográfico (UFG)","B3",2008
"1646-5709","GEOGRAFIA                                         ","Aurora (Guimarães)","B5",2008
"1645-9369","GEOGRAFIA                                         ","Aurora Geography Journal","B5",2008
"1414-4077","GEOGRAFIA                                         ","Avaliação (UNICAMP)","B4",2008
"0103-8117","GEOGRAFIA                                         ","Bahia Analise & Dados","B5",2008
"1808-2688","GEOGRAFIA                                         ","Balduinia (UFSM)","C ",2008
"1377-2368","GEOGRAFIA                                         ","BELGEO (Leuven)","B4",2008
"0005-9099","GEOGRAFIA                                         ","Berichte zur Deutschen Landeskunde","B1",2008
"1516-8085","GEOGRAFIA                                         ","BIB. Revista Brasileira de Informação Bibliográfica em Ciências Sociais","B2",2008
"1138-9796","GEOGRAFIA                                         ","Biblio 3w (Barcelona)","A2",2008
"0102-4388","GEOGRAFIA                                         ","Biblos (Rio Grande)","B5",2008
"1516-3725","GEOGRAFIA                                         ","Bioscience Journal (UFU. Impresso)","B5",2008
"0103-1643","GEOGRAFIA                                         ","Biotemas (UFSC)","B5",2008
"0957-5235","GEOGRAFIA                                         ","Blood Coagulation & Fibrinolysis","C ",2008
"0006-5218","GEOGRAFIA                                         ","Blumenau em Cadernos","B5",2008
"1646-3137","GEOGRAFIA                                         ","BOCC. Biblioteca On-line de Ciências da Comunicação","C ",2008
"0102-8243","GEOGRAFIA                                         ","Boletim ABRASCO","B5",2008
"1413-4853","GEOGRAFIA                                         ","Boletim de Ciências Geodésicas (Impresso)","B2",2008
"0102-5198","GEOGRAFIA                                         ","Boletim de Geografia (UEM)","B2",2008
"0102-0013","GEOGRAFIA                                         ","Boletim de Pesquisa (Centro de Pesquisa Agropecuária dos Cerrados) (Cessou em 1985. Cont. ISSN 1518-0417 Boletim de Pesquisa (Embrapa Cerrados)","B3",2008
"1678-0892","GEOGRAFIA                                         ","Boletim de Pesquisa e Desenvolvimento (Embrapa Solos. Online)","B2",2008
"0046-9939","GEOGRAFIA                                         ","Boletim do Instituto de Pesca (Impresso) (Cessou em 1982)","B4",2008
"1677-437X","GEOGRAFIA                                         ","Boletim do IRIB em Revista","B4",2008
"1981-8122","GEOGRAFIA                                         ","Boletim do Museu Paraense Emílio Goeldi. Ciências Humanas","B5",2008
"0101-7888","GEOGRAFIA                                         ","Boletim Gaúcho de Geografia","B2",2008
"0101-708X","GEOGRAFIA                                         ","Boletim Goiano de Geografia (Impresso)","B2",2008
"1808-0812","GEOGRAFIA                                         ","Boletim Informativo (Sociedade Brasileira de Zoologia)","B5",2008
"0067-964X","GEOGRAFIA                                         ","Boletim Paranaense de Geociências","B3",2008
"0006-6079","GEOGRAFIA                                         ","Boletim Paulista de Geografia","B1",2008
"1980-0649","GEOGRAFIA                                         ","Boletim Regional","B5",2008
"0104-6411","GEOGRAFIA                                         ","Boletim Técnico Científico do CEPENE","B5",2008
"1413-2192","GEOGRAFIA                                         ","Boletim Técnico da Escola Politécnica da USP. BT/PHD","B2",2008
"1981-3384","GEOGRAFIA                                         ","Boletim Tempo Presente (UFRJ)","B5",2008
"0716-0763","GEOGRAFIA                                         ","Boletín Antártico Chileno","B3",2008
"0006-8152","GEOGRAFIA                                         ","Botanische Jahrbücher für Systematik, Pflanzengeschichte und Pflanzengeographie","B2",2008
"0103-9288","GEOGRAFIA                                         ","Brasil em Números (1992. Impresso) (Cessou em 1996)","C ",2008
"1808-1983","GEOGRAFIA                                         ","Brasil em Números (Edição em Inglês. Impresso)","C ",2008
"0175-1859","GEOGRAFIA                                         ","Brasilien-Dialog","B4",2008
"1808-7035","GEOGRAFIA                                         ","Brazilian Journal of Aquatic Science and Technology (Impresso)","B3",2008
"1679-8759","GEOGRAFIA                                         ","Brazilian Journal of Oceanography (Impresso)","A2",2008
"1413-9596","GEOGRAFIA                                         ","Brazilian Journal of Veterinary Research and Animal Science (Impresso)","B3",2008
"0770-7576","GEOGRAFIA                                         ","Bulletin - Société Géographique de Liège","B2",2008
"0004-5322","GEOGRAFIA                                         ","Bulletin de l'Association de Géographes Français","B1",2008
"0003-0007","GEOGRAFIA                                         ","Bulletin of the American Meteorological Society","B4",2008
"0103-4979","GEOGRAFIA                                         ","Caderno CRH (UFBA. Impresso)","B3",2008
"0103-2666","GEOGRAFIA                                         ","Caderno de Cultura do Estudante (UFS)","C ",2008
"0103-8427","GEOGRAFIA                                         ","Caderno de Geografia (PUCMG. Impresso)","B4",2008
"1679-9968","GEOGRAFIA                                         ","Caderno do Departamento de Planejamento (Presidente Prudente)","C ",2008
"1980-1920","GEOGRAFIA                                         ","Caderno Faclepp","C ",2008
"1807-7633","GEOGRAFIA                                         ","Caderno Fênix Ciência (UNEMAT)","C ",2008
"1413-4551","GEOGRAFIA                                         ","Caderno Prudentino de Geografia","B2",2008
"1519-583X","GEOGRAFIA                                         ","Caderno Sustentar","B5",2008
"1677-6976","GEOGRAFIA                                         ","Caderno Virtual de Turismo (UFRJ)","B5",2008
"1983-1137","GEOGRAFIA                                         ","Cadernos Atlântico de Pós-Graduação (Faculdade Atlântico)","C ",2008
"1518-0395","GEOGRAFIA                                         ","Cadernos Camilliani","C ",2008
"0101-3262","GEOGRAFIA                                         ","Cadernos CEDES (Impresso)","B2",2008
"1413-4519","GEOGRAFIA                                         ","Cadernos Ceru (USP)","B3",2008
"1415-9112","GEOGRAFIA                                         ","Cadernos da Biodiversidade (Maringá)","C ",2008
"0870-595X","GEOGRAFIA                                         ","Cadernos da Revista de História Económica e Social","B3",2008
"1413-2095","GEOGRAFIA                                         ","Cadernos de Arquitetura e Urbanismo (PUCMG)","B4",2008
"1808-3102","GEOGRAFIA                                         ","Cadernos de Ciências Sociais Aplicadas (UESB)","B3",2008
"1980-5861","GEOGRAFIA                                         ","Cadernos de Cultura e Ciência (URCA)","B4",2008
"0104-1371","GEOGRAFIA                                         ","Cadernos de Educação (UFPel)","B5",2008
"1808-0758","GEOGRAFIA                                         ","Cadernos de Estudos - Secretaria de Avaliação e Gestão da Informação","B4",2008
"0102-4248","GEOGRAFIA                                         ","Cadernos de Estudos Sociais","B3",2008
"0104-2327","GEOGRAFIA                                         ","Cadernos de Geociencias (UFBA)","B4",2008
"1809-7634","GEOGRAFIA                                         ","Cadernos de História da Ciência","B4",2008
"0102-311X","GEOGRAFIA                                         ","Cadernos de Saúde Pública (ENSP. Impresso)","B1",2008
"0103-6041","GEOGRAFIA                                         ","Cadernos do Aplicação (UFRGS)","B5",2008
"0103-510X","GEOGRAFIA                                         ","Cadernos do CEAM (UnB)","B5",2008
"1677-1125","GEOGRAFIA                                         ","Cadernos do LOGEPA. Série Texto Didático (UFPB. Impresso)","B5",2008
"1519-4639","GEOGRAFIA                                         ","Cadernos Geográficos (UFSC)","B2",2008
"1517-2422","GEOGRAFIA                                         ","Cadernos Metrópole (PUCSP)","B1",2008
"1676-6288","GEOGRAFIA                                         ","Cadernos PROLAM/USP","B2",2008
"0103-1988","GEOGRAFIA                                         ","Cadernos PUR/UFRJ (Cessou em 1989)","C ",2008
"0104-0480","GEOGRAFIA                                         ","Caesura (ULBRA)","B5",2008
"1166-2115","GEOGRAFIA                                         ","Cahier. Club Demeter (Cessou em 199u)","B4",2008
"1777-5949","GEOGRAFIA                                         ","Cahiers Agricultures","B3",2008
"1141-7161","GEOGRAFIA                                         ","Cahiers des Amériques Latines (Paris)","B2",2008
"0989-5191","GEOGRAFIA                                         ","Cahiers du Brésil Contemporain","B2",2008
"1678-6343","GEOGRAFIA                                         ","Caminhos de Geografia (UFU)","B3",2008
"1809-6271","GEOGRAFIA                                         ","Campo - Território","B2",2008
"1205-5352","GEOGRAFIA                                         ","Canadian Journal of Environmental Education","B3",2008
"0703-8992","GEOGRAFIA                                         ","Canadian Journal of Remote Sensing (Cessou em 2004. Cont. ISSN 1712-798X Canadian Journal of Remote Sensing (CD-ROM))","B1",2008
"1712-7971","GEOGRAFIA                                         ","Canadian Journal of Remote Sensing/Journal canadien de télédétection","B1",2008
"1517-1175","GEOGRAFIA                                         ","Candeeiro (UFS)","C ",2008
"1807-376X","GEOGRAFIA                                         ","Canindé (MAX/UFS. Impresso)","B5",2008
"1808-6012","GEOGRAFIA                                         ","Carta Capital na Escola","C ",2008
"1413-0904","GEOGRAFIA                                         ","Carta Internacional (USP)","B5",2008
"0341-8162","GEOGRAFIA                                         ","Catena (Cremlingen)","A2",2008
"0104-7760","GEOGRAFIA                                         ","CERNE (UFLA)","B4",2008
"1807-4049","GEOGRAFIA                                         ","CETEC. Revista de Ciência, Empreendedorismo e Tecnologia","B5",2008
"0098-6445","GEOGRAFIA                                         ","Chemical Engineering Communications (Print)","B5",2008
"1001-6538","GEOGRAFIA                                         ","Chinese Science Bulletin","B1",2008
"1679-3625","GEOGRAFIA                                         ","Cidades (Presidente Prudente)","A2",2008
"1676-4188","GEOGRAFIA                                         ","Ciência & Ambiente","B4",2008
"0009-6725","GEOGRAFIA                                         ","Ciência e Cultura","B3",2008
"0100-8307","GEOGRAFIA                                         ","Ciência e Natura","B4",2008
"1413-8123","GEOGRAFIA                                         ","Ciência e Saúde Coletiva (Impresso)","B3",2008
"0101-9228","GEOGRAFIA                                         ","Ciência e Sociedade","B4",2008
"0103-9954","GEOGRAFIA                                         ","Ciência Florestal (UFSM. Impresso)","B3",2008
"1413-7461","GEOGRAFIA                                         ","Ciência Geográfica","B4",2008
"0101-8515","GEOGRAFIA                                         ","Ciência Hoje","B4",2008
"0103-8478","GEOGRAFIA                                         ","Ciência Rural (UFSM. Impresso)","B4",2008
"0102-4868","GEOGRAFIA                                         ","Ciências & Letras (FAPA. Impresso)","B5",2008
"1807-3743","GEOGRAFIA                                         ","Ciências Ambientais & Desenvolvimento (Impresso)","B4",2008
"1807-5576","GEOGRAFIA                                         ","Ciências Ambientais & Desenvolvimento (Online)","B4",2008
"1678-8192","GEOGRAFIA                                         ","Ciências Humanas em Revista (UFMA)","B5",2008
"1677-9665","GEOGRAFIA                                         ","Ciências Sociais em Perspectiva (Impresso)","B5",2008
"0103-8532","GEOGRAFIA                                         ","Ciencias Sociais Hoje","B5",2008
"1519-7050","GEOGRAFIA                                         ","Ciências Sociais Unisinos","B5",2008
"1807-7544","GEOGRAFIA                                         ","City & Time (Online)","B2",2008
"0187-8611","GEOGRAFIA                                         ","Ciudades (Puebla)","C ",2008
"1980-654X","GEOGRAFIA                                         ","CLIMEP. Climatologia e Estudos da Paisagem","B4",2008
"0102-4736","GEOGRAFIA                                         ","Clio (Recife)","B4",2008
"0102-6003","GEOGRAFIA                                         ","Clio. Série Arqueológica (UFPE)","B4",2008
"1679-0863","GEOGRAFIA                                         ","Coleção de Idéias (Universidade do Estado da Bahia)","B4",2008
"1413-7313","GEOGRAFIA                                         ","Colloquium (UNOESTE) (Cessou em 1999. Cont. ISSN 1679-6470 Colloquium Humanarum (Impresso))","B4",2008
"1676-8752","GEOGRAFIA                                         ","Com Textos Turísticos","B4",2008
"1519-7654","GEOGRAFIA                                         ","ComCiência (UNICAMP)","B5",2008
"0010-3624","GEOGRAFIA                                         ","Communications in Soil Science and Plant Analysis","B2",2008
"1631-0713","GEOGRAFIA                                         ","Comptes Rendus. Géoscience","B1",2008
"1958-9212","GEOGRAFIA                                         ","Confins (Paris)","B2",2008
"1676-661X","GEOGRAFIA                                         ","Conflitos no Campo Brasil","B2",2008
"1678-7145","GEOGRAFIA                                         ","Confluências (Niterói)","B5",2008
"0010-809X","GEOGRAFIA                                         ","Controspazio (Bari)","B4",2008
"1808-3730","GEOGRAFIA                                         ","Coordenadas (Itajaí. Impresso)","B4",2008
"0722-4028","GEOGRAFIA                                         ","Coral Reefs (Print)","A2",2008
"1679-0650","GEOGRAFIA                                         ","Cosmos (Presidente Prudente)","C ",2008
"1808-8511","GEOGRAFIA                                         ","CPEDEC. Cadernos de Pesquisa e Extensão Desafios Críticos (Impresso)","C ",2008
"1676-0581","GEOGRAFIA                                         ","Criminologia","C ",2008
"1980-9654","GEOGRAFIA                                         ","Crispim (UFPE)","B4",2008
"0308-275X","GEOGRAFIA                                         ","Critique of Anthropology","B1",2008
"0121-215X","GEOGRAFIA                                         ","Cuadernos de Geografìa","B5",2008
"1012-2508","GEOGRAFIA                                         ","Cuadernos del CENDES","B2",2008
"1516-358X","GEOGRAFIA                                         ","Cultivar Grandes Culturas","B5",2008
"1982-5838","GEOGRAFIA                                         ","Cultur: Revista de Cultura e Turismo","B5",2008
"1516-893X","GEOGRAFIA                                         ","Cultura Visual (Impresso)","C ",2008
"0104-222X","GEOGRAFIA                                         ","Cultura Vozes","C ",2008
"1517-0861","GEOGRAFIA                                         ","Curituba (UFS)","B4",2008
"1278-3366","GEOGRAFIA                                         ","Cybergeo (Paris)","B3",2008
"1415-1499","GEOGRAFIA                                         ","Democracia Viva","B5",2008
"1806-9363","GEOGRAFIA                                         ","Desafios do Desenvolvimento","C ",2008
"1518-952X","GEOGRAFIA                                         ","Desenvolvimento e Meio Ambiente (UFPR)","B3",2008
"1981-0970","GEOGRAFIA                                         ","Dialogando no Turismo (UNESP. Rosana)","B5",2008
"1415-9945","GEOGRAFIA                                         ","Diálogos (Maringá)","B4",2008
"1808-4656","GEOGRAFIA                                         ","Dialogus (Ribeirão Preto)","B5",2008
"0013-9998","GEOGRAFIA                                         ","Die Erde (Berlin)","B1",2008
"1870-6924","GEOGRAFIA                                         ","Diké","C ",2008
"1806-8596","GEOGRAFIA                                         ","Discutindo a Geografia (Cessou em 2008. Cont. ISSN 1984-0101 Conhecimento Prático Geografia)","C ",2008
"1517-5111","GEOGRAFIA                                         ","Documentos. Embrapa Cerrados","B5",2008
"0012-5032","GEOGRAFIA                                         ","Dokumentacja Geograficzna","B3",2008
"0012-821X","GEOGRAFIA                                         ","Earth and Planetary Science Letters","A1",2008
"1087-3562","GEOGRAFIA                                         ","Earth Interactions","B1",2008
"0197-9337","GEOGRAFIA                                         ","Earth Surface Processes and Landforms (Print)","A1",2008
"1963-1197","GEOGRAFIA                                         ","EchoGéo (Paris)","B3",2008
"1470-160X","GEOGRAFIA                                         ","Ecological Indicators","B1",2008
"0104-0618","GEOGRAFIA                                         ","Economia e Sociedade (UNICAMP. Impresso)","B3",2008
"1405-8421","GEOGRAFIA                                         ","Economía, Sociedad y Territorio","B2",2008
"1697-2473","GEOGRAFIA                                         ","Ecosistemas (Madrid. Internet)","C ",2008
"1012-1692","GEOGRAFIA                                         ","Ecotrópicos (Caracas)","B3",2008
"0101-9031","GEOGRAFIA                                         ","Educação (UFSM)","B5",2008
"1678-0701","GEOGRAFIA                                         ","Educação Ambiental em Ação","C ",2008
"1982-6273","GEOGRAFIA                                         ","Educação e Fronteiras (UFGD)","C ",2008
"0104-3293","GEOGRAFIA                                         ","Educação em Foco (Juiz de Fora)","B5",2008
"1980-5594","GEOGRAFIA                                         ","Educação Profissional (Brasília. Impresso)","C ",2008
"1808-6454","GEOGRAFIA                                         ","Educare (Montes Claros)","C ",2008
"1519-0099","GEOGRAFIA                                         ","Educere (Umuarama. Impresso)","C ",2008
"1677-2415","GEOGRAFIA                                         ","Eisforia (UFSC)","B5",2008
"1870-9036","GEOGRAFIA                                         ","El Periplo Sustentable","B5",2008
"1518-6369","GEOGRAFIA                                         ","Em Extensão (UFU. Impresso)","C ",2008
"1519-7611","GEOGRAFIA                                         ","Emancipação (UEPG. Impresso)","B5",2008
"1807-3867","GEOGRAFIA                                         ","Encontros (Rio de Janeiro)","C ",2008
"0301-4215","GEOGRAFIA                                         ","Energy Policy","B1",2008
"1678-2410","GEOGRAFIA                                         ","Enfermagem Brasil","B2",2008
"0013-7707","GEOGRAFIA                                         ","Engenharia (São Paulo)","C ",2008
"1516-9014","GEOGRAFIA                                         ","Engenharia e Construção","C ",2008
"1413-4152","GEOGRAFIA                                         ","Engenharia Sanitária e Ambiental","B4",2008
"1415-6938","GEOGRAFIA                                         ","Ensaios e Ciência (Campo Grande. Impresso)","B5",2008
"0101-1723","GEOGRAFIA                                         ","Ensaios FEE (Impresso)","B5",2008
"1579-2617","GEOGRAFIA                                         ","Enseñanza de las Ciencias Sociales","A2",2008
"1676-1030","GEOGRAFIA                                         ","Ensino e Pesquisa (União da Vitória)","C ",2008
"0956-2478","GEOGRAFIA                                         ","Environment and Urbanization","B1",2008
"1387-585X","GEOGRAFIA                                         ","Environment, Development and Sustainability","B2",2008
"0943-0105","GEOGRAFIA                                         ","Environmental Geology (Berlin)","B3",2008
"0091-6765","GEOGRAFIA                                         ","Environmental Health Perspectives","B2",2008
"0167-6369","GEOGRAFIA                                         ","Environmental Monitoring and Assessment (Print)","B2",2008
"0251-1088","GEOGRAFIA                                         ","Environmentalist (Lausanne)","B3",2008
"0046-2497","GEOGRAFIA                                         ","Espace Géographique","A2",2008
"0101-5621","GEOGRAFIA                                         ","Espaço & Debates","B2",2008
"1413-3342","GEOGRAFIA                                         ","Espaço e Cultura (UERJ)","B2",2008
"1516-9375","GEOGRAFIA                                         ","Espaço e Geografia (UnB)","B4",2008
"1519-7816","GEOGRAFIA                                         ","Espaço em Revista","B5",2008
"1518-4196","GEOGRAFIA                                         ","Espaço Plural (Unioeste)","B4",2008
"1982-2049","GEOGRAFIA                                         ","Espaço@ação (UNESP. Rio Claro)","B4",2008
"0102-4701","GEOGRAFIA                                         ","Espeleo-Tema (São Paulo)","C ",2008
"1809-1296","GEOGRAFIA                                         ","Esporte e Sociedade","C ",2008
"1516-6406","GEOGRAFIA                                         ","Essentia (Sobral/CE)","B5",2008
"1678-1317","GEOGRAFIA                                         ","Estaç@o (Londrina)","C ",2008
"1809-046X","GEOGRAFIA                                         ","Estação Científica (FESJF. Online)","C ",2008
"0272-7714","GEOGRAFIA                                         ","Estuarine, Coastal and Shelf Science (Print)","B1",2008
"1515-6206","GEOGRAFIA                                         ","Estudios Socioterritoriales","B1",2008
"0327-5841","GEOGRAFIA                                         ","Estudios y Perspectivas en Turismo","B3",2008
"0104-7132","GEOGRAFIA                                         ","Estudo & Debate (UNIVATES. Impresso)","C ",2008
"0103-4014","GEOGRAFIA                                         ","Estudos Avançados (USP. Impresso)","B1",2008
"0103-6831","GEOGRAFIA                                         ","Estudos em Avaliação Educacional (Impresso)","B5",2008
"1678-698X","GEOGRAFIA                                         ","Estudos Geográficos (UNESP)","B4",2008
"1981-3732","GEOGRAFIA                                         ","Etc (UFF)","B4",2008
"0104-1967","GEOGRAFIA                                         ","Eugeniana","C ",2008
"0250-7161","GEOGRAFIA                                         ","EURE (Santiago. Impresa)","A2",2008
"1351-0754","GEOGRAFIA                                         ","European Journal of Soil Science (Print)","A2",2008
"1414-4190","GEOGRAFIA                                         ","Expressa Extensão (UFPel)","B5",2008
"1677-9037","GEOGRAFIA                                         ","Extensão e Cultura (UFG)","C ",2008
"1807-0221","GEOGRAFIA                                         ","Extensio (Florianópolis)","C ",2008
"1414-0195","GEOGRAFIA                                         ","Fator Gis (Curitiba)","B5",2008
"1677-0439","GEOGRAFIA                                         ","Faz Ciência (UNIOESTE. Impresso)","B4",2008
"0430-5027","GEOGRAFIA                                         ","Finisterra (Lisboa. 1966)","B1",2008
"0015-3826","GEOGRAFIA                                         ","Floresta (UFPR. Impresso)","B5",2008
"0104-3048","GEOGRAFIA                                         ","Florestar Estatistico","B5",2008
"0378-1127","GEOGRAFIA                                         ","Forest Ecology and Management","B1",2008
"1517-543X","GEOGRAFIA                                         ","Formação (Presidente Prudente)","B2",2008
"1980-0827","GEOGRAFIA                                         ","Fórum Ambiental da Alta Paulista","C ",2008
"1982-9531","GEOGRAFIA                                         ","Fórum Patrimônio : Ambiente Construído e Patrimônio Sustentável (UFMG. Online)","B5",2008
"1018-4619","GEOGRAFIA                                         ","Fresenius Environmental Bulletin","B3",2008
"1517-8919","GEOGRAFIA                                         ","Gaia (Rio de Janeiro)","B3",2008
"1981-1268","GEOGRAFIA                                         ","Gaia Scientia (UFPB)","B5",2008
"1415-7543","GEOGRAFIA                                         ","Geo UERJ (Cessou em 2004. Cont. ISSN 1981-9021 Geo UERJ (2007))","B3",2008
"0276-0460","GEOGRAFIA                                         ","Geo-Marine Letters","B2",2008
"1980-7759","GEOGRAFIA                                         ","Geoamazônia (UFPA)","B4",2008
"1679-9860","GEOGRAFIA                                         ","Geoambiente On-line","B4",2008
"1627-4873","GEOGRAFIA                                         ","Géocarrefour (Lyon)","B3",2008
"1010-6049","GEOGRAFIA                                         ","Geocarto International","B1",2008
"0102-9800","GEOGRAFIA                                         ","Geochimica Brasiliensis","B2",2008
"1980-900X","GEOGRAFIA                                         ","Geociências (São Paulo. Online)","B2",2008
"0101-9082","GEOGRAFIA                                         ","Geociências (UNESP. Impresso)","B3",2008
"0016-7061","GEOGRAFIA                                         ","Geoderma (Amsterdam)","A1",2008
"1415-1111","GEOGRAFIA                                         ","Geodésia Online","B5",2008
"0985-3111","GEOGRAFIA                                         ","Geodinamica Acta (Paris)","A2",2008
"1578-5157","GEOGRAFIA                                         ","Geofocus (Madrid)","B2",2008
"0016-7185","GEOGRAFIA                                         ","Geoforum","A1",2008
"1980-1181","GEOGRAFIA                                         ","Geografando (Ufpel)","B5",2008
"1518-2002","GEOGRAFIA                                         ","Geografares: Revista do Mestrado e do Departamento de Geografia, Centro de Ciências Humanas e Naturais, Universidade Federal do Espirito Santo","B3",2008
"0102-3888","GEOGRAFIA                                         ","Geografia (Londrina)","B3",2008
"0100-7912","GEOGRAFIA                                         ","Geografia (Rio Claro. Impresso)","A2",2008
"1677-8049","GEOGRAFIA                                         ","Geografia (UFPI)","B5",2008
"1806-8553","GEOGRAFIA                                         ","Geografia e Pesquisa (UNESP. Ourinhos)","B5",2008
"1983-4543","GEOGRAFIA                                         ","Geografia Econômica (Florianópolis)","B4",2008
"1519-8367","GEOGRAFIA                                         ","Geografia em Atos (UNESP. Impresso)","B4",2008
,"GEOGRAFIA                                         ","Geografia em Questão","C ",2008
"0103-1538","GEOGRAFIA                                         ","Geografia. Ensino & Pesquisa (UFSM)","B5",2008
"1808-8058","GEOGRAFIA                                         ","Geografias (UFMG)","B3",2008
"1517-7793","GEOGRAFIA                                         ","GEOgraphia (UFF)","B1",2008
"0016-7398","GEOGRAFIA                                         ","Geographical Journal","A1",2008
"1165-0354","GEOGRAFIA                                         ","Géographie et Cultures (Paris)","A2",2008
"0950-7035","GEOGRAFIA                                         ","Geography Review","B4",2008
"0874-6540","GEOGRAFIA                                         ","GeoInova (Lisboa)","B2",2008
"1676-6997","GEOGRAFIA                                         ","Geojandaia (Jandaia do Sul)","B5",2008
"0343-2521","GEOGRAFIA                                         ","GeoJournal","B2",2008
"1519-874X","GEOGRAFIA                                         ","Geologia USP. Série Científica","B1",2008
"1980-8097","GEOGRAFIA                                         ","Geomática (Santa Maria. Online)","B5",2008
"1266-5304","GEOGRAFIA                                         ","Géomorphologie (Paris)","A1",2008
"0169-555X","GEOGRAFIA                                         ","Geomorphology (Amsterdam)","A1",2008
"0104-4486","GEOGRAFIA                                         ","Geonomos","B3",2008
"1518-6059","GEOGRAFIA                                         ","Geonordeste (UFS)","B3",2008
"1415-0646","GEOGRAFIA                                         ","Geonotas (UEM)","B5",2008
"0094-8276","GEOGRAFIA                                         ","Geophysical Research Letters","A1",2008
"1983-3644","GEOGRAFIA                                         ","GeoPuc (Rio de Janeiro)","B5",2008
"0103-3964","GEOGRAFIA                                         ","Geosul (UFSC)","B1",2008
"0379-9522","GEOGRAFIA                                         ","Geotecnia (Lisboa)","B4",2008
"1809-189X","GEOGRAFIA                                         ","Geotextos (Salvador)","B4",2008
"1414-7416","GEOGRAFIA                                         ","Geousp (USP)","A2",2008
"1677-4841","GEOGRAFIA                                         ","Gerenciamento Costeiro Integrado","B3",2008
"0921-8181","GEOGRAFIA                                         ","Global and Planetary Change (Print)","A1",2008
"1354-1013","GEOGRAFIA                                         ","Global Change Biology (Print)","A1",2008
"1973-3739","GEOGRAFIA                                         ","Global Environment","B5",2008
"1678-5975","GEOGRAFIA                                         ","Gravel (Porto Alegre)","C ",2008
"1414-0268","GEOGRAFIA                                         ","Grifos (UNOESC)","C ",2008
"1667-3832","GEOGRAFIA                                         ","Grumo (Buenos Aires)","B5",2008
"0103-250X","GEOGRAFIA                                         ","Guairaca (UNICENTRO)","B5",2008
"1807-4561","GEOGRAFIA                                         ","Guanicuns","B3",2008
"0338-487X","GEOGRAFIA                                         ","Hérodote (Paris)","A1",2008
"0101-9074","GEOGRAFIA                                         ","História (UNESP. Impresso) (Cessou em 2004)","B2",2008
"1807-1783","GEOGRAFIA                                         ","História e-História","B4",2008
"1414-6312","GEOGRAFIA                                         ","História Revista (UFG. Impresso)","B4",2008
"0104-5970","GEOGRAFIA                                         ","História, Ciências, Saúde-Manguinhos (Impresso)","B2",2008
"0073-2877","GEOGRAFIA                                         ","Hoehnea (São Paulo)","B5",2008
"1518-1634","GEOGRAFIA                                         ","Holos (Natal. Impresso)","C ",2008
"1519-8421","GEOGRAFIA                                         ","Holos Environment (CD-ROM)","B5",2008
"1519-8634","GEOGRAFIA                                         ","HOLOS Environment (Online)","B5",2008
"1808-3064","GEOGRAFIA                                         ","Horizonte Científico (Uberlândia)","B5",2008
"0300-7839","GEOGRAFIA                                         ","Human Ecology (New York, N.Y.)","A2",2008
"1942-7786","GEOGRAFIA                                         ","Human Geography","C ",2008
"1809-1628","GEOGRAFIA                                         ","Humanidades & Tecnologia em Revista (FINOM)","C ",2008
"1413-0599","GEOGRAFIA                                         ","Humanidades em Revista","B4",2008
"0885-6087","GEOGRAFIA                                         ","Hydrological Processes (Print)","A2",2008
"1027-5606","GEOGRAFIA                                         ","Hydrology and Earth System Sciences","A2",2008
"1980-1726","GEOGRAFIA                                         ","Hygeia : Revista Brasileira de Geografia Médica e da Saúde (Uberlândia)","B2",2008
"0144-7815","GEOGRAFIA                                         ","IAHS-AISH Publication","A2",2008
"1577-3388","GEOGRAFIA                                         ","Iberoamericana (Madrid)","B3",2008
"1518-6911","GEOGRAFIA                                         ","Ideação (Unioeste. Impresso)","C ",2008
"1474-6743","GEOGRAFIA                                         ","IDPR. International Development Planning Review (Print)","B2",2008
"1545-598X","GEOGRAFIA                                         ","IEEE Geoscience and Remote Sensing Letters (Print)","B1",2008
"0196-2892","GEOGRAFIA                                         ","IEEE Transactions on Geoscience and Remote Sensing","A2",2008
"0103-7676","GEOGRAFIA                                         ","Impulso (Piracicaba)","C ",2008
"0950-4222","GEOGRAFIA                                         ","Industry & Higher Education","B3",2008
"1517-669X","GEOGRAFIA                                         ","Infogeo (Curitiba)","B4",2008
"0100-4409","GEOGRAFIA                                         ","Informações Econômicas (Impresso)","B4",2008
"1415-8035","GEOGRAFIA                                         ","Informativo SBE","C ",2008
"0104-1673","GEOGRAFIA                                         ","Informe Epidemiologico do SUS (Cessou em 2002. Cont. ISSN 1679-4974 Epidemiologia e Serviços de Saúde)","B5",2008
"1518-1243","GEOGRAFIA                                         ","Iniciação Científica - CESUMAR","C ",2008
"1807-1260","GEOGRAFIA                                         ","Intellector (CENEGRI. Online)","B5",2008
"0101-7136","GEOGRAFIA                                         ","Inter-ação (UFG. Impresso)","B5",2008
"1518-7012","GEOGRAFIA                                         ","Interações (UCDB)","B4",2008
"1782-1169","GEOGRAFIA                                         ","Interaction (Namur)","B5",2008
"1519-8847","GEOGRAFIA                                         ","Interagir (UERJ)","C ",2008
"0378-1844","GEOGRAFIA                                         ","Interciencia (Caracas)","B3",2008
"1806-6062","GEOGRAFIA                                         ","Interface (Porto Nacional)","B5",2008
"1980-0894","GEOGRAFIA                                         ","InterfacEHS (Ed. português)","C ",2008
"1519-0994","GEOGRAFIA                                         ","Interfaces Brasil/Canadá (Impresso)","B4",2008
"1676-0794","GEOGRAFIA                                         ","Intergeo (Cuiabá)","B5",2008
"1861-1303","GEOGRAFIA                                         ","International Journal of Action Research","B4",2008
"1569-8432","GEOGRAFIA                                         ","International Journal of Applied Earth Observation and Geoinformation","B4",2008
"1478-9876","GEOGRAFIA                                         ","International Journal of Environment and Waste Management (Print)","A2",2008
"1466-2132","GEOGRAFIA                                         ","International Journal of Environmental Technology and Management","B1",2008
"1365-8816","GEOGRAFIA                                         ","International Journal of Geographical Information Science (Print)","A2",2008
"1476-072X","GEOGRAFIA                                         ","International Journal of Health Geographics","B2",2008
"1366-5901","GEOGRAFIA                                         ","International Journal of Remote Sensing (Online)","A2",2008
"0143-1161","GEOGRAFIA                                         ","International Journal of Remote Sensing (Print)","A1",2008
"1013-7866","GEOGRAFIA                                         ","International Journal of Sediment Research","B3",2008
"0309-1317","GEOGRAFIA                                         ","International Journal of Urban and Regional Research (Print)","A2",2008
"0147-5479","GEOGRAFIA                                         ","International Labor and Working Class History","B2",2008
"1038-2046","GEOGRAFIA                                         ","International Research in Geographical and Environmental Education","B1",2008
"1807-1384","GEOGRAFIA                                         ","INTERthesis (Florianópolis)","B3",2008
,"GEOGRAFIA                                         ","Intrerfaces","C ",2008
"0188-4611","GEOGRAFIA                                         ","Investigaciones Geográficas - Instituto de Geografía. Universidad Nacional Autónoma de México","A2",2008
"1518-8795","GEOGRAFIA                                         ","Investigações em Ensino de Ciências (Online)","B5",2008
"1516-697X","GEOGRAFIA                                         ","IP (Belo Horizonte)","B5",2008
,"GEOGRAFIA                                         ","Jornal do Brasil","C ",2008
"0140-1963","GEOGRAFIA                                         ","Journal of Arid Environments","B1",2008
"1400-0350","GEOGRAFIA                                         ","Journal of Coastal Conservation","B2",2008
"0749-0208","GEOGRAFIA                                         ","Journal of Coastal Research","B1",2008
"1773-2247","GEOGRAFIA                                         ","Journal of Drug Delivery Science and Technology","B2",2008
"0301-4797","GEOGRAFIA                                         ","Journal of Environmental Management","A2",2008
"0304-3894","GEOGRAFIA                                         ","Journal of Hazardous Materials (Print)","B5",2008
"0305-7488","GEOGRAFIA                                         ","Journal of Historical Geography","B1",2008
"0306-6150","GEOGRAFIA                                         ","Journal of Peasant Studies","B1",2008
"0895-9811","GEOGRAFIA                                         ","Journal of South American Earth Sciences","A2",2008
"0022-8877","GEOGRAFIA                                         ","Kant-Studien","B3",2008
"1958-5500","GEOGRAFIA                                         ","L'Espace Politique","B3",2008
"1262-1692","GEOGRAFIA                                         ","L'Ordinaire Latino-Américain","B3",2008
"1519-6674","GEOGRAFIA                                         ","Labirinto (UNIR)","B5",2008
"0094-582X","GEOGRAFIA                                         ","Latin American Perspectives","A2",2008
"0023-8791","GEOGRAFIA                                         ","Latin American Research Review","A2",2008
"1950-6260","GEOGRAFIA                                         ","Le Monde Diplomatique","B1",2008
"0329-0069","GEOGRAFIA                                         ","Lecturas Educación Física y Deportes","B5",2008
"0373-5834","GEOGRAFIA                                         ","Les Cahiers d' Outre-Mer","B1",2008
"1980-8518","GEOGRAFIA                                         ","Libertas (UFJF. Online)","B5",2008
"0716-5919","GEOGRAFIA                                         ","Limes (Santiago)","B4",2008
"1519-745X","GEOGRAFIA                                         ","Luminária (União da Vitória)","C ",2008
"0024-7413","GEOGRAFIA                                         ","Luso-Brazilian Review","B4",2008
"1980-8100","GEOGRAFIA                                         ","Lutas & Resistências","C ",2008
"1415-854X","GEOGRAFIA                                         ","Lutas Sociais (PUCSP)","B5",2008
"1769-7298","GEOGRAFIA                                         ","M@ppemonde (En ligne)","B1",2008
"1679-0952","GEOGRAFIA                                         ","Maestria (Sete Lagoas)","C ",2008
"1982-2987","GEOGRAFIA                                         ","Maquinações (UEL)","C ",2008
"1745-1019","GEOGRAFIA                                         ","Marine Biology Research (Online)","B3",2008
"1676-2827","GEOGRAFIA                                         ","Mediação (Belo Horizonte)","C ",2008
"1808-2564","GEOGRAFIA                                         ","Mediação (Curitiba)","C ",2008
"1980-556X","GEOGRAFIA                                         ","Mediação (UEG. Pires do Rio)","C ",2008
"1369-3786","GEOGRAFIA                                         ","Medical Mycology (Oxford. Print)","C ",2008
"0077-8931","GEOGRAFIA                                         ","Memoirs of the New York Botanical Garden","B2",2008
"0074-0276","GEOGRAFIA                                         ","Memórias do Instituto Oswaldo Cruz (Impresso)","B1",2008
"1678-8060","GEOGRAFIA                                         ","Memórias do Instituto Oswaldo Cruz (Online)","B1",2008
"1984-2201","GEOGRAFIA                                         ","Mercator (Fortaleza. Online)","B1",2008
"1676-8329","GEOGRAFIA                                         ","Mercator (UFC)","B1",2008
"0968-4328","GEOGRAFIA                                         ","Micron (Oxford. 1993)","B1",2008
"0995-7367","GEOGRAFIA                                         ","Migrations Société (Paris)","B3",2008
"0538-4680","GEOGRAFIA                                         ","Mitteilungen - Internationale Vereinigung fur Theoretische und Angewandte Limnologie","B1",2008
"0104-4826","GEOGRAFIA                                         ","Montagem (CUML. Ribeirão Preto)","C ",2008
"1807-6149","GEOGRAFIA                                         ","Musas (IPHAN)","C ",2008
"0921-030X","GEOGRAFIA                                         ","Natural Hazards (Dordrecht)","A2",2008
"1573-0840","GEOGRAFIA                                         ","Natural Hazards (Dordrecht. Online)","A2",2008
"0028-0836","GEOGRAFIA                                         ","Nature (London)","A1",2008
"1756-0357","GEOGRAFIA                                         ","Nature Precedings","B5",2008
"1679-6225","GEOGRAFIA                                         ","Neotropical Ichthyology (Impresso)","B5",2008
"0262-4079","GEOGRAFIA                                         ","New Scientist (1971)","C ",2008
"1745-7939","GEOGRAFIA                                         ","New Zealand Geographer (Online)","B2",2008
"0029-182X","GEOGRAFIA                                         ","Norois (Caen)","B1",2008
"0101-4919","GEOGRAFIA                                         ","Noticia Bibliográfica e Histórica (PUCCAMP)","B4",2008
"0103-6351","GEOGRAFIA                                         ","Nova Economia (UFMG. Impresso)","B5",2008
"1516-6481","GEOGRAFIA                                         ","Novos Cadernos NAEA","B4",2008
"0103-8125","GEOGRAFIA                                         ","O Alferes (Belo Horizonte)","C ",2008
"0104-9356","GEOGRAFIA                                         ","O Carste (Belo Horizonte)","B3",2008
"0104-7809","GEOGRAFIA                                         ","O Mundo da Saúde (CUSC. Impresso)","C ",2008
"1519-5481","GEOGRAFIA                                         ","O Público e o Privado (UECE)","B5",2008
"1415-1804","GEOGRAFIA                                         ","O Social em Questão","C ",2008
"1808-6233","GEOGRAFIA                                         ","Observatório Quilombola","B5",2008
"1515-3282","GEOGRAFIA                                         ","Observatorio Social de América Latina","B1",2008
"1808-0235","GEOGRAFIA                                         ","Oikos (Rio de Janeiro)","B5",2008
"1982-3878","GEOGRAFIA                                         ","Okara : Geografia em Debate (UFPB)","B5",2008
"1519-8693","GEOGRAFIA                                         ","Olam: Ciência & Tecnologia (Rio Claro. CD-Rom)","B4",2008
"1982-7784","GEOGRAFIA                                         ","Olam: Ciência & Tecnologia (Rio Claro. Online)","C ",2008
"1806-6763","GEOGRAFIA                                         ","Omnia Saúde (FAI)","B4",2008
"1981-4275","GEOGRAFIA                                         ","Oralidades (USP)","C ",2008
"1806-0528","GEOGRAFIA                                         ","Os Urbanitas (São Paulo)","C ",2008
"1678-8419","GEOGRAFIA                                         ","P@rtes (São Paulo)","C ",2008
"1982-1670","GEOGRAFIA                                         ","Página 22 (FGV)","C ",2008
"0104-6098","GEOGRAFIA                                         ","Paisagem e Ambiente","B2",2008
"1414-1434","GEOGRAFIA                                         ","Paisagens (USP)","C ",2008
"1809-6204","GEOGRAFIA                                         ","Paisagens em Debate (USP)","C ",2008
"0031-0182","GEOGRAFIA                                         ","Palaeogeography, Palaeoclimatology, Palaeoecology","A1",2008
"0031-0301","GEOGRAFIA                                         ","Paleontological Journal","B1",2008
"1669-3299","GEOGRAFIA                                         ","Pampa (Santa Fe)","B5",2008
"0031-1049","GEOGRAFIA                                         ","Papéis Avulsos de Zoologia (USP.Museu de Zoologia. Impresso)","B5",2008
"1516-9111","GEOGRAFIA                                         ","Papers do NAEA (UFPA)","B3",2008
"1982-0003","GEOGRAFIA                                         ","Para Onde!? (UFRGS)","C ",2008
"1413-9375","GEOGRAFIA                                         ","Parcerias Estratégicas (Brasília)","B4",2008
"1679-5687","GEOGRAFIA                                         ","Participe (UNIJUÍ)","C ",2008
"1695-7121","GEOGRAFIA                                         ","Pasos (El Sauzal)","B4",2008
"1808-1967","GEOGRAFIA                                         ","Patrimônio e Memória (UNESP)","B4",2008
"1676-1871","GEOGRAFIA                                         ","Pegada (UNESP. Impresso)","B3",2008
"1415-4676","GEOGRAFIA                                         ","Pensar a Prática (UFG. Impresso)","C ",2008
"1678-569X","GEOGRAFIA                                         ","Percurso (Curitiba)","C ",2008
"0102-5473","GEOGRAFIA                                         ","Perspectiva (UFSC)","B3",2008
"1808-866X","GEOGRAFIA                                         ","Perspectiva Geográfica (Impresso)","B5",2008
"0100-204X","GEOGRAFIA                                         ","Pesquisa Agropecuária Brasileira (1977. Impressa)","B1",2008
"1678-3921","GEOGRAFIA                                         ","Pesquisa Agropecuária Brasileira (Online)","B5",2008
"1517-6398","GEOGRAFIA                                         ","Pesquisa Agropecuária Tropical (Impresso)","B5",2008
"0103-4049","GEOGRAFIA                                         ","Pesquisa Antartica Brasileira","B2",2008
"1980-1165","GEOGRAFIA                                         ","Pesquisa em Educação Ambiental (UFSCar)","B3",2008
"0100-736X","GEOGRAFIA                                         ","Pesquisa Veterinária Brasileira (Impresso)","B5",2008
"0100-5375","GEOGRAFIA                                         ","Pesquisas (Instituto de Geociências, Universidade Federal do Rio Grande do Sul) (Cessou em 1999. Cont. ISSN 1518-2398 Pesquisas em Geociências (UFRGS. Impresso))","B3",2008
"1807-9806","GEOGRAFIA                                         ","Pesquisas em Geociências (Online)","B3",2008
"1518-2398","GEOGRAFIA                                         ","Pesquisas em Geociências (UFRGS. Impresso)","B3",2008
"1983-473X","GEOGRAFIA                                         ","Pesquisas em Turismo e Paisagens Cársticas","B5",2008
"1806-0641","GEOGRAFIA                                         ","Pesquisas FUNCAP","B3",2008
"0373-840X","GEOGRAFIA                                         ","Pesquisas. Botânica","B2",2008
"0031-6229","GEOGRAFIA                                         ","Petermanns Geographische Mitteilungen","B3",2008
"0962-8436","GEOGRAFIA                                         ","Philosophical Transactions - Royal Society. Biological Sciences (Print)","C ",2008
"1464-9357","GEOGRAFIA                                         ","Planning Theory & Practice (Print)","B2",2008
"1980-8666","GEOGRAFIA                                         ","Pleiade (Uniamérica)","C ",2008
"1981-0865","GEOGRAFIA                                         ","Plenarium (Brasília)","C ",2008
"1807-9083","GEOGRAFIA                                         ","Plurais (Anápolis)","C ",2008
"0304-422X","GEOGRAFIA                                         ","Poetics (Amsterdam)","B5",2008
"0032-2490","GEOGRAFIA                                         ","Polarforschung (Bremerhaven)","B4",2008
"1132-1202","GEOGRAFIA                                         ","Polígonos (León)","B2",2008
"0717-6554","GEOGRAFIA                                         ","Polis (Santiago. Impresa)","B1",2008
"1518-7446","GEOGRAFIA                                         ","Política Democrática","C ",2008
"0962-6298","GEOGRAFIA                                         ","Political Geography","A2",2008
"1517-3968","GEOGRAFIA                                         ","Ponto de Vista (UFSC)","C ",2008
"1981-3341","GEOGRAFIA                                         ","Ponto.Urbe (USP)","C ",2008
"0199-0039","GEOGRAFIA                                         ","Population and Environment","B1",2008
"1544-8444","GEOGRAFIA                                         ","Population, Space and Place","B1",2008
"1983-6546","GEOGRAFIA                                         ","Portal de Cartografia","B5",2008
"1678-1511","GEOGRAFIA                                         ","Portal do São Francisco (CESVASF)","C ",2008
"1518-9554","GEOGRAFIA                                         ","Pós. Revista do Programa de Pós-Graduação em Arquitetura e Urbanismo da FAUUSP","B4",2008
"0998-8289","GEOGRAFIA                                         ","Pouvoirs Locaux (Paris)","B1",2008
"1413-1862","GEOGRAFIA                                         ","Presença Pedagogica","C ",2008
"1808-0669","GEOGRAFIA                                         ","Presente! (Centro de Estudos e Assessoria Pedagógica)","C ",2008
"1517-672X","GEOGRAFIA                                         ","Pretexto (Belo Horizonte. Impresso)","B5",2008
"1808-5091","GEOGRAFIA                                         ","Primeira Versão (Instituto Paranaense de Desenvolvimento Econômico e Social)","C ",2008
"1679-2084","GEOGRAFIA                                         ","Principium (UNILESTEMG. Impresso)","C ",2008
"0765-1333","GEOGRAFIA                                         ","Problèmes d'Amérique Latine","B1",2008
"0027-8424","GEOGRAFIA                                         ","Proceedings of the National Academy of Sciences of the United States of America","A1",2008
"0309-1325","GEOGRAFIA                                         ","Progress in Human Geography","A1",2008
"0102-4442","GEOGRAFIA                                         ","Projeto História (PUCSP)","B3",2008
"0102-7182","GEOGRAFIA                                         ","Psicologia e Sociedade (Impresso)","C ",2008
"0104-8570","GEOGRAFIA                                         ","Publicatio UEPG","B4",2008
"0390-6329","GEOGRAFIA                                         ","Quaderni - Istituto di Ricerca sulle Acque","B2",2008
"1040-6182","GEOGRAFIA                                         ","Quaternary International","A1",2008
"1678-068X","GEOGRAFIA                                         ","R.E.V.I. Revista de Estudos do Vale Iguaçu","C ",2008
"1516-4136","GEOGRAFIA                                         ","Ra'e ga (UFPR)","B2",2008
"1809-2039","GEOGRAFIA                                         ","RAI : Revista de Administração e Inovação","B4",2008
"1677-6623","GEOGRAFIA                                         ","Raízes (Fortaleza)","B4",2008
"0102-552X","GEOGRAFIA                                         ","Raizes (UFPB)","B4",2008
"1808-0936","GEOGRAFIA                                         ","RBC. Revista Brasileira de Cartografia (Online)","B2",2008
"1806-8405","GEOGRAFIA                                         ","RBPG. Revista Brasileira de Pós-Graduação","B3",2008
"1516-1684","GEOGRAFIA                                         ","RDE. Revista de Desenvolvimento Econômico","B2",2008
"1982-5528","GEOGRAFIA                                         ","Rede : Revista Eletrônica do Prodema","B3",2008
"1414-7106","GEOGRAFIA                                         ","Redes (Santa Cruz do Sul. Impresso)","B4",2008
"1579-0185","GEOGRAFIA                                         ","Redes, Revista Hispana para el Análisis de Redes Sociales","B3",2008
"1677-7743","GEOGRAFIA                                         ","Reflexões em Ciências Humanas","B5",2008
"0102-1184","GEOGRAFIA                                         ","Reforma Agrária","B3",2008
"1984-1205","GEOGRAFIA                                         ","Regiões e Cidades","B5",2008
"1676-6881","GEOGRAFIA                                         ","Religião e Cultura (PUCSP)","B5",2008
"1980-8585","GEOGRAFIA                                         ","REMHU (Brasília)","C ",2008
"1679-1916","GEOGRAFIA                                         ","RENOTE. Revista Novas Tecnologias na Educação","C ",2008
"0786-6445","GEOGRAFIA                                         ","Renvall-Instituutin Julkaisu / Renvall Institute Publications","B2",2008
"1018-8541","GEOGRAFIA                                         ","Resumenes Indicativos - Fondo Documental, Universidad Nacional (Heredia)","B3",2008
"1809-9793","GEOGRAFIA                                         ","Revista 18","C ",2008
"1980-993X","GEOGRAFIA                                         ","Revista Ambiente & Água","B5",2008
,"GEOGRAFIA                                         ","Revista Apogeo","C ",2008
"1415-482X","GEOGRAFIA                                         ","Revista Arandu (Dourados)","C ",2008
"0100-6762","GEOGRAFIA                                         ","Revista Árvore (Impresso)","B5",2008
"1980-9735","GEOGRAFIA                                         ","Revista Brasileira de Agroecologia","B3",2008
"0104-1347","GEOGRAFIA                                         ","Revista Brasileira de Agrometeorologia","B3",2008
"1679-2343","GEOGRAFIA                                         ","Revista Brasileira de Biociências (Impresso)","B2",2008
"0100-8404","GEOGRAFIA                                         ","Revista Brasileira de Botânica (Impresso)","B4",2008
"0560-4613","GEOGRAFIA                                         ","Revista Brasileira de Cartografia (Impresso)","B1",2008
"0100-0683","GEOGRAFIA                                         ","Revista Brasileira de Ciência do Solo (Impresso)","B1",2008
"1808-4524","GEOGRAFIA                                         ","Revista Brasileira de Ciências Ambientais","B2",2008
"1980-055X","GEOGRAFIA                                         ","Revista Brasileira de Climatologia","B2",2008
"1983-9391","GEOGRAFIA                                         ","Revista Brasileira de Ecoturismo","B4",2008
"1981-1764","GEOGRAFIA                                         ","Revista Brasileira de Educação Ambiental (Online)","B3",2008
"0102-3098","GEOGRAFIA                                         ","Revista Brasileira de Estudos de População (Impresso)","B1",2008
"1517-4115","GEOGRAFIA                                         ","Revista Brasileira de Estudos Urbanos e Regionais (ANPUR)","B1",2008
"0102-695X","GEOGRAFIA                                         ","Revista Brasileira de Farmacognosia (Impresso)","C ",2008
"0100-2945","GEOGRAFIA                                         ","Revista Brasileira de Fruticultura (Impresso)","B3",2008
"0375-7536","GEOGRAFIA                                         ","Revista Brasileira de Geociências","B1",2008
"0102-261X","GEOGRAFIA                                         ","Revista Brasileira de Geofísica (Impresso)","B2",2008
"0034-723X","GEOGRAFIA                                         ","Revista Brasileira de Geografia","B2",2008
"1984-2295","GEOGRAFIA                                         ","Revista Brasileira de Geografia Física","B5",2008
"1519-1540","GEOGRAFIA                                         ","Revista Brasileira de Geomorfologia","A2",2008
"1809-239X","GEOGRAFIA                                         ","Revista Brasileira de Gestão e Desenvolvimento Regional","C ",2008
"0102-7786","GEOGRAFIA                                         ","Revista Brasileira de Meteorologia (Impresso)","B1",2008
"1519-7530","GEOGRAFIA                                         ","Revista Brasileira de Paleontologia","B2",2008
"1982-6125","GEOGRAFIA                                         ","Revista Brasileira de Pesquisa em Turismo","B4",2008
"1414-381X","GEOGRAFIA                                         ","Revista Brasileira de Recursos Hídricos","B1",2008
"1808-0723","GEOGRAFIA                                         ","Revista Brasileira de Risco e Seguro (Online)","C ",2008
"0303-7657","GEOGRAFIA                                         ","Revista Brasileira de Saúde Ocupacional","B3",2008
"0080-2085","GEOGRAFIA                                         ","Revista Cartográfica","B2",2008
"1988-2459","GEOGRAFIA                                         ","Revista Catalana de Geografía (Internet)","B3",2008
"1678-8346","GEOGRAFIA                                         ","Revista Cerrados (UNIMONTES)","B3",2008
"1516-2664","GEOGRAFIA                                         ","Revista CESUMAR","B4",2008
"1807-5916","GEOGRAFIA                                         ","Revista Ciência e Sociedade","B4",2008
"1981-6014","GEOGRAFIA                                         ","Revista Científica da UFPA","B4",2008
"0486-6525","GEOGRAFIA                                         ","Revista Colombiana de Antropologia","C ",2008
"0254-1106","GEOGRAFIA                                         ","Revista Crítica de Ciências Sociais","B4",2008
"1676-4439","GEOGRAFIA                                         ","Revista da ABET (Online)","B4",2008
"1679-768X","GEOGRAFIA                                         ","Revista da ANPEGE","B1",2008
"1516-7712","GEOGRAFIA                                         ","Revista da Casa da Geografia de Sobral","B5",2008
"1678-9172","GEOGRAFIA                                         ","Revista da FA7","C ",2008
"0871-1666","GEOGRAFIA                                         ","Revista da Faculdade de Letras. Geografia","B2",2008
"1808-477X","GEOGRAFIA                                         ","Revista da FAPESE de Pesquisa e Extensão","C ",2008
"1646-8872","GEOGRAFIA                                         ","Revista da Gestão Costeira Integrada","B4",2008
"1516-1226","GEOGRAFIA                                         ","Revista da Pós-Graduação em Geografia","B5",2008
"1980-7694","GEOGRAFIA                                         ","Revista da Sociedade Brasileira de Arborização Urbana","B2",2008
"0037-8682","GEOGRAFIA                                         ","Revista da Sociedade Brasileira de Medicina Tropical (Impresso)","B1",2008
"0100-4859","GEOGRAFIA                                         ","Revista da Sociedade Brasileira de Zootecnia (Cessou em 1996. Cont. 1516-3598 Revista Brasileira de Zootecnia)","B3",2008
"0103-7080","GEOGRAFIA                                         ","Revista da Sociedade Cearense de Geografia e História","B5",2008
"1679-8708","GEOGRAFIA                                         ","Revista da UNIFEBE","B5",2008
"0034-7612","GEOGRAFIA                                         ","Revista de Administração Pública (Impresso)","B3",2008
"1519-5228","GEOGRAFIA                                         ","Revista de Biologia e Ciências da Terra","B4",2008
"0103-8575","GEOGRAFIA                                         ","Revista de Ciência & Tecnologia","C ",2008
"1676-9732","GEOGRAFIA                                         ","Revista de Ciências Agroveterinárias (UDESC)","C ",2008
"1518-4684","GEOGRAFIA                                         ","Revista de Ciências Humanas (Frederico Westphalen. Impresso)","C ",2008
"1519-1974","GEOGRAFIA                                         ","Revista de Ciências Humanas (Viçosa)","C ",2008
"1676-3831","GEOGRAFIA                                         ","Revista de Cultura (UniFMU)","C ",2008
"0100-1582","GEOGRAFIA                                         ","Revista de Direito Agrário","B5",2008
"0873-1497","GEOGRAFIA                                         ","Revista de Direito do Ambiente e Ordenamento do Território (Lisboa)","B5",2008
"0103-6033","GEOGRAFIA                                         ","Revista de Divulgação Cultural","C ",2008
"0103-2003","GEOGRAFIA                                         ","Revista de Economia e Sociologia Rural (Impresso)","B2",2008
"1807-2674","GEOGRAFIA                                         ","Revista de Economia Política e História Econômica","B2",2008
"0101-1685","GEOGRAFIA                                         ","Revista de Estudos (Novo Hamburgo)","C ",2008
"1516-3911","GEOGRAFIA                                         ","Revista de Estudos Ambientais (Cessou em 2007. Cont. ISSN 1983-1501 Revista de Estudos Ambientais (Online))","B3",2008
"1519-504X","GEOGRAFIA                                         ","Revista de Estudos Sociais (UFMT)","C ",2008
"1809-6468","GEOGRAFIA                                         ","Revista de Estudos Turísticos","B5",2008
"1518-3491","GEOGRAFIA                                         ","Revista de Geociências (Rio de Janeiro)","B4",2008
"0104-5490","GEOGRAFIA                                         ","Revista de Geografia (Recife)","B3",2008
"1514-1942","GEOGRAFIA                                         ","Revista de geografía (San Juan)","C ",2008
"1519-4817","GEOGRAFIA                                         ","Revista de Geografia (UFMS)","B5",2008
"0379-8682","GEOGRAFIA                                         ","Revista de Geografía Norte Grande (Impresa)","B2",2008
"0103-2410","GEOGRAFIA                                         ","Revista de Geologia (Fortaleza)","B5",2008
"1808-4001","GEOGRAFIA                                         ","Revista de História (Rio de Janeiro)","B2",2008
"0034-8309","GEOGRAFIA                                         ","Revista de Historia (USP)","B3",2008
"1414-0055","GEOGRAFIA                                         ","Revista de História Regional","B3",2008
"1414-042X","GEOGRAFIA                                         ","Revista de Humanidades (UNIFOR)","C ",2008
"0103-4308","GEOGRAFIA                                         ","Revista de Informática Teórica e Aplicada (Impresso)","C ",2008
"0187-389X","GEOGRAFIA                                         ","Revista de la Escuela Normal Superior de México","B4",2008
"0301-0406","GEOGRAFIA                                         ","Revista de Patologia Tropical (Impresso)","B3",2008
"1413-4969","GEOGRAFIA                                         ","Revista de Política Agrícola","B3",2008
"1133-0953","GEOGRAFIA                                         ","Revista de Teledetección","B2",2008
"1806-7077","GEOGRAFIA                                         ","Revista de Turismo Matogrossense","B5",2008
"1982-5269","GEOGRAFIA                                         ","Revista Debates (UFRGS)","B5",2008
"1518-3483","GEOGRAFIA                                         ","Revista Diálogo Educacional (PUCPR. Impresso)","B4",2008
"1809-3108","GEOGRAFIA                                         ","Revista Didática Sistêmica","B4",2008
"1678-3077","GEOGRAFIA                                         ","Revista Discente (Florianópolis. 2002)","C ",2008
"1980-4148","GEOGRAFIA                                         ","Revista Discente Expressões Geográficas","C ",2008
"0104-8368","GEOGRAFIA                                         ","Revista do Arquivo Publico Mineiro","B5",2008
"0102-4582","GEOGRAFIA                                         ","Revista do Departamento de Geografia, Universidade de São Paulo","B2",2008
"0073-9855","GEOGRAFIA                                         ","Revista do Instituto Adolfo Lutz (Impresso)","B3",2008
"0036-4665","GEOGRAFIA                                         ","Revista do Instituto de Medicina Tropical de São Paulo (Impresso)","B2",2008
"0103-2674","GEOGRAFIA                                         ","Revista do Instituto Florestal","C ",2008
"1516-344X","GEOGRAFIA                                         ","Revista do Instituto Geográphico e Histórico da Bahia","B5",2008
"1677-0897","GEOGRAFIA                                         ","Revista do Instituto Histórico e Geográfico de Mato Grosso","B5",2008
"1981-7347","GEOGRAFIA                                         ","Revista do Instituto Histórico e Geográfico de Sergipe","B5",2008
"0101-4366","GEOGRAFIA                                         ","Revista do Instituto Histórico e Geographico Brazileiro","B3",2008
"0103-9709","GEOGRAFIA                                         ","Revista do Museu de Arqueologia e Etnologia","B3",2008
"1518-1839","GEOGRAFIA                                         ","Revista do Professor (Rio Pardo)","C ",2008
"0102-7212","GEOGRAFIA                                         ","Revista dos Transportes Públicos","B3",2008
"1808-0618","GEOGRAFIA                                         ","Revista Economia em Debate (URCA)","B5",2008
"0100-4956","GEOGRAFIA                                         ","Revista Econômica do Nordeste","B4",2008
,"GEOGRAFIA                                         ","Revista Eletrônica da AGB (Três Lagoas)","B3",2008
"1808-2653","GEOGRAFIA                                         ","Revista Eletrônica da Associação dos Geógrafos Brasileiros, Seção Três Lagoas","B5",2008
,"GEOGRAFIA                                         ","Revista Eletrônica da Sociedade Brasileira de Biometeorologia.","B3",2008
"1678-8729","GEOGRAFIA                                         ","Revista Eletrônica de Direito do Centro Universitário Newton Paiva","C ",2008
"1981-5646","GEOGRAFIA                                         ","Revista Eletrônica de Turismo Cultural (USP)","B5",2008
"1517-1256","GEOGRAFIA                                         ","Revista Eletrônica do Mestrado em Educação Ambiental","B5",2008
"1981-2434","GEOGRAFIA                                         ","Revista Eletrônica História em Reflexão (UFGD)","C ",2008
"1980-6116","GEOGRAFIA                                         ","Revista Eletrônica Lato Sensu","C ",2008
"1808-9305","GEOGRAFIA                                         ","Revista Eletrônica Polidisciplinar Vôos","C ",2008
"1806-1060","GEOGRAFIA                                         ","Revista Eparrei (Santos)","C ",2008
"1519-6186","GEOGRAFIA                                         ","Revista Espaço Acadêmico (UEM)","B4",2008
"0103-7579","GEOGRAFIA                                         ","Revista Espaço-Tempo (UFPI)","B5",2008
"1518-3084","GEOGRAFIA                                         ","Revista Ethos (Brasília)","B5",2008
"0104-7043","GEOGRAFIA                                         ","Revista FAEEBA","C ",2008
"1518-689X","GEOGRAFIA                                         ","Revista FEUDUC CEPEA PIBIC","C ",2008
"1677-650X","GEOGRAFIA                                         ","Revista Geo-Paisagem","C ",2008
"1981-089X","GEOGRAFIA                                         ","Revista Geografar (UFPR)","B5",2008
"0103-3174","GEOGRAFIA                                         ","Revista Geografia e Ensino","B5",2008
"1982-9760","GEOGRAFIA                                         ","Revista Geografia e Pesquisa","B5",2008
"1678-7226","GEOGRAFIA                                         ","Revista Geográfica Acadêmica","C ",2008
"1012-1617","GEOGRAFIA                                         ","Revista Geográfica Venezolana","B2",2008
"1808-558X","GEOGRAFIA                                         ","Revista Global Tourism (Online)","C ",2008
"1982-3800","GEOGRAFIA                                         ","Revista Homem, Espaço e Tempo","B5",2008
"1405-1311","GEOGRAFIA                                         ","Revista Latinoamericana de Estudios del Trabajo","B1",2008
"1983-2192","GEOGRAFIA                                         ","Revista LEVS (Marília)","B5",2008
"1415-7500","GEOGRAFIA                                         ","Revista Mato-Grossense de Geografia","B4",2008
"1981-4089","GEOGRAFIA                                         ","Revista Mirante (UFG)","C ",2008
"1414-6304","GEOGRAFIA                                         ","Revista Múltipla (UPIS)","B5",2008
"1806-6755","GEOGRAFIA                                         ","Revista NERA (UNESP)","B2",2008
"1677-0609","GEOGRAFIA                                         ","Revista Pantaneira","B4",2008
"0556-6916","GEOGRAFIA                                         ","Revista Paranaense de Desenvolvimento","B4",2008
"1413-6155","GEOGRAFIA                                         ","Revista Paranaense de Geografia","B5",2008
"1676-3025","GEOGRAFIA                                         ","Revista Pegada Eletrônica (Online)","B4",2008
"1981-8521","GEOGRAFIA                                         ","Revista Processos Químicos","C ",2008
"0102-8863","GEOGRAFIA                                         ","Revista Rio de Janeiro","B4",2008
"1516-0629","GEOGRAFIA                                         ","Revista sem Terra","C ",2008
"1676-0468","GEOGRAFIA                                         ","Revista Solta a Voz","C ",2008
"1676-1995","GEOGRAFIA                                         ","Revista Tamoios (Impresso)","B5",2008
"1515-6443","GEOGRAFIA                                         ","Revista Theomai (En línea)","B3",2008
"1519-4744","GEOGRAFIA                                         ","Revista Turismo & Desenvolvimento","B5",2008
"1414-1892","GEOGRAFIA                                         ","Revista UNICSUL","B5",2008
"1808-4036","GEOGRAFIA                                         ","Revista Unissa","C ",2008
"0103-9989","GEOGRAFIA                                         ","Revista USP","B3",2008
"0035-113X","GEOGRAFIA                                         ","Revue de Geographie de Lyon","B3",2008
"0394-834X","GEOGRAFIA                                         ","Rivista Giuridica di Polizia","B2",2008
"0370-6583","GEOGRAFIA                                         ","Rodriguesia","C ",2008
"1980-1998","GEOGRAFIA                                         ","Ruris (Campinas)","B4",2008
"1980-5950","GEOGRAFIA                                         ","Saber Acadêmico","C ",2008
"1982-792X","GEOGRAFIA                                         ","Saber Científico","C ",2008
"1519-6399","GEOGRAFIA                                         ","Saber. Ciências da Saúde","B5",2008
"1982-0283","GEOGRAFIA                                         ","Salto para o Futuro","C ",2008
"0103-7056","GEOGRAFIA                                         ","Saneamento Ambiental","B3",2008
,"GEOGRAFIA                                         ","Santos Arte e Cultura","C ",2008
"0102-8839","GEOGRAFIA                                         ","São Paulo em Perspectiva (Impresso)","B3",2008
"0048-9697","GEOGRAFIA                                         ","Science of the Total Environment","A2",2008
"1413-9324","GEOGRAFIA                                         ","Scientia Forestalis (IPEF)","B3",2008
"1808-2793","GEOGRAFIA                                         ","Scientia Plena","B4",2008
"1676-9791","GEOGRAFIA                                         ","Scientific American Brasil","C ",2008
"0774-0549","GEOGRAFIA                                         ","Scripta (Brussel)","B3",2008
"1138-9788","GEOGRAFIA                                         ","Scripta Nova (Barcelona)","A1",2008
"1137-9669","GEOGRAFIA                                         ","Semata (Santiago de Compostela)","B3",2008
"0101-3742","GEOGRAFIA                                         ","Semina (Londrina)","B4",2008
"1424-8220","GEOGRAFIA                                         ","Sensors (Basel)","C ",2008
"0149-6395","GEOGRAFIA                                         ","Separation Science and Technology (Print)","C ",2008
"1413-4233","GEOGRAFIA                                         ","Serviço Social & Realidade","B3",2008
"1972-8360","GEOGRAFIA                                         ","Sicurezza Urbana","B2",2008
"0102-7360","GEOGRAFIA                                         ","Sinergia (FURG)","C ",2008
"1519-6097","GEOGRAFIA                                         ","Sitientibus. Série Ciências Biológicas","B5",2008
"0103-0620","GEOGRAFIA                                         ","Sociais e Humanas","C ",2008
"1464-9365","GEOGRAFIA                                         ","Social & Cultural Geography (Print)","A2",2008
"0103-1570","GEOGRAFIA                                         ","Sociedade & Natureza (UFU. Impresso)","B2",2008
"1982-4513","GEOGRAFIA                                         ","Sociedade & Natureza (UFU. Online)","B2",2008
"1415-8566","GEOGRAFIA                                         ","Sociedade e Cultura (Impresso)","B5",2008
"0102-6992","GEOGRAFIA                                         ","Sociedade e Estado (UnB. Impresso)","B3",2008
"1415-5893","GEOGRAFIA                                         ","Sociedade e Território (Natal)","B4",2008
"1414-9869","GEOGRAFIA                                         ","Sociedade em Debate (UCPel)","C ",2008
"1517-4522","GEOGRAFIA                                         ","Sociologias (UFRGS. Impresso)","B2",2008
"1980-9743","GEOGRAFIA                                         ","Soils & Rocks","B4",2008
"0103-7021","GEOGRAFIA                                         ","Solos e Rochas (Cessou em 2006. Cont. ISSN 1980-9743 Soils & Rocks)","B2",2008
"1518-4765","GEOGRAFIA                                         ","Somanlu (UFAM)","C ",2008
"1014-5494","GEOGRAFIA                                         ","Sources Unesco","C ",2008
"0039-2936","GEOGRAFIA                                         ","Studi Emigrazione","B2",2008
"1678-3824","GEOGRAFIA                                         ","T&C Amazônia","C ",2008
"1145-3559","GEOGRAFIA                                         ","Taíra (Grenoble) (Cessou em 2004. Funfiu-se com ISSN 0769-0681 Iris (Grenoble))","B3",2008
"0104-3285","GEOGRAFIA                                         ","TECBAHIA","B5",2008
"1984-123X","GEOGRAFIA                                         ","Technè: Revista de Ciência, Ensino e Formação","C ",2008
"0040-1951","GEOGRAFIA                                         ","Tectonophysics (Amsterdam)","A2",2008
"0280-6509","GEOGRAFIA                                         ","Tellus. Series B, Chemical and Physical Meteorology","A2",2008
"1982-4637","GEOGRAFIA                                         ","Temas de Administração Pública (UNESP. Araraquara)","B4",2008
"1983-8565","GEOGRAFIA                                         ","Temas em Administração","C ",2008
"1413-2486","GEOGRAFIA                                         ","Temáticas (UNICAMP)","B5",2008
"0103-569X","GEOGRAFIA                                         ","Tempo e Presença (Impresso)","B4",2008
"1518-6229","GEOGRAFIA                                         ","Temporis(ação) (UEG)","C ",2008
"1517-4689","GEOGRAFIA                                         ","Tempos Históricos (EDUNIOESTE)","B5",2008
"1518-6393","GEOGRAFIA                                         ","Teoria e Prática na Engenharia Civil (Impresso)","C ",2008
"1981-6537","GEOGRAFIA                                         ","Terr@ Plural (UEPG. Impresso)","B4",2008
"1982-095X","GEOGRAFIA                                         ","Terr@ Plural (UEPG. Online)","B4",2008
"1519-1265","GEOGRAFIA                                         ","Terra Brasilis (Rio de Janeiro)","B3",2008
"0102-8030","GEOGRAFIA                                         ","Terra Livre","A2",2008
"1679-2270","GEOGRAFIA                                         ","Terrae (Campinas. Impresso)","B4",2008
"1806-5554","GEOGRAFIA                                         ","Território (UFRJ)","C ",2008
"1679-2041","GEOGRAFIA                                         ","Textos & Contextos (Salvador)","B4",2008
"1676-7055","GEOGRAFIA                                         ","Textos Didáticos (UNICAMP)","C ",2008
"1413-9987","GEOGRAFIA                                         ","Textos e Debates (UFRR)","B5",2008
"1809-7812","GEOGRAFIA                                         ","Textura (Cruz das Almas)","C ",2008
"0003-1232","GEOGRAFIA                                         ","The American Sociologist","B1",2008
"1678-9199","GEOGRAFIA                                         ","The Journal of Venomous Animals and Toxins Including Tropical Diseases (Online)","B2",2008
"0177-798X","GEOGRAFIA                                         ","Theoretical and Applied Climatology","A2",2008
"1517-1000","GEOGRAFIA                                         ","Todas as Letras (São Paulo. Impresso)","C ",2008
"1519-3934","GEOGRAFIA                                         ","Tópicos em Ciência do Solo","B4",2008
"1678-1007","GEOGRAFIA                                         ","Trabalho, Educação e Saúde (Impresso)","B3",2008
"1676-3033","GEOGRAFIA                                         ","Trajetos (UFC)","B5",2008
"0020-2754","GEOGRAFIA                                         ","Transactions - Institute of British Geographers (1965)","A1",2008
"0103-5576","GEOGRAFIA                                         ","Travessia (Sao Paulo)","B4",2008
"0101-9570","GEOGRAFIA                                         ","Travessia (UFSC)","B5",2008
"1405-8928","GEOGRAFIA                                         ","Trayectorias. Revista de Ciencias Sociales de la Universidad Autonoma de Nuevo Leon","B3",2008
"1679-3005","GEOGRAFIA                                         ","Tropical Oceanography (Impresso)","B3",2008
"1679-2157","GEOGRAFIA                                         ","Turismo & Ciência","B5",2008
"0103-5541","GEOGRAFIA                                         ","Turismo em Analise (Cessou em 2007. Cont. ISSN 1984-4867 Revista Turismo em Análise)","B5",2008
"1415-6393","GEOGRAFIA                                         ","Turismo. Visão e Ação (Itajaí) (Cessou em 2007)","B4",2008
"1806-0218","GEOGRAFIA                                         ","Uáquiri (UFAC)","B5",2008
"1806-7921","GEOGRAFIA                                         ","UEG em Revista (Cessou em 2007. Cont. ISSN 1983-8824 História em Revista (Quirinópolis))","C ",2008
"1657-4249","GEOGRAFIA                                         ","Uni-pluri (Medellin)","C ",2008
"1518-8280","GEOGRAFIA                                         ","Unijus (Uberaba)","C ",2008
"1517-1779","GEOGRAFIA                                         ","Universidade e Sociedade (Brasília)","C ",2008
"1415-2517","GEOGRAFIA                                         ","Universitária (Associação de Ensino Marechal Cândido Rondon)","C ",2008
"1517-9427","GEOGRAFIA                                         ","UNOPAR Científica. Ciências Jurídicas e Empresariais","C ",2008
"1809-2780","GEOGRAFIA                                         ","USJ em Revista","C ",2008
"0104-8775","GEOGRAFIA                                         ","Varia História (UFMG. Impresso)","B3",2008
"1133-598X","GEOGRAFIA                                         ","Vegueta (Las Palmas de Gran Canaria)","B5",2008
"1676-0131","GEOGRAFIA                                         ","Via Teológica","C ",2008
"1808-9011","GEOGRAFIA                                         ","Virtú (UFJF)","B5",2008
"1516-2982","GEOGRAFIA                                         ","Visão Global","C ",2008
"0104-3064","GEOGRAFIA                                         ","Vivencia (UFRN)","B4",2008
"0277-5212","GEOGRAFIA                                         ","Wetlands (Wilmington, N.C.)","B1",2008
"0923-4861","GEOGRAFIA                                         ","Wetlands Ecology and Management","B1",2008
"0372-8854","GEOGRAFIA                                         ","Zeitschrift für Geomorphologie","A2",2008
"0044-2798","GEOGRAFIA                                         ","Zeitschrift für Geomorphologie. Supplementband","B1",2008
"1982-9108","GEOGRAFIA                                         ","Zona de Impacto","C ",2008
