"1516-3210","CIÊNCIA POLÍTICA E RELAÇÕES INTERNACIONAIS        ","A&C. Revista de Direito Administrativo & Constitucional (Impresso)","B2",2008,
"1677-8855","CIÊNCIA POLÍTICA E RELAÇÕES INTERNACIONAIS        ","Achegas.net","B5",2008,
"0001-6810","CIÊNCIA POLÍTICA E RELAÇÕES INTERNACIONAIS        ","Acta Politica (Meppel)","B5",2008,
"0994-4524","CIÊNCIA POLÍTICA E RELAÇÕES INTERNACIONAIS        ","Actuel Marx","B2",2008,
"0104-8503","CIÊNCIA POLÍTICA E RELAÇÕES INTERNACIONAIS        ","ADB (Brasília)","B5",2008,
"1850-2040","CIÊNCIA POLÍTICA E RELAÇÕES INTERNACIONAIS        ","Ágora Internacional","B3",2008,
"1413-2591","CIÊNCIA POLÍTICA E RELAÇÕES INTERNACIONAIS        ","Alcance (UNIVALI) (Cessou em 2007)","B5",2008,
"1634-6386","CIÊNCIA POLÍTICA E RELAÇÕES INTERNACIONAIS        ","Alternatives Internationales","B3",2008,
"1809-4422","CIÊNCIA POLÍTICA E RELAÇÕES INTERNACIONAIS        ","Ambiente & Sociedade (Online)","B1",2008,
"1414-753X","CIÊNCIA POLÍTICA E RELAÇÕES INTERNACIONAIS        ","Ambiente e Sociedade (Campinas)","B1",2008,
"1390-1230","CIÊNCIA POLÍTICA E RELAÇÕES INTERNACIONAIS        ","America Latina en Movimiento","B3",2008,
"1130-2887","CIÊNCIA POLÍTICA E RELAÇÕES INTERNACIONAIS        ","América Latina Hoy","A1",2008,
"1936-797X","CIÊNCIA POLÍTICA E RELAÇÕES INTERNACIONAIS        ","Americas Quarterly","A1",2008,
"1807-1090","CIÊNCIA POLÍTICA E RELAÇÕES INTERNACIONAIS        ","Amicus Curiae (UNESC)","C ",2008,
"1516-2680","CIÊNCIA POLÍTICA E RELAÇÕES INTERNACIONAIS        ","Análise (PUCRS)","C ",2008,
"1809-8924","CIÊNCIA POLÍTICA E RELAÇÕES INTERNACIONAIS        ","Análise de Conjuntura OPSA","B2",2008,
"0003-2573","CIÊNCIA POLÍTICA E RELAÇÕES INTERNACIONAIS        ","Análise Social","A1",2008,
"0066-3085","CIÊNCIA POLÍTICA E RELAÇÕES INTERNACIONAIS        ","Annuaire Français de Droit International","B1",2008,
"1808-9194","CIÊNCIA POLÍTICA E RELAÇÕES INTERNACIONAIS        ","Antítese (Goiânia)","C ",2008,
"1984-3356","CIÊNCIA POLÍTICA E RELAÇÕES INTERNACIONAIS        ","Antíteses (Londrina)","C ",2008,
"1414-7378","CIÊNCIA POLÍTICA E RELAÇÕES INTERNACIONAIS        ","Antropolítica (UFF)","B5",2008,
"1982-1050","CIÊNCIA POLÍTICA E RELAÇÕES INTERNACIONAIS        ","Antropos (Manaus)","B5",2008,
"1575-6823","CIÊNCIA POLÍTICA E RELAÇÕES INTERNACIONAIS        ","Araucaria (Madrid)","B4",2008,
"0044-8613","CIÊNCIA POLÍTICA E RELAÇÕES INTERNACIONAIS        ","Archipel (Paris)","B4",2008,
"0328-3151","CIÊNCIA POLÍTICA E RELAÇÕES INTERNACIONAIS        ","Archivos del Presente","B1",2008,
"0338-3520","CIÊNCIA POLÍTICA E RELAÇÕES INTERNACIONAIS        ","Armées d'Aujourd'hui","B1",2008,
"1517-5987","CIÊNCIA POLÍTICA E RELAÇÕES INTERNACIONAIS        ","Arquivos de Direitos Humanos (Rio de Janeiro)","B4",2008,
"1035-7718","CIÊNCIA POLÍTICA E RELAÇÕES INTERNACIONAIS        ","Australian Journal of International Affairs","C ",2008,
"0100-199X","CIÊNCIA POLÍTICA E RELAÇÕES INTERNACIONAIS        ","BIB. Boletim Informativo e Bibliogrãfico de Ciências Sociais (Cessou em 1995) Cont. como: 1516-8085 BIB. Revista Brasileira de Informação Bibliografica em Ciências Sociais)","B1",2008,
"1516-8085","CIÊNCIA POLÍTICA E RELAÇÕES INTERNACIONAIS        ","BIB. Revista Brasileira de Informação Bibliográfica em Ciências Sociais","B1",2008,
"1562-4730","CIÊNCIA POLÍTICA E RELAÇÕES INTERNACIONAIS        ","Biblios (Lima)","B2",2008,
"1982-1522","CIÊNCIA POLÍTICA E RELAÇÕES INTERNACIONAIS        ","Boletim CEDES","B3",2008,
"1983-6414","CIÊNCIA POLÍTICA E RELAÇÕES INTERNACIONAIS        ","Boletim Clubjus","C ",2008,
"1981-8122","CIÊNCIA POLÍTICA E RELAÇÕES INTERNACIONAIS        ","Boletim do Museu Paraense Emílio Goeldi. Ciências Humanas","B2",2008,
"1809-8827","CIÊNCIA POLÍTICA E RELAÇÕES INTERNACIONAIS        ","Boletim OPSA","B4",2008,
"0102-549X","CIÊNCIA POLÍTICA E RELAÇÕES INTERNACIONAIS        ","Boletim Técnico do SENAC","B5",2008,
"1981-3384","CIÊNCIA POLÍTICA E RELAÇÕES INTERNACIONAIS        ","Boletim Tempo Presente (UFRJ)","B5",2008,
"1981-3821","CIÊNCIA POLÍTICA E RELAÇÕES INTERNACIONAIS        ","Brazilian Political Science Review","A2",2008,
"0068-2691","CIÊNCIA POLÍTICA E RELAÇÕES INTERNACIONAIS        ","British Year Book of International Law","B2",2008,
"0261-3050","CIÊNCIA POLÍTICA E RELAÇÕES INTERNACIONAIS        ","Bulletin of Latin American Research","A1",2008,
"0096-3402","CIÊNCIA POLÍTICA E RELAÇÕES INTERNACIONAIS        ","Bulletin of the Atomic Scientists (Cessou em 2008. Cont. ISSN 1938-3282 Bulletin of the Atomic Scientists (Online))","C ",2008,
"0101-7780","CIÊNCIA POLÍTICA E RELAÇÕES INTERNACIONAIS        ","Caderno CEDEC","B2",2008,
"0103-4979","CIÊNCIA POLÍTICA E RELAÇÕES INTERNACIONAIS        ","Caderno CRH (UFBA. Impresso)","B3",2008,
"1519-0951","CIÊNCIA POLÍTICA E RELAÇÕES INTERNACIONAIS        ","Cadernos ADENAUER (São Paulo)","B2",2008,
"1677-9010","CIÊNCIA POLÍTICA E RELAÇÕES INTERNACIONAIS        ","Cadernos Aslegis (Impresso)","C ",2008,
"1980-2099","CIÊNCIA POLÍTICA E RELAÇÕES INTERNACIONAIS        ","Cadernos Cemarx","B4",2008,
"1679-3366","CIÊNCIA POLÍTICA E RELAÇÕES INTERNACIONAIS        ","Cadernos da Escola de Comunicação (Unibrasil)","C ",2008,
"1676-8450","CIÊNCIA POLÍTICA E RELAÇÕES INTERNACIONAIS        ","Cadernos da Escola do Legislativo","B3",2008,
"1808-9372","CIÊNCIA POLÍTICA E RELAÇÕES INTERNACIONAIS        ","Cadernos da FESPSP","C ",2008,
"1808-0758","CIÊNCIA POLÍTICA E RELAÇÕES INTERNACIONAIS        ","Cadernos de Estudos - Secretaria de Avaliação e Gestão da Informação","B5",2008,
"0102-4248","CIÊNCIA POLÍTICA E RELAÇÕES INTERNACIONAIS        ","Cadernos de Estudos Sociais","C ",2008,
"0102-311X","CIÊNCIA POLÍTICA E RELAÇÕES INTERNACIONAIS        ","Cadernos de Saúde Pública (ENSP. Impresso)","B1",2008,
"1809-1814","CIÊNCIA POLÍTICA E RELAÇÕES INTERNACIONAIS        ","Cadernos de Sociologia e Política (Online)","B4",2008,
"1676-143X","CIÊNCIA POLÍTICA E RELAÇÕES INTERNACIONAIS        ","Cadernos do Curso de Direito (Teresópolis)","C ",2008,
"0101-7993","CIÊNCIA POLÍTICA E RELAÇÕES INTERNACIONAIS        ","Cadernos do Terceiro Mundo","B4",2008,
"1679-3951","CIÊNCIA POLÍTICA E RELAÇÕES INTERNACIONAIS        ","Cadernos EBAPE.BR (FGV)","B3",2008,
"0104-7078","CIÊNCIA POLÍTICA E RELAÇÕES INTERNACIONAIS        ","Cadernos ENAP","B4",2008,
"1519-4639","CIÊNCIA POLÍTICA E RELAÇÕES INTERNACIONAIS        ","Cadernos Geográficos (UFSC)","B5",2008,
"1517-2422","CIÊNCIA POLÍTICA E RELAÇÕES INTERNACIONAIS        ","Cadernos Metrópole (PUCSP)","C ",2008,
"0104-8333","CIÊNCIA POLÍTICA E RELAÇÕES INTERNACIONAIS        ","Cadernos Pagu (UNICAMP. Impresso)","B1",2008,
"1676-6288","CIÊNCIA POLÍTICA E RELAÇÕES INTERNACIONAIS        ","Cadernos PROLAM/USP","B4",2008,
"0989-5191","CIÊNCIA POLÍTICA E RELAÇÕES INTERNACIONAIS        ","Cahiers du Brésil Contemporain","B1",2008,
"0826-3663","CIÊNCIA POLÍTICA E RELAÇÕES INTERNACIONAIS        ","Canadian Journal of Latin American and Caribbean Studies","A2",2008,
"1517-6916","CIÊNCIA POLÍTICA E RELAÇÕES INTERNACIONAIS        ","CAOS. Revista Eletrônica de Ciências Sociais","B5",2008,
"1414-221X","CIÊNCIA POLÍTICA E RELAÇÕES INTERNACIONAIS        ","Caros Amigos","C ",2008,
"1413-0904","CIÊNCIA POLÍTICA E RELAÇÕES INTERNACIONAIS        ","Carta Internacional (USP)","B5",2008,
"1518-1200","CIÊNCIA POLÍTICA E RELAÇÕES INTERNACIONAIS        ","Cena Internacional (UnB)","B2",2008,
"1982-3347","CIÊNCIA POLÍTICA E RELAÇÕES INTERNACIONAIS        ","Cena Internacional (UnB. Impresso)","B2",2008,
"1981-9102","CIÊNCIA POLÍTICA E RELAÇÕES INTERNACIONAIS        ","Cenário Internacional","B4",2008,
"1540-1650","CIÊNCIA POLÍTICA E RELAÇÕES INTERNACIONAIS        ","Chinese Journal of International Law (Boulder, Colo.)","A1",2008,
"0327-4063","CIÊNCIA POLÍTICA E RELAÇÕES INTERNACIONAIS        ","Ciclos en la Historia, la Economía y la Sociedad","B1",2008,
"0100-1965","CIÊNCIA POLÍTICA E RELAÇÕES INTERNACIONAIS        ","Ciência da Informação (Impresso)","B2",2008,
"1413-8123","CIÊNCIA POLÍTICA E RELAÇÕES INTERNACIONAIS        ","Ciência e Saúde Coletiva (Impresso)","B1",2008,
"1809-9742","CIÊNCIA POLÍTICA E RELAÇÕES INTERNACIONAIS        ","Ciência em Rede","B4",2008,
"0101-8515","CIÊNCIA POLÍTICA E RELAÇÕES INTERNACIONAIS        ","Ciência Hoje","B5",2008,
"0102-4868","CIÊNCIA POLÍTICA E RELAÇÕES INTERNACIONAIS        ","Ciências & Letras (FAPA. Impresso)","C ",2008,
"1678-8192","CIÊNCIA POLÍTICA E RELAÇÕES INTERNACIONAIS        ","Ciências Humanas em Revista (UFMA)","C ",2008,
"1677-9665","CIÊNCIA POLÍTICA E RELAÇÕES INTERNACIONAIS        ","Ciências Sociais em Perspectiva (Impresso)","C ",2008,
"1519-7050","CIÊNCIA POLÍTICA E RELAÇÕES INTERNACIONAIS        ","Ciências Sociais Unisinos","C ",2008,
"0187-8611","CIÊNCIA POLÍTICA E RELAÇÕES INTERNACIONAIS        ","Ciudades (Puebla)","B1",2008,
"1519-6089","CIÊNCIA POLÍTICA E RELAÇÕES INTERNACIONAIS        ","Civitas: Revista de Ciências Sociais (Impresso)","B4",2008,
"0121-5612","CIÊNCIA POLÍTICA E RELAÇÕES INTERNACIONAIS        ","Colombia Internacional","B2",2008,
"0010-1931","CIÊNCIA POLÍTICA E RELAÇÕES INTERNACIONAIS        ","Columbia Journal of Transnational Law","A1",2008,
"1519-7654","CIÊNCIA POLÍTICA E RELAÇÕES INTERNACIONAIS        ","ComCiência (UNICAMP)","B4",2008,
"1676-3475","CIÊNCIA POLÍTICA E RELAÇÕES INTERNACIONAIS        ","Communicare (São Paulo)","C ",2008,
"0279-1196","CIÊNCIA POLÍTICA E RELAÇÕES INTERNACIONAIS        ","Communicare (Wichita, Kan.)","C ",2008,
"0305-0068","CIÊNCIA POLÍTICA E RELAÇÕES INTERNACIONAIS        ","Comparative Education (Print)","B1",2008,
"0010-4159","CIÊNCIA POLÍTICA E RELAÇÕES INTERNACIONAIS        ","Comparative Politics","A2",2008,
"0195-6310","CIÊNCIA POLÍTICA E RELAÇÕES INTERNACIONAIS        ","Comparative Social Research","B1",2008,
"0360-1315","CIÊNCIA POLÍTICA E RELAÇÕES INTERNACIONAIS        ","Computers and Education","B1",2008,
"1809-6794","CIÊNCIA POLÍTICA E RELAÇÕES INTERNACIONAIS        ","Comunicação & Estratégia","B5",2008,
"1415-5842","CIÊNCIA POLÍTICA E RELAÇÕES INTERNACIONAIS        ","Comunicação & Informação (UFG)","C ",2008,
"0102-6925","CIÊNCIA POLÍTICA E RELAÇÕES INTERNACIONAIS        ","Comunicação & Política","B2",2008,
"1806-4981","CIÊNCIA POLÍTICA E RELAÇÕES INTERNACIONAIS        ","Comunicação, Mídia e Consumo (São Paulo. Impresso)","B5",2008,
"1536-5581","CIÊNCIA POLÍTICA E RELAÇÕES INTERNACIONAIS        ","Conflict Resolution Quarterly","A1",2008,
"1678-7145","CIÊNCIA POLÍTICA E RELAÇÕES INTERNACIONAIS        ","Confluências (Niterói)","B2",2008,
"0010-5945","CIÊNCIA POLÍTICA E RELAÇÕES INTERNACIONAIS        ","Conjuntura Economica (Rio de Janeiro)","B2",2008,
"1809-6182","CIÊNCIA POLÍTICA E RELAÇÕES INTERNACIONAIS        ","Conjuntura Internacional (Belo Horizonte. Online)","B5",2008,
"0103-2364","CIÊNCIA POLÍTICA E RELAÇÕES INTERNACIONAIS        ","Consciência (FACEPAL)","C ",2008,
"0094-3061","CIÊNCIA POLÍTICA E RELAÇÕES INTERNACIONAIS        ","Contemporary Sociology (Washington)","C ",2008,
"0102-8529","CIÊNCIA POLÍTICA E RELAÇÕES INTERNACIONAIS        ","Contexto Internacional (PUCRJ. Impresso)","A2",2008,
"1665-8965","CIÊNCIA POLÍTICA E RELAÇÕES INTERNACIONAIS        ","Contrahistorias","C ",2008,
"1807-9326","CIÊNCIA POLÍTICA E RELAÇÕES INTERNACIONAIS        ","Contributions to the History of Concepts (Rio de Janeiro)","A1",2008,
"1517-6975","CIÊNCIA POLÍTICA E RELAÇÕES INTERNACIONAIS        ","Convenit Internacional (USP)","B3",2008,
"0010-8812","CIÊNCIA POLÍTICA E RELAÇÕES INTERNACIONAIS        ","Cornell International Law Journal","C ",2008,
"1808-2661","CIÊNCIA POLÍTICA E RELAÇÕES INTERNACIONAIS        ","Correio Braziliense","B5",2008,
"1749-8457","CIÊNCIA POLÍTICA E RELAÇÕES INTERNACIONAIS        ","Critica (London)","C ",2008,
"0011-152X","CIÊNCIA POLÍTICA E RELAÇÕES INTERNACIONAIS        ","Critica Marxista (Roma)","A2",2008,
"0104-9321","CIÊNCIA POLÍTICA E RELAÇÕES INTERNACIONAIS        ","Critica Marxista (São Paulo)","B2",2008,
"1679-7655","CIÊNCIA POLÍTICA E RELAÇÕES INTERNACIONAIS        ","Crítica Social (Rio de Janeiro)","C ",2008,
"1981-2140","CIÊNCIA POLÍTICA E RELAÇÕES INTERNACIONAIS        ","CSOnline (UFJF)","B4",2008,
"1474-578X","CIÊNCIA POLÍTICA E RELAÇÕES INTERNACIONAIS        ","CTIS Occasional Papers","B2",2008,
"0011-2356","CIÊNCIA POLÍTICA E RELAÇÕES INTERNACIONAIS        ","Cuadernos Americanos","B2",2008,
"0326-7806","CIÊNCIA POLÍTICA E RELAÇÕES INTERNACIONAIS        ","Cuadernos de Política Exterior Argentina","B3",2008,
,"CIÊNCIA POLÍTICA E RELAÇÕES INTERNACIONAIS        ","Cuadernos sobrerelaciones internacionales:regionalismo y desarrollo","B2",2008,
"1157-996X","CIÊNCIA POLÍTICA E RELAÇÕES INTERNACIONAIS        ","Cultures et Conflits (Revue)","A2",2008,
"1981-6030","CIÊNCIA POLÍTICA E RELAÇÕES INTERNACIONAIS        ","Custo Brasil","B5",2008,
"0011-5258","CIÊNCIA POLÍTICA E RELAÇÕES INTERNACIONAIS        ","Dados (Rio de Janeiro. Impresso)","A1",2008,
"1678-5363","CIÊNCIA POLÍTICA E RELAÇÕES INTERNACIONAIS        ","Data Venia","B4",2008,
"1517-3801","CIÊNCIA POLÍTICA E RELAÇÕES INTERNACIONAIS        ","Datagramazero (Rio de Janeiro)","B4",2008,
"1519-843X","CIÊNCIA POLÍTICA E RELAÇÕES INTERNACIONAIS        ","Debates do NER (UFRGS. Impresso)","B3",2008,
"1415-1499","CIÊNCIA POLÍTICA E RELAÇÕES INTERNACIONAIS        ","Democracia Viva","C ",2008,
"1850-132X","CIÊNCIA POLÍTICA E RELAÇÕES INTERNACIONAIS        ","Derecho Internacional y de la Integración","B2",2008,
"0120-3584","CIÊNCIA POLÍTICA E RELAÇÕES INTERNACIONAIS        ","Desarrollo y Sociedad","B1",2008,
"1806-9746","CIÊNCIA POLÍTICA E RELAÇÕES INTERNACIONAIS        ","Desvendando a História (São Paulo)","C ",2008,
"0961-4524","CIÊNCIA POLÍTICA E RELAÇÕES INTERNACIONAIS        ","Development in Practice (Print)","A1",2008,
"1600-0110","CIÊNCIA POLÍTICA E RELAÇÕES INTERNACIONAIS        ","Diálogos Latinoamericanos","B3",2008,
"1409-469X","CIÊNCIA POLÍTICA E RELAÇÕES INTERNACIONAIS        ","Diálogos Revista Electrónica Semestral de Historia-Universidad de Costa Rica","B3",2008,
"0101-4218","CIÊNCIA POLÍTICA E RELAÇÕES INTERNACIONAIS        ","Digesto Econômico","B3",2008,
"0959-2296","CIÊNCIA POLÍTICA E RELAÇÕES INTERNACIONAIS        ","Diplomacy and Statecraft","B1",2008,
"1678-0779","CIÊNCIA POLÍTICA E RELAÇÕES INTERNACIONAIS        ","Direito em Revista (Rolândia)","C ",2008,
"1516-6104","CIÊNCIA POLÍTICA E RELAÇÕES INTERNACIONAIS        ","Direito, Estado e Sociedade (Impresso)","B3",2008,
"1806-8596","CIÊNCIA POLÍTICA E RELAÇÕES INTERNACIONAIS        ","Discutindo a Geografia (Cessou em 2008. Cont. ISSN 1984-0101 Conhecimento Prático Geografia)","C ",2008,
"0338-4454","CIÊNCIA POLÍTICA E RELAÇÕES INTERNACIONAIS        ","Documents d'Actualité Internationale (Cessou em 2004)","B3",2008,
"0769-3362","CIÊNCIA POLÍTICA E RELAÇÕES INTERNACIONAIS        ","Droit et Société (Paris. 1985)","C ",2008,
"1647-0737","CIÊNCIA POLÍTICA E RELAÇÕES INTERNACIONAIS        ","E-cadernos CES (Online)","B2",2008,
"1984-2716","CIÊNCIA POLÍTICA E RELAÇÕES INTERNACIONAIS        ","E-Civitas (Belo Horizonte)","B5",2008,
"1413-8050","CIÊNCIA POLÍTICA E RELAÇÕES INTERNACIONAIS        ","Economia Aplicada (Impresso)","B4",2008,
"0104-0618","CIÊNCIA POLÍTICA E RELAÇÕES INTERNACIONAIS        ","Economia e Sociedade (UNICAMP. Impresso)","B2",2008,
"1808-298X","CIÊNCIA POLÍTICA E RELAÇÕES INTERNACIONAIS        ","Economia Política Internacional","C ",2008,
"1240-8093","CIÊNCIA POLÍTICA E RELAÇÕES INTERNACIONAIS        ","Economie Internationale (Paris)","B3",2008,
"1012-1498","CIÊNCIA POLÍTICA E RELAÇÕES INTERNACIONAIS        ","Ecuador Debate","B3",2008,
"1415-9902","CIÊNCIA POLÍTICA E RELAÇÕES INTERNACIONAIS        ","Educação & Linguagem","C ",2008,
"0101-7330","CIÊNCIA POLÍTICA E RELAÇÕES INTERNACIONAIS        ","Educação & Sociedade (Impresso)","B2",2008,
"1519-387X","CIÊNCIA POLÍTICA E RELAÇÕES INTERNACIONAIS        ","Educação Unisinos","C ",2008,
"1668-1789","CIÊNCIA POLÍTICA E RELAÇÕES INTERNACIONAIS        ","El Debate Político","B3",2008,
"0261-3794","CIÊNCIA POLÍTICA E RELAÇÕES INTERNACIONAIS        ","Electoral Studies","A1",2008,
"1414-8609","CIÊNCIA POLÍTICA E RELAÇÕES INTERNACIONAIS        ","Em Pauta (Rio De Janeiro)","B5",2008,
"1806-5023","CIÊNCIA POLÍTICA E RELAÇÕES INTERNACIONAIS        ","Em Tese (Florianópolis)","C ",2008,
"0101-1723","CIÊNCIA POLÍTICA E RELAÇÕES INTERNACIONAIS        ","Ensaios FEE (Impresso)","B4",2008,
"1569-3430","CIÊNCIA POLÍTICA E RELAÇÕES INTERNACIONAIS        ","Environmental Sciences (Lisse. Print)","A2",2008,
"0798-1015","CIÊNCIA POLÍTICA E RELAÇÕES INTERNACIONAIS        ","Espacios (Caracas)","B3",2008,
"1516-9375","CIÊNCIA POLÍTICA E RELAÇÕES INTERNACIONAIS        ","Espaço e Geografia (UnB)","B3",2008,
"1519-5899","CIÊNCIA POLÍTICA E RELAÇÕES INTERNACIONAIS        ","Espaço Jurídico","B4",2008,
"1697-0764","CIÊNCIA POLÍTICA E RELAÇÕES INTERNACIONAIS        ","Estrategia Global","B4",2008,
"0185-0164","CIÊNCIA POLÍTICA E RELAÇÕES INTERNACIONAIS        ","Estudios de Asia y Africa","A2",2008,
"1024-1884","CIÊNCIA POLÍTICA E RELAÇÕES INTERNACIONAIS        ","Estudios Internacionales (Ciudad de Guatemala)","B4",2008,
"0716-0240","CIÊNCIA POLÍTICA E RELAÇÕES INTERNACIONAIS        ","Estudios Internacionales (Santiago)","B2",2008,
"0326-7458","CIÊNCIA POLÍTICA E RELAÇÕES INTERNACIONAIS        ","Estudios Migratorios Latinoamericanos","C ",2008,
"0717-6392","CIÊNCIA POLÍTICA E RELAÇÕES INTERNACIONAIS        ","Estudios Político Militares","B3",2008,
"0103-0876","CIÊNCIA POLÍTICA E RELAÇÕES INTERNACIONAIS        ","Estudos (UCGO. Impresso)","C ",2008,
"0103-4014","CIÊNCIA POLÍTICA E RELAÇÕES INTERNACIONAIS        ","Estudos Avançados (USP. Impresso)","B1",2008,
"1414-9419","CIÊNCIA POLÍTICA E RELAÇÕES INTERNACIONAIS        ","Estudos CEDHAL","B3",2008,
"1415-000X","CIÊNCIA POLÍTICA E RELAÇÕES INTERNACIONAIS        ","Estudos de Sociologia (Recife)","B1",2008,
"1414-0144","CIÊNCIA POLÍTICA E RELAÇÕES INTERNACIONAIS        ","Estudos de Sociologia (São Paulo)","B3",2008,
"1645-3530","CIÊNCIA POLÍTICA E RELAÇÕES INTERNACIONAIS        ","Estudos do Século XX","B1",2008,
"0103-2186","CIÊNCIA POLÍTICA E RELAÇÕES INTERNACIONAIS        ","Estudos Historicos (Rio de Janeiro)","B1",2008,
"0101-4064","CIÊNCIA POLÍTICA E RELAÇÕES INTERNACIONAIS        ","Estudos Ibero-Americanos (PUCRS. Impresso)","B3",2008,
"1413-8093","CIÊNCIA POLÍTICA E RELAÇÕES INTERNACIONAIS        ","Ethica (UGF)","B1",2008,
"0892-6794","CIÊNCIA POLÍTICA E RELAÇÕES INTERNACIONAIS        ","Ethics & International Affairs","C ",2008,
"1983-1935","CIÊNCIA POLÍTICA E RELAÇÕES INTERNACIONAIS        ","Ethnic: Revista Brasileira de Estudos Interculturais","C ",2008,
"1744-9057","CIÊNCIA POLÍTICA E RELAÇÕES INTERNACIONAIS        ","Ethnopolitics (Print)","B2",2008,
"0014-2123","CIÊNCIA POLÍTICA E RELAÇÕES INTERNACIONAIS        ","Études Internationales (Québec)","B1",2008,
"1828-0692","CIÊNCIA POLÍTICA E RELAÇÕES INTERNACIONAIS        ","EURASIA. Rivista di Studi Geopolitici","A2",2008,
"0966-8136","CIÊNCIA POLÍTICA E RELAÇÕES INTERNACIONAIS        ","Europe-Asia Studies","C ",2008,
"0272-4626","CIÊNCIA POLÍTICA E RELAÇÕES INTERNACIONAIS        ","European Applied Research Reports. Environment and natural resources section","B3",2008,
"1983-9065","CIÊNCIA POLÍTICA E RELAÇÕES INTERNACIONAIS        ","Examãpaku (Boa Vista)","B3",2008,
"1519-6895","CIÊNCIA POLÍTICA E RELAÇÕES INTERNACIONAIS        ","Extraprensa (USP)","B3",2008,
"1677-0439","CIÊNCIA POLÍTICA E RELAÇÕES INTERNACIONAIS        ","Faz Ciência (UNIOESTE. Impresso)","B5",2008,
"1807-6971","CIÊNCIA POLÍTICA E RELAÇÕES INTERNACIONAIS        ","Fênix (UFU. Online)","C ",2008,
"1703-7964","CIÊNCIA POLÍTICA E RELAÇÕES INTERNACIONAIS        ","Focal Point (Canadian Foundation for the Americas. Online)","C ",2008,
"0015-704X","CIÊNCIA POLÍTICA E RELAÇÕES INTERNACIONAIS        ","Fordham Law Review","A2",2008,
"1665-1707","CIÊNCIA POLÍTICA E RELAÇÕES INTERNACIONAIS        ","Foreign Affairs en Español","B1",2008,
"0185-013X","CIÊNCIA POLÍTICA E RELAÇÕES INTERNACIONAIS        ","Foro Internacional","A2",2008,
"1983-7828","CIÊNCIA POLÍTICA E RELAÇÕES INTERNACIONAIS        ","Fragmentos de Cultura (Online)","B5",2008,
"1679-5377","CIÊNCIA POLÍTICA E RELAÇÕES INTERNACIONAIS        ","Fronteira (PUCMG)","C ",2008,
"0016-3287","CIÊNCIA POLÍTICA E RELAÇÕES INTERNACIONAIS        ","Futures (London)","A2",2008,
"0337-307X","CIÊNCIA POLÍTICA E RELAÇÕES INTERNACIONAIS        ","Futuribles (Paris)","B1",2008,
"1807-5436","CIÊNCIA POLÍTICA E RELAÇÕES INTERNACIONAIS        ","Gestão e Desenvolvimento (FEEVALE)","B5",2008,
"1980-5780","CIÊNCIA POLÍTICA E RELAÇÕES INTERNACIONAIS        ","Getulio (FGV)","B4",2008,
"1478-1158","CIÊNCIA POLÍTICA E RELAÇÕES INTERNACIONAIS        ","Global Change, Peace & Security (Print)","B1",2008,
"1360-0826","CIÊNCIA POLÍTICA E RELAÇÕES INTERNACIONAIS        ","Global Society","B1",2008,
"1809-6646","CIÊNCIA POLÍTICA E RELAÇÕES INTERNACIONAIS        ","Governet. Boletim de Licitações e Contratos","C ",2008,
"1667-3832","CIÊNCIA POLÍTICA E RELAÇÕES INTERNACIONAIS        ","Grumo (Buenos Aires)","C ",2008,
"1087-2221","CIÊNCIA POLÍTICA E RELAÇÕES INTERNACIONAIS        ","Harvard Jean Monnet Working Paper (Cessou em 2000. Cont. Jean Monnet Working Paper)","B2",2008,
"1809-1261","CIÊNCIA POLÍTICA E RELAÇÕES INTERNACIONAIS        ","Hegemonia (Brasília)","B5",2008,
"0898-3038","CIÊNCIA POLÍTICA E RELAÇÕES INTERNACIONAIS        ","Hemisphere (Cessou em 2008)","C ",2008,
"0329-6121","CIÊNCIA POLÍTICA E RELAÇÕES INTERNACIONAIS        ","Herramienta (Buenos Aires)","B3",2008,
"0951-5224","CIÊNCIA POLÍTICA E RELAÇÕES INTERNACIONAIS        ","Higher Education Quarterly (Print)","B1",2008,
"1679-9321","CIÊNCIA POLÍTICA E RELAÇÕES INTERNACIONAIS        ","Hiléia (UEA)","B5",2008,
"0103-409X","CIÊNCIA POLÍTICA E RELAÇÕES INTERNACIONAIS        ","Historia & Perspectivas (UFU)","C ",2008,
"0101-9074","CIÊNCIA POLÍTICA E RELAÇÕES INTERNACIONAIS        ","História (UNESP. Impresso) (Cessou em 2004)","B5",2008,
"1130-2402","CIÊNCIA POLÍTICA E RELAÇÕES INTERNACIONAIS        ","Historia Contemporánea","B5",2008,
"1414-6312","CIÊNCIA POLÍTICA E RELAÇÕES INTERNACIONAIS        ","História Revista (UFG. Impresso)","B5",2008,
"1519-3861","CIÊNCIA POLÍTICA E RELAÇÕES INTERNACIONAIS        ","História Unisinos","B5",2008,
"1517-2856","CIÊNCIA POLÍTICA E RELAÇÕES INTERNACIONAIS        ","História: Debates e Tendências (Passo Fundo)","B5",2008,
"1465-4466","CIÊNCIA POLÍTICA E RELAÇÕES INTERNACIONAIS        ","Historical Materialism","B2",2008,
"1668-5024","CIÊNCIA POLÍTICA E RELAÇÕES INTERNACIONAIS        ","Hologramática (Lomas de Zamora)","B3",2008,
"0174-4704","CIÊNCIA POLÍTICA E RELAÇÕES INTERNACIONAIS        ","Human Rights Law Journal","A2",2008,
"0308-0765","CIÊNCIA POLÍTICA E RELAÇÕES INTERNACIONAIS        ","Human Rights Review","A2",2008,
"1519-3446","CIÊNCIA POLÍTICA E RELAÇÕES INTERNACIONAIS        ","Humanitas (PUCCAMP)","B4",2008,
"1577-3388","CIÊNCIA POLÍTICA E RELAÇÕES INTERNACIONAIS        ","Iberoamericana (Madrid)","B3",2008,
"1516-6082","CIÊNCIA POLÍTICA E RELAÇÕES INTERNACIONAIS        ","Ícone (Recife) (Cessou em 2006. Cont. ISSN 2175-215X Ícone (Recife. Online))","B5",2008,
"0104-7876","CIÊNCIA POLÍTICA E RELAÇÕES INTERNACIONAIS        ","Ideias (UNICAMP)","C ",2008,
"0265-5012","CIÊNCIA POLÍTICA E RELAÇÕES INTERNACIONAIS        ","IDS Bulletin (Brighton. 1984)","B1",2008,
"0103-7676","CIÊNCIA POLÍTICA E RELAÇÕES INTERNACIONAIS        ","Impulso (Piracicaba)","C ",2008,
"1806-8987","CIÊNCIA POLÍTICA E RELAÇÕES INTERNACIONAIS        ","Indicadores Econômicos FEE (Online)","B4",2008,
"0539-0184","CIÊNCIA POLÍTICA E RELAÇÕES INTERNACIONAIS        ","Information sur les Sciences Sociales (Paris)","A2",2008,
"1517-6940","CIÊNCIA POLÍTICA E RELAÇÕES INTERNACIONAIS        ","Insight Inteligência (Rio de Janeiro)","B2",2008,
"1027-5703","CIÊNCIA POLÍTICA E RELAÇÕES INTERNACIONAIS        ","Integration & Trade","B3",2008,
"1807-1260","CIÊNCIA POLÍTICA E RELAÇÕES INTERNACIONAIS        ","Intellector (CENEGRI. Online)","B3",2008,
"1676-7640","CIÊNCIA POLÍTICA E RELAÇÕES INTERNACIONAIS        ","Intellèctus (UERJ. Online)","C ",2008,
"0268-4527","CIÊNCIA POLÍTICA E RELAÇÕES INTERNACIONAIS        ","Intelligence and National Security","C ",2008,
"1808-2831","CIÊNCIA POLÍTICA E RELAÇÕES INTERNACIONAIS        ","Inter Relações (São Paulo. Impresso)","B3",2008,
"1517-848X","CIÊNCIA POLÍTICA E RELAÇÕES INTERNACIONAIS        ","Interação (Varginha)","B5",2008,
"1982-8497","CIÊNCIA POLÍTICA E RELAÇÕES INTERNACIONAIS        ","Interesse Nacional","C ",2008,
"1519-0994","CIÊNCIA POLÍTICA E RELAÇÕES INTERNACIONAIS        ","Interfaces Brasil/Canadá (Impresso)","B5",2008,
"0020-5893","CIÊNCIA POLÍTICA E RELAÇÕES INTERNACIONAIS        ","International and Comparative Law Quarterly","C ",2008,
"0305-0629","CIÊNCIA POLÍTICA E RELAÇÕES INTERNACIONAIS        ","International Interactions","C ",2008,
"1470-9511","CIÊNCIA POLÍTICA E RELAÇÕES INTERNACIONAIS        ","International Journal of Automotive Technology and Management","A2",2008,
"0019-6398","CIÊNCIA POLÍTICA E RELAÇÕES INTERNACIONAIS        ","International Journal of Contemporary Sociology","A2",2008,
"0891-4486","CIÊNCIA POLÍTICA E RELAÇÕES INTERNACIONAIS        ","International Journal of Politics, Culture and Society","A1",2008,
"0954-2892","CIÊNCIA POLÍTICA E RELAÇÕES INTERNACIONAIS        ","International Journal of Public Opinion Research","B1",2008,
"1364-5579","CIÊNCIA POLÍTICA E RELAÇÕES INTERNACIONAIS        ","International Journal of Social Research Methodology (Print)","C ",2008,
"0020-7659","CIÊNCIA POLÍTICA E RELAÇÕES INTERNACIONAIS        ","International Journal of Sociology","A1",2008,
"1468-2427","CIÊNCIA POLÍTICA E RELAÇÕES INTERNACIONAIS        ","International Journal of Urban and Regional Research (Online)","C ",2008,
"0309-1317","CIÊNCIA POLÍTICA E RELAÇÕES INTERNACIONAIS        ","International Journal of Urban and Regional Research (Print)","C ",2008,
"0020-7829","CIÊNCIA POLÍTICA E RELAÇÕES INTERNACIONAIS        ","International Legal Materials","B3",2008,
"0020-8183","CIÊNCIA POLÍTICA E RELAÇÕES INTERNACIONAIS        ","International Organization (Print)","C ",2008,
"0192-5121","CIÊNCIA POLÍTICA E RELAÇÕES INTERNACIONAIS        ","International Political Science Review","A1",2008,
"1430-175X","CIÊNCIA POLÍTICA E RELAÇÕES INTERNACIONAIS        ","Internationale Politik (Bonn. Verl. für Internat. Politik)","C ",2008,
"1439-8443","CIÊNCIA POLÍTICA E RELAÇÕES INTERNACIONAIS        ","Internationale Politik (Frankfurt)","B2",2008,
"1517-6088","CIÊNCIA POLÍTICA E RELAÇÕES INTERNACIONAIS        ","Interseções (UERJ)","B2",2008,
"1807-1384","CIÊNCIA POLÍTICA E RELAÇÕES INTERNACIONAIS        ","INTERthesis (Florianópolis)","B3",2008,
"1369-801X","CIÊNCIA POLÍTICA E RELAÇÕES INTERNACIONAIS        ","Interventions (London)","B1",2008,
"1560-9073","CIÊNCIA POLÍTICA E RELAÇÕES INTERNACIONAIS        ","Investigaciones Sociales","B1",2008,
"1438-4752","CIÊNCIA POLÍTICA E RELAÇÕES INTERNACIONAIS        ","Jahrbuch fur Geschichte Lateinamerikas (1998) / Anuario de Historia de América Latina","B1",2008,
"1414-655X","CIÊNCIA POLÍTICA E RELAÇÕES INTERNACIONAIS        ","Jornal da Ciência","B3",2008,
"1045-5736","CIÊNCIA POLÍTICA E RELAÇÕES INTERNACIONAIS        ","Journal of Democracy","A1",2008,
"0169-796X","CIÊNCIA POLÍTICA E RELAÇÕES INTERNACIONAIS        ","Journal of Developing Societies","C ",2008,
"1408-6980","CIÊNCIA POLÍTICA E RELAÇÕES INTERNACIONAIS        ","Journal of International Relations & Development (Ljubljana. Tiskana izd.)","C ",2008,
"1356-9325","CIÊNCIA POLÍTICA E RELAÇÕES INTERNACIONAIS        ","Journal of Latin American Cultural Studies","A2",2008,
"0022-216X","CIÊNCIA POLÍTICA E RELAÇÕES INTERNACIONAIS        ","Journal of Latin American Studies (Print)","A1",2008,
"1357-2334","CIÊNCIA POLÍTICA E RELAÇÕES INTERNACIONAIS        ","Journal of Legislative Studies","C ",2008,
"1362-9387","CIÊNCIA POLÍTICA E RELAÇÕES INTERNACIONAIS        ","Journal of North African Studies","C ",2008,
"0022-3433","CIÊNCIA POLÍTICA E RELAÇÕES INTERNACIONAIS        ","Journal of Peace Research","C ",2008,
"1070-521X","CIÊNCIA POLÍTICA E RELAÇÕES INTERNACIONAIS        ","Journal of Public and International Affairs (Princeton, N.J.)","C ",2008,
"8755-3449","CIÊNCIA POLÍTICA E RELAÇÕES INTERNACIONAIS        ","Journal of Third World Studies","C ",2008,
"1518-4862","CIÊNCIA POLÍTICA E RELAÇÕES INTERNACIONAIS        ","Jus Navigandi","B3",2008,
"0103-5487","CIÊNCIA POLÍTICA E RELAÇÕES INTERNACIONAIS        ","Justiça do Trabalho","B4",2008,
"1676-7373","CIÊNCIA POLÍTICA E RELAÇÕES INTERNACIONAIS        ","Justilex (Brasília)","B4",2008,
"1262-1692","CIÊNCIA POLÍTICA E RELAÇÕES INTERNACIONAIS        ","L'Ordinaire Latino-Américain","B3",2008,
"1287-1672","CIÊNCIA POLÍTICA E RELAÇÕES INTERNACIONAIS        ","La Revue Internationale et Stratégique","A2",2008,
"0892-3507","CIÊNCIA POLÍTICA E RELAÇÕES INTERNACIONAIS        ","Lanic Etext Collection","B5",2008,
"0890-7218","CIÊNCIA POLÍTICA E RELAÇÕES INTERNACIONAIS        ","LASA Forum","B3",2008,
"1677-0358","CIÊNCIA POLÍTICA E RELAÇÕES INTERNACIONAIS        ","Latin American Journal of Fundamental Psychopathology On Line","B3",2008,
"0094-582X","CIÊNCIA POLÍTICA E RELAÇÕES INTERNACIONAIS        ","Latin American Perspectives","A1",2008,
"1531-426X","CIÊNCIA POLÍTICA E RELAÇÕES INTERNACIONAIS        ","Latin American Politics and Society","A1",2008,
"0023-8791","CIÊNCIA POLÍTICA E RELAÇÕES INTERNACIONAIS        ","Latin American Research Review","A1",2008,
"1950-6260","CIÊNCIA POLÍTICA E RELAÇÕES INTERNACIONAIS        ","Le Monde Diplomatique","B1",2008,
"0362-9805","CIÊNCIA POLÍTICA E RELAÇÕES INTERNACIONAIS        ","Legislative Studies Quarterly","A1",2008,
"0870-6182","CIÊNCIA POLÍTICA E RELAÇÕES INTERNACIONAIS        ","Ler História","A2",2008,
"1628-6731","CIÊNCIA POLÍTICA E RELAÇÕES INTERNACIONAIS        ","Les Cahiers ALHIM","B2",2008,
"1806-1125","CIÊNCIA POLÍTICA E RELAÇÕES INTERNACIONAIS        ","Leviathan (São Paulo)","C ",2008,
"1981-7320","CIÊNCIA POLÍTICA E RELAÇÕES INTERNACIONAIS        ","Liber Intellectus","B3",2008,
"0104-9933","CIÊNCIA POLÍTICA E RELAÇÕES INTERNACIONAIS        ","Logos (UERJ. Impresso)","B5",2008,
"0102-6445","CIÊNCIA POLÍTICA E RELAÇÕES INTERNACIONAIS        ","Lua Nova (Impresso)","B1",2008,
"1257-0273","CIÊNCIA POLÍTICA E RELAÇÕES INTERNACIONAIS        ","Lusotopie (Paris)","B3",2008,
"1980-8100","CIÊNCIA POLÍTICA E RELAÇÕES INTERNACIONAIS        ","Lutas & Resistências","B5",2008,
"1415-854X","CIÊNCIA POLÍTICA E RELAÇÕES INTERNACIONAIS        ","Lutas Sociais (PUCSP)","B3",2008,
"1678-7684","CIÊNCIA POLÍTICA E RELAÇÕES INTERNACIONAIS        ","Margem Esquerda","B5",2008,
"1806-0560","CIÊNCIA POLÍTICA E RELAÇÕES INTERNACIONAIS        ","Margens (UFPA)","B5",2008,
"1028-3889","CIÊNCIA POLÍTICA E RELAÇÕES INTERNACIONAIS        ","Marx Ahora","B2",2008,
"1518-1219","CIÊNCIA POLÍTICA E RELAÇÕES INTERNACIONAIS        ","Meridiano 47 (UnB)","B4",2008,
"1061-1924","CIÊNCIA POLÍTICA E RELAÇÕES INTERNACIONAIS        ","Middle East Policy","A2",2008,
"0305-8298","CIÊNCIA POLÍTICA E RELAÇÕES INTERNACIONAIS        ","Millennium","A1",2008,
"1809-0222","CIÊNCIA POLÍTICA E RELAÇÕES INTERNACIONAIS        ","Monographia (FAPA)","B4",2008,
"1517-199X","CIÊNCIA POLÍTICA E RELAÇÕES INTERNACIONAIS        ","Movendo Idéias (UNAMA)","B5",2008,
"1806-2946","CIÊNCIA POLÍTICA E RELAÇÕES INTERNACIONAIS        ","Multiciência (UNICAMP)","B3",2008,
"0255-3813","CIÊNCIA POLÍTICA E RELAÇÕES INTERNACIONAIS        ","NATO Review (English ed. Print)","B3",2008,
"1676-5141","CIÊNCIA POLÍTICA E RELAÇÕES INTERNACIONAIS        ","Nós da Escola","C ",2008,
"1679-7221","CIÊNCIA POLÍTICA E RELAÇÕES INTERNACIONAIS        ","Nossa História (São Paulo)","C ",2008,
"1516-912X","CIÊNCIA POLÍTICA E RELAÇÕES INTERNACIONAIS        ","Notícia do Direito Brasileiro","B4",2008,
"0103-6351","CIÊNCIA POLÍTICA E RELAÇÕES INTERNACIONAIS        ","Nova Economia (UFMG. Impresso)","B1",2008,
"0101-3300","CIÊNCIA POLÍTICA E RELAÇÕES INTERNACIONAIS        ","Novos Estudos CEBRAP (Impresso)","B1",2008,
"1413-2117","CIÊNCIA POLÍTICA E RELAÇÕES INTERNACIONAIS        ","Novos Estudos Jurídicos (UNIVALI) (Cessou em 2007. Cont. ISSN 2175-0491 Novos Estudos Jurídicos (Online))","C ",2008,
"0251-3552","CIÊNCIA POLÍTICA E RELAÇÕES INTERNACIONAIS        ","Nueva Sociedad","B1",2008,
"1626-0252","CIÊNCIA POLÍTICA E RELAÇÕES INTERNACIONAIS        ","Nuevo Mundo-Mundos Nuevos","B1",2008,
"1806-812X","CIÊNCIA POLÍTICA E RELAÇÕES INTERNACIONAIS        ","Nunciopolítica (Barbacena. Impresso)","B5",2008,
"1678-6637","CIÊNCIA POLÍTICA E RELAÇÕES INTERNACIONAIS        ","O Debatedouro","B5",2008,
"1809-7588","CIÊNCIA POLÍTICA E RELAÇÕES INTERNACIONAIS        ","Observador on-line","B5",2008,
"1519-7670","CIÊNCIA POLÍTICA E RELAÇÕES INTERNACIONAIS        ","Observatório da Imprensa (São Paulo)","C ",2008,
"1808-0235","CIÊNCIA POLÍTICA E RELAÇÕES INTERNACIONAIS        ","Oikos (Rio de Janeiro)","B3",2008,
"0104-6276","CIÊNCIA POLÍTICA E RELAÇÕES INTERNACIONAIS        ","Opinião Pública (UNICAMP. Impresso)","A2",2008,
"1413-585X","CIÊNCIA POLÍTICA E RELAÇÕES INTERNACIONAIS        ","Organizações & Sociedade (Impresso)","B2",2008,
"1806-7530","CIÊNCIA POLÍTICA E RELAÇÕES INTERNACIONAIS        ","Outras Palavras (Brasília)","C ",2008,
"1516-6333","CIÊNCIA POLÍTICA E RELAÇÕES INTERNACIONAIS        ","Outubro (São Paulo)","B2",2008,
"0033-3352","CIÊNCIA POLÍTICA E RELAÇÕES INTERNACIONAIS        ","PAR. Public Administration Review","A1",2008,
"1353-4645","CIÊNCIA POLÍTICA E RELAÇÕES INTERNACIONAIS        ","Parallax (University of Leeds)","B3",2008,
"1413-9375","CIÊNCIA POLÍTICA E RELAÇÕES INTERNACIONAIS        ","Parcerias Estratégicas (Brasília)","B3",2008,
"0031-2290","CIÊNCIA POLÍTICA E RELAÇÕES INTERNACIONAIS        ","Parliamentary Affairs (Print)","C ",2008,
"1016-9628","CIÊNCIA POLÍTICA E RELAÇÕES INTERNACIONAIS        ","Pensamiento Propio","B2",2008,
"1676-9503","CIÊNCIA POLÍTICA E RELAÇÕES INTERNACIONAIS        ","Pensar BH. Política Social","C ",2008,
"0101-2908","CIÊNCIA POLÍTICA E RELAÇÕES INTERNACIONAIS        ","Perspectiva (Erexim)","C ",2008,
"0104-6454","CIÊNCIA POLÍTICA E RELAÇÕES INTERNACIONAIS        ","Perspectiva Filosofica (UFPE)","B4",2008,
"0101-3459","CIÊNCIA POLÍTICA E RELAÇÕES INTERNACIONAIS        ","Perspectivas: Revista de Ciências Sociais (UNESP. Araraquara. Impresso)","B1",2008,
"1537-5927","CIÊNCIA POLÍTICA E RELAÇÕES INTERNACIONAIS        ","Perspectives on Politics (Print)","A1",2008,
"0102-7603","CIÊNCIA POLÍTICA E RELAÇÕES INTERNACIONAIS        ","Pesquisa & Debate (PUCSP. 1985. Impresso)","C ",2008,
"0048-3915","CIÊNCIA POLÍTICA E RELAÇÕES INTERNACIONAIS        ","Philosophy & Public Affairs","C ",2008,
"0031-8868","CIÊNCIA POLÍTICA E RELAÇÕES INTERNACIONAIS        ","Phronesis (Assen)","C ",2008,
"0103-4138","CIÊNCIA POLÍTICA E RELAÇÕES INTERNACIONAIS        ","Planejamento e Politicas Publicas","B3",2008,
"1981-0865","CIÊNCIA POLÍTICA E RELAÇÕES INTERNACIONAIS        ","Plenarium (Brasília)","B1",2008,
"1519-9967","CIÊNCIA POLÍTICA E RELAÇÕES INTERNACIONAIS        ","Plenarium (João Pessoa)","B1",2008,
"1519-9339","CIÊNCIA POLÍTICA E RELAÇÕES INTERNACIONAIS        ","Politéia (UESB)","C ",2008,
"1677-4140","CIÊNCIA POLÍTICA E RELAÇÕES INTERNACIONAIS        ","Política & Sociedade","B2",2008,
"1518-7446","CIÊNCIA POLÍTICA E RELAÇÕES INTERNACIONAIS        ","Política Democrática","C ",2008,
"0213-6856","CIÊNCIA POLÍTICA E RELAÇÕES INTERNACIONAIS        ","Política Exterior","C ",2008,
"1518-6660","CIÊNCIA POLÍTICA E RELAÇÕES INTERNACIONAIS        ","Política Externa (USP)","B2",2008,
"0104-7094","CIÊNCIA POLÍTICA E RELAÇÕES INTERNACIONAIS        ","Politica Hoje (UFPE. Impresso)","B2",2008,
"0873-6650","CIÊNCIA POLÍTICA E RELAÇÕES INTERNACIONAIS        ","Política Internacional (Lisboa)","B1",2008,
"0188-7742","CIÊNCIA POLÍTICA E RELAÇÕES INTERNACIONAIS        ","Política y Cultura","B1",2008,
"1519-096X","CIÊNCIA POLÍTICA E RELAÇÕES INTERNACIONAIS        ","Políticas Públicas e Sociedade","B3",2008,
"0032-3292","CIÊNCIA POLÍTICA E RELAÇÕES INTERNACIONAIS        ","Politics & Society","A1",2008,
"1203-9438","CIÊNCIA POLÍTICA E RELAÇÕES INTERNACIONAIS        ","Politique et Sociétés (Montréal)","C ",2008,
"1813-4378","CIÊNCIA POLÍTICA E RELAÇÕES INTERNACIONAIS        ","Pontes Entre o Comércio e o Desenvolvimento Sustentável (Impresso)","B4",2008,
"0184-7783","CIÊNCIA POLÍTICA E RELAÇÕES INTERNACIONAIS        ","Population et Sociétés","A2",2008,
"1414-9184","CIÊNCIA POLÍTICA E RELAÇÕES INTERNACIONAIS        ","Praia Vermelha (UFRJ)","C ",2008,
"1808-0669","CIÊNCIA POLÍTICA E RELAÇÕES INTERNACIONAIS        ","Presente! (Centro de Estudos e Assessoria Pedagógica)","C ",2008,
"1676-7039","CIÊNCIA POLÍTICA E RELAÇÕES INTERNACIONAIS        ","Primeira Versão (IFCH-UNICAMP)","B3",2008,
"1517-5421","CIÊNCIA POLÍTICA E RELAÇÕES INTERNACIONAIS        ","Primeira Versão (UFRO)","C ",2008,
"0104-8694","CIÊNCIA POLÍTICA E RELAÇÕES INTERNACIONAIS        ","Princípios (UFRN. Impresso)","C ",2008,
"1666-1508","CIÊNCIA POLÍTICA E RELAÇÕES INTERNACIONAIS        ","Prismas (Bernal)","C ",2008,
"0301-7036","CIÊNCIA POLÍTICA E RELAÇÕES INTERNACIONAIS        ","Problemas del Desarrollo","B1",2008,
"0342-8176","CIÊNCIA POLÍTICA E RELAÇÕES INTERNACIONAIS        ","Prokla (Münster)","B1",2008,
"0103-5665","CIÊNCIA POLÍTICA E RELAÇÕES INTERNACIONAIS        ","Psicologia Clínica (PUCRJ. Impresso)","C ",2008,
"0271-2075","CIÊNCIA POLÍTICA E RELAÇÕES INTERNACIONAIS        ","Public Administration and Development (Print)","A1",2008,
"1806-3667","CIÊNCIA POLÍTICA E RELAÇÕES INTERNACIONAIS        ","PUCviva Revista","C ",2008,
"1668-2823","CIÊNCIA POLÍTICA E RELAÇÕES INTERNACIONAIS        ","Puente @ Europa (Impresa)","B4",2008,
"1517-5316","CIÊNCIA POLÍTICA E RELAÇÕES INTERNACIONAIS        ","Pulsional. Revista de Psicanálise (São Paulo)","C ",2008,
,"CIÊNCIA POLÍTICA E RELAÇÕES INTERNACIONAIS        ","Quale Stato","B1",2008,
"1761-7146","CIÊNCIA POLÍTICA E RELAÇÕES INTERNACIONAIS        ","Questions Internationales (Paris. 2003)","A2",2008,
"0100-4042","CIÊNCIA POLÍTICA E RELAÇÕES INTERNACIONAIS        ","Química Nova (Impresso)","B5",2008,
"0034-7590","CIÊNCIA POLÍTICA E RELAÇÕES INTERNACIONAIS        ","RAE (Impresso)","B2",2008,
"1516-1684","CIÊNCIA POLÍTICA E RELAÇÕES INTERNACIONAIS        ","RDE. Revista de Desenvolvimento Econômico","B3",2008,
"1981-6286","CIÊNCIA POLÍTICA E RELAÇÕES INTERNACIONAIS        ","RECIIS. Electronic Journal of Communication Information and Innovation in Health (English edition. Online)","B3",2008,
"1414-7106","CIÊNCIA POLÍTICA E RELAÇÕES INTERNACIONAIS        ","Redes (Santa Cruz do Sul. Impresso)","C ",2008,
"0102-0269","CIÊNCIA POLÍTICA E RELAÇÕES INTERNACIONAIS        ","Reflexão (PUCCAMP)","B3",2008,
"1515-3371","CIÊNCIA POLÍTICA E RELAÇÕES INTERNACIONAIS        ","Relaciones internacionales (La Plata)","B3",2008,
"1699-3950","CIÊNCIA POLÍTICA E RELAÇÕES INTERNACIONAIS        ","Relaciones Internacionales (Madrid)","A2",2008,
"0100-8587","CIÊNCIA POLÍTICA E RELAÇÕES INTERNACIONAIS        ","Religião & Sociedade (Impresso)","B1",2008,
"1676-6881","CIÊNCIA POLÍTICA E RELAÇÕES INTERNACIONAIS        ","Religião e Cultura (PUCSP)","B4",2008,
"1980-8585","CIÊNCIA POLÍTICA E RELAÇÕES INTERNACIONAIS        ","REMHU (Brasília)","C ",2008,
"0305-6244","CIÊNCIA POLÍTICA E RELAÇÕES INTERNACIONAIS        ","Review of African Political Economy","A1",2008,
"1475-3553","CIÊNCIA POLÍTICA E RELAÇÕES INTERNACIONAIS        ","Review of International Affairs (London)","C ",2008,
"1807-3506","CIÊNCIA POLÍTICA E RELAÇÕES INTERNACIONAIS        ","Revista ADUSP","C ",2008,
,"CIÊNCIA POLÍTICA E RELAÇÕES INTERNACIONAIS        ","Revista Amazonia: Ciencia e Desenvolvimento","C ",2008,
"1677-3500","CIÊNCIA POLÍTICA E RELAÇÕES INTERNACIONAIS        ","Revista Autor (São Paulo)","C ",2008,
"1415-5400","CIÊNCIA POLÍTICA E RELAÇÕES INTERNACIONAIS        ","Revista Brasileira de Ciências Criminais","B1",2008,
"0102-6909","CIÊNCIA POLÍTICA E RELAÇÕES INTERNACIONAIS        ","Revista Brasileira de Ciências Sociais (Impresso)","A1",2008,
"0102-5074","CIÊNCIA POLÍTICA E RELAÇÕES INTERNACIONAIS        ","Revista Brasileira de Comércio Exterior","C ",2008,
"1678-9547","CIÊNCIA POLÍTICA E RELAÇÕES INTERNACIONAIS        ","Revista Brasileira de Direito Constitucional (Impresso)","C ",2008,
"0034-7140","CIÊNCIA POLÍTICA E RELAÇÕES INTERNACIONAIS        ","Revista Brasileira de Economia (Impresso)","B2",2008,
"1413-2478","CIÊNCIA POLÍTICA E RELAÇÕES INTERNACIONAIS        ","Revista Brasileira de Educação (Impresso)","B3",2008,
"1981-1764","CIÊNCIA POLÍTICA E RELAÇÕES INTERNACIONAIS        ","Revista Brasileira de Educação Ambiental (Online)","B3",2008,
"1517-4115","CIÊNCIA POLÍTICA E RELAÇÕES INTERNACIONAIS        ","Revista Brasileira de Estudos Urbanos e Regionais (ANPUR)","C ",2008,
"1809-239X","CIÊNCIA POLÍTICA E RELAÇÕES INTERNACIONAIS        ","Revista Brasileira de Gestão e Desenvolvimento Regional","B3",2008,
"0102-0188","CIÊNCIA POLÍTICA E RELAÇÕES INTERNACIONAIS        ","Revista Brasileira de História (Impresso)","B1",2008,
"1414-5685","CIÊNCIA POLÍTICA E RELAÇÕES INTERNACIONAIS        ","Revista Brasileira de Informação na Educação","B2",2008,
"1678-166X","CIÊNCIA POLÍTICA E RELAÇÕES INTERNACIONAIS        ","Revista Brasileira de Política e Administração da Educação","B4",2008,
"0034-7329","CIÊNCIA POLÍTICA E RELAÇÕES INTERNACIONAIS        ","Revista Brasileira de Política Internacional (Impresso)","A2",2008,
"0486-641X","CIÊNCIA POLÍTICA E RELAÇÕES INTERNACIONAIS        ","Revista Brasileira de Psicanálise (Impresso)","C ",2008,
"0103-2402","CIÊNCIA POLÍTICA E RELAÇÕES INTERNACIONAIS        ","Revista Brasileira de Sociologia","C ",2008,
"1518-6784","CIÊNCIA POLÍTICA E RELAÇÕES INTERNACIONAIS        ","Revista Brasileira do Caribe (Impresso)","B5",2008,
"1133-6595","CIÊNCIA POLÍTICA E RELAÇÕES INTERNACIONAIS        ","Revista CIDOB d'Afers Internacionals (1985)","A2",2008,
"1415-742X","CIÊNCIA POLÍTICA E RELAÇÕES INTERNACIONAIS        ","Revista Ciências Humanas (Taubaté)","C ",2008,
,"CIÊNCIA POLÍTICA E RELAÇÕES INTERNACIONAIS        ","Revista Contexto Latinoamericano","B4",2008,
,"CIÊNCIA POLÍTICA E RELAÇÕES INTERNACIONAIS        ","Revista da Academia Mineira de Letras ","Jurídicas","B5",2008
"1679-1363","CIÊNCIA POLÍTICA E RELAÇÕES INTERNACIONAIS        ","Revista da Ajuris","C ",2008,
"0102-3632","CIÊNCIA POLÍTICA E RELAÇÕES INTERNACIONAIS        ","Revista da Associação dos Magistrados","B5",2008,
"0102-1788","CIÊNCIA POLÍTICA E RELAÇÕES INTERNACIONAIS        ","Revista da Escola Superior de Guerra","B2",2008,
"0304-2340","CIÊNCIA POLÍTICA E RELAÇÕES INTERNACIONAIS        ","Revista da Faculdade de Direito da Universidade Federal de Minas Gerais (Impresso)","B4",2008,
"0104-6594","CIÊNCIA POLÍTICA E RELAÇÕES INTERNACIONAIS        ","Revista da Faculdade de Direito da Universidade Federal do Rio Grande do Sul","B5",2008,
"1519-4809","CIÊNCIA POLÍTICA E RELAÇÕES INTERNACIONAIS        ","Revista da Faculdade de Direito de Caruaru","C ",2008,
"0103-7544","CIÊNCIA POLÍTICA E RELAÇÕES INTERNACIONAIS        ","Revista da SBPH (Curitiba)","B3",2008,
"1415-1979","CIÊNCIA POLÍTICA E RELAÇÕES INTERNACIONAIS        ","Revista da Sociedade Brasileira de Economia Política","B1",2008,
"1519-9916","CIÊNCIA POLÍTICA E RELAÇÕES INTERNACIONAIS        ","Revista Dataveni@ (UEPB)","B4",2008,
"0716-1417","CIÊNCIA POLÍTICA E RELAÇÕES INTERNACIONAIS        ","Revista de Ciencia Política (Santiago. Impresa)","A2",2008,
"1413-8999","CIÊNCIA POLÍTICA E RELAÇÕES INTERNACIONAIS        ","Revista de Ciênciais Sociais (UGF)","C ",2008,
"1980-1793","CIÊNCIA POLÍTICA E RELAÇÕES INTERNACIONAIS        ","Revista de Ciências Exatas e Tecnologia (Anhanguera Educacional, Valinhos)","B4",2008,
"0303-9862","CIÊNCIA POLÍTICA E RELAÇÕES INTERNACIONAIS        ","Revista de Ciências Sociais (Fortaleza)","B4",2008,
"1809-9904","CIÊNCIA POLÍTICA E RELAÇÕES INTERNACIONAIS        ","Revista de Comunicação e Cultura","B4",2008,
"1667-3638","CIÊNCIA POLÍTICA E RELAÇÕES INTERNACIONAIS        ","Revista de Derecho Internacional y del Mercosur","B1",2008,
"1809-5712","CIÊNCIA POLÍTICA E RELAÇÕES INTERNACIONAIS        ","Revista de Direito (CESUSC. 2006)","B4",2008,
"1415-658X","CIÊNCIA POLÍTICA E RELAÇÕES INTERNACIONAIS        ","Revista de Direito (Itatiba)","B4",2008,
"0034-8007","CIÊNCIA POLÍTICA E RELAÇÕES INTERNACIONAIS        ","Revista de Direito Administrativo","B2",2008,
"1413-1439","CIÊNCIA POLÍTICA E RELAÇÕES INTERNACIONAIS        ","Revista de Direito Ambiental","B3",2008,
"1676-871X","CIÊNCIA POLÍTICA E RELAÇÕES INTERNACIONAIS        ","Revista de Direito Social (Sapucaia do Sul)","C ",2008,
"1677-4973","CIÊNCIA POLÍTICA E RELAÇÕES INTERNACIONAIS        ","Revista de Economia & Relações Internacionais","C ",2008,
"1679-1614","CIÊNCIA POLÍTICA E RELAÇÕES INTERNACIONAIS        ","Revista de Economia e Agronegócio","C ",2008,
"0101-3157","CIÊNCIA POLÍTICA E RELAÇÕES INTERNACIONAIS        ","Revista de Economia Política (Impresso)","A2",2008,
"1132-7170","CIÊNCIA POLÍTICA E RELAÇÕES INTERNACIONAIS        ","Revista de Estudios Europeos","B2",2008,
"1676-8698","CIÊNCIA POLÍTICA E RELAÇÕES INTERNACIONAIS        ","Revista de Estudos Criminais","C ",2008,
"1518-9775","CIÊNCIA POLÍTICA E RELAÇÕES INTERNACIONAIS        ","Revista de Estudos da Comunicação (Impresso)","B2",2008,
"1984-1639","CIÊNCIA POLÍTICA E RELAÇÕES INTERNACIONAIS        ","Revista de Estudos e Pesquisas Sobre as Américas","B2",2008,
"0102-6437","CIÊNCIA POLÍTICA E RELAÇÕES INTERNACIONAIS        ","Revista de Estudos Universitárias (Sorocaba)","B4",2008,
"1808-4001","CIÊNCIA POLÍTICA E RELAÇÕES INTERNACIONAIS        ","Revista de História (Rio de Janeiro)","B2",2008,
"1981-383X","CIÊNCIA POLÍTICA E RELAÇÕES INTERNACIONAIS        ","Revista de História Comparada (UFRJ)","B4",2008,
"0034-835X","CIÊNCIA POLÍTICA E RELAÇÕES INTERNACIONAIS        ","Revista de Informação Legislativa","B2",2008,
"0252-0257","CIÊNCIA POLÍTICA E RELAÇÕES INTERNACIONAIS        ","Revista de la CEPAL (Impresa)","A2",2008,
"0185-2760","CIÊNCIA POLÍTICA E RELAÇÕES INTERNACIONAIS        ","Revista de la Educación Superior","B1",2008,
"1413-4969","CIÊNCIA POLÍTICA E RELAÇÕES INTERNACIONAIS        ","Revista de Política Agrícola","C ",2008,
"0104-8740","CIÊNCIA POLÍTICA E RELAÇÕES INTERNACIONAIS        ","Revista de Politicas Publicas (UFMA)","B3",2008,
"0100-1981","CIÊNCIA POLÍTICA E RELAÇÕES INTERNACIONAIS        ","Revista de Processo","B2",2008,
"1678-9873","CIÊNCIA POLÍTICA E RELAÇÕES INTERNACIONAIS        ","Revista de Sociologia e Política (Online)","A2",2008,
"0104-4478","CIÊNCIA POLÍTICA E RELAÇÕES INTERNACIONAIS        ","Revista de Sociologia e Política (UFPR. Impresso)","A2",2008,
"1982-5269","CIÊNCIA POLÍTICA E RELAÇÕES INTERNACIONAIS        ","Revista Debates (UFRGS)","B2",2008,
"1641-4713","CIÊNCIA POLÍTICA E RELAÇÕES INTERNACIONAIS        ","Revista del CESLA","B3",2008,
"1665-0921","CIÊNCIA POLÍTICA E RELAÇÕES INTERNACIONAIS        ","Revista del Instituto Electoral del Estado de Mexico Apuntes Electorales","B2",2008,
"1982-0496","CIÊNCIA POLÍTICA E RELAÇÕES INTERNACIONAIS        ","Revista Direitos Fundamentais & Democracia (UniBrasil)","B4",2008,
"1808-7353","CIÊNCIA POLÍTICA E RELAÇÕES INTERNACIONAIS        ","Revista do Grupo Mídia e Etnia","C ",2008,
"1413-7100","CIÊNCIA POLÍTICA E RELAÇÕES INTERNACIONAIS        ","Revista do Instituto de Pesquisas e Estudos","C ",2008,
"1981-1608","CIÊNCIA POLÍTICA E RELAÇÕES INTERNACIONAIS        ","Revista do Instituto dos Advogados de Minas Gerais","B5",2008,
"1676-9473","CIÊNCIA POLÍTICA E RELAÇÕES INTERNACIONAIS        ","Revista do Legislativo","C ",2008,
"1981-8599","CIÊNCIA POLÍTICA E RELAÇÕES INTERNACIONAIS        ","Revista do Núcleo Histórico Socioambiental (UFRR)","B5",2008,
"1984-0586","CIÊNCIA POLÍTICA E RELAÇÕES INTERNACIONAIS        ","Revista do Observatório do Milênio de Belo Horizonte","B5",2008,
"0034-9240","CIÊNCIA POLÍTICA E RELAÇÕES INTERNACIONAIS        ","Revista do Serviço Público","B2",2008,
"0103-1090","CIÊNCIA POLÍTICA E RELAÇÕES INTERNACIONAIS        ","Revista do Tribunal de Contas da Uniao","C ",2008,
"1697-5197","CIÊNCIA POLÍTICA E RELAÇÕES INTERNACIONAIS        ","Revista Electrónica de Estudios Internacionales","B1",2008,
"1519-6186","CIÊNCIA POLÍTICA E RELAÇÕES INTERNACIONAIS        ","Revista Espaço Acadêmico (UEM)","C ",2008,
"1981-318X","CIÊNCIA POLÍTICA E RELAÇÕES INTERNACIONAIS        ","Revista Espaço da Sophia","B5",2008,
"1575-6548","CIÊNCIA POLÍTICA E RELAÇÕES INTERNACIONAIS        ","Revista Española de Ciencia Política","A1",2008,
"1137-8875","CIÊNCIA POLÍTICA E RELAÇÕES INTERNACIONAIS        ","Revista Española de Desarrollo y Cooperación","A2",2008,
"1659-3316","CIÊNCIA POLÍTICA E RELAÇÕES INTERNACIONAIS        ","Revista Estudios - Universidad de Costa Rica","B4",2008,
"0104-026X","CIÊNCIA POLÍTICA E RELAÇÕES INTERNACIONAIS        ","Revista Estudos Feministas (UFSC. Impresso)","B1",2008,
"1415-0549","CIÊNCIA POLÍTICA E RELAÇÕES INTERNACIONAIS        ","Revista FAMECOS (Impresso)","B5",2008,
"0718-1027","CIÊNCIA POLÍTICA E RELAÇÕES INTERNACIONAIS        ","Revista Focus Eurolatino","B1",2008,
"0717-1498","CIÊNCIA POLÍTICA E RELAÇÕES INTERNACIONAIS        ","Revista Fuerzas Armadas y Sociedad","A2",2008,
"1676-2584","CIÊNCIA POLÍTICA E RELAÇÕES INTERNACIONAIS        ","Revista HISTEDBR On-line","B4",2008,
"1808-091X","CIÊNCIA POLÍTICA E RELAÇÕES INTERNACIONAIS        ","Revista História & Luta de Classes","B2",2008,
"1676-5516","CIÊNCIA POLÍTICA E RELAÇÕES INTERNACIONAIS        ","Revista História (UNICRUZ)","C ",2008,
"1806-3993","CIÊNCIA POLÍTICA E RELAÇÕES INTERNACIONAIS        ","Revista História Hoje","B1",2008,
"0034-9631","CIÊNCIA POLÍTICA E RELAÇÕES INTERNACIONAIS        ","Revista Iberoamericana","B1",2008,
,"CIÊNCIA POLÍTICA E RELAÇÕES INTERNACIONAIS        ","Revista interdisciplinar de Mobilidade Humana","B5",2008,
"1516-5973","CIÊNCIA POLÍTICA E RELAÇÕES INTERNACIONAIS        ","Revista Internacional de Estudos Políticos (Impresso)","C ",2008,
"1808-2807","CIÊNCIA POLÍTICA E RELAÇÕES INTERNACIONAIS        ","Revista Jurídica (Brasília)","C ",2008,
"0103-3379","CIÊNCIA POLÍTICA E RELAÇÕES INTERNACIONAIS        ","Revista juridica (Porto Alegre. 1953)","B4",2008,
"1519-8065","CIÊNCIA POLÍTICA E RELAÇÕES INTERNACIONAIS        ","Revista Jurídica Consulex","C ",2008,
"1808-8074","CIÊNCIA POLÍTICA E RELAÇÕES INTERNACIONAIS        ","Revista Juristas","C ",2008,
"1414-4980","CIÊNCIA POLÍTICA E RELAÇÕES INTERNACIONAIS        ","Revista Katálysis (Impresso)","C ",2008,
"1405-1311","CIÊNCIA POLÍTICA E RELAÇÕES INTERNACIONAIS        ","Revista Latinoamericana de Estudios del Trabajo","B3",2008,
"1415-4714","CIÊNCIA POLÍTICA E RELAÇÕES INTERNACIONAIS        ","Revista Latinoamericana de Psicopatologia Fundamental (Impresso)","B3",2008,
"1983-2192","CIÊNCIA POLÍTICA E RELAÇÕES INTERNACIONAIS        ","Revista LEVS (Marília)","B3",2008,
"1518-7942","CIÊNCIA POLÍTICA E RELAÇÕES INTERNACIONAIS        ","Revista Logos (São Paulo. Impresso)","B5",2008,
"0034-9860","CIÊNCIA POLÍTICA E RELAÇÕES INTERNACIONAIS        ","Revista Marítima Brasileira","B3",2008,
"1414-0543","CIÊNCIA POLÍTICA E RELAÇÕES INTERNACIONAIS        ","Revista Mediações (UEL)","B3",2008,
"0188-2503","CIÊNCIA POLÍTICA E RELAÇÕES INTERNACIONAIS        ","Revista Mexicana de SociologÍa","A2",2008,
"1414-6304","CIÊNCIA POLÍTICA E RELAÇÕES INTERNACIONAIS        ","Revista Múltipla (UPIS)","C ",2008,
"1679-7639","CIÊNCIA POLÍTICA E RELAÇÕES INTERNACIONAIS        ","Revista Nação Brasil","C ",2008,
"0102-5864","CIÊNCIA POLÍTICA E RELAÇÕES INTERNACIONAIS        ","Revista Novos Rumos","C ",2008,
"1983-9162","CIÊNCIA POLÍTICA E RELAÇÕES INTERNACIONAIS        ","Revista On-Line Liberdade e Cidadania","B4",2008,
"1982-5358","CIÊNCIA POLÍTICA E RELAÇÕES INTERNACIONAIS        ","Revista Palavramundo","B4",2008,
"1806-2776","CIÊNCIA POLÍTICA E RELAÇÕES INTERNACIONAIS        ","Revista PJ:Br","C ",2008,
"1678-1252","CIÊNCIA POLÍTICA E RELAÇÕES INTERNACIONAIS        ","Revista STREM","C ",2008,
"1518-2711","CIÊNCIA POLÍTICA E RELAÇÕES INTERNACIONAIS        ","Revista Tributária e de Finanças Públicas","B3",2008,
"1806-9819","CIÊNCIA POLÍTICA E RELAÇÕES INTERNACIONAIS        ","Revista UniABC","C ",2008,
"0103-9989","CIÊNCIA POLÍTICA E RELAÇÕES INTERNACIONAIS        ","Revista USP","C ",2008,
"1315-6411","CIÊNCIA POLÍTICA E RELAÇÕES INTERNACIONAIS        ","Revista Venezolana de Economía y Ciencias Sociales","B1",2008,
"1809-0443","CIÊNCIA POLÍTICA E RELAÇÕES INTERNACIONAIS        ","Revista Versões","B2",2008,
"1808-6535","CIÊNCIA POLÍTICA E RELAÇÕES INTERNACIONAIS        ","Revista Virtual de Gestão de Iniciativas Sociais","C ",2008,
"1982-1549","CIÊNCIA POLÍTICA E RELAÇÕES INTERNACIONAIS        ","RevistaCandelária (UNIEURO)","B4",2008,
"0765-0752","CIÊNCIA POLÍTICA E RELAÇÕES INTERNACIONAIS        ","Revue Européenne des Migrations Internationales","B5",2008,
"0373-6156","CIÊNCIA POLÍTICA E RELAÇÕES INTERNACIONAIS        ","Revue Générale de Droit International Public","A2",2008,
"0556-7963","CIÊNCIA POLÍTICA E RELAÇÕES INTERNACIONAIS        ","Revue Juridique Thémis (1970)","C ",2008,
"1679-592X","CIÊNCIA POLÍTICA E RELAÇÕES INTERNACIONAIS        ","RILA. Revista de Integração Latino-Americana","C ",2008,
"0048-8402","CIÊNCIA POLÍTICA E RELAÇÕES INTERNACIONAIS        ","Rivista Italiana di Scienza Politica","C ",2008,
"0036-0775","CIÊNCIA POLÍTICA E RELAÇÕES INTERNACIONAIS        ","SAIS Review (Cessou em 1989. Cont. SAIS review (Paul H. Nitze School of Advanced International Studies), ISSN 1946-4444 SAIS Review (Paul H. Nitze School of Advanced International Studies))","B5",2008,
"0102-8839","CIÊNCIA POLÍTICA E RELAÇÕES INTERNACIONAIS        ","São Paulo em Perspectiva (Impresso)","B1",2008,
"1808-1592","CIÊNCIA POLÍTICA E RELAÇÕES INTERNACIONAIS        ","Saúde e Direitos Humanos","B3",2008,
"1533-2535","CIÊNCIA POLÍTICA E RELAÇÕES INTERNACIONAIS        ","Security and Defense Studies Review","C ",2008,
"1980-9271","CIÊNCIA POLÍTICA E RELAÇÕES INTERNACIONAIS        ","Série Diversidade e Cidadania (Faculdades ESPAM)","B4",2008,
"0101-6628","CIÊNCIA POLÍTICA E RELAÇÕES INTERNACIONAIS        ","Serviço Social & Sociedade","B2",2008,
"1538-6589","CIÊNCIA POLÍTICA E RELAÇÕES INTERNACIONAIS        ","Seton Hall journal of diplomacy and international relations (Cessou em 2004. Cont. ISSN 1936-3419 The Whitehead journal of diplomacy and international relations e ISSN 1936-3427 The Whitehead journal of diplomacy and international relations (Online))","B2",2008,
"1981-3988","CIÊNCIA POLÍTICA E RELAÇÕES INTERNACIONAIS        ","Sinais (UFES)","B4",2008,
"1809-9815","CIÊNCIA POLÍTICA E RELAÇÕES INTERNACIONAIS        ","Sinais Sociais","B4",2008,
"0103-4332","CIÊNCIA POLÍTICA E RELAÇÕES INTERNACIONAIS        ","Sintese (Belo Horizonte. 1974)","B3",2008,
"0959-2318","CIÊNCIA POLÍTICA E RELAÇÕES INTERNACIONAIS        ","Small Wars & Insurgencies","C ",2008,
"0037-7910","CIÊNCIA POLÍTICA E RELAÇÕES INTERNACIONAIS        ","Social Security Bulletin","C ",2008,
"1510-6721","CIÊNCIA POLÍTICA E RELAÇÕES INTERNACIONAIS        ","Social Watch (Ed. En espanol)","C ",2008,
"1415-8566","CIÊNCIA POLÍTICA E RELAÇÕES INTERNACIONAIS        ","Sociedade e Cultura (Impresso)","B2",2008,
"0102-6992","CIÊNCIA POLÍTICA E RELAÇÕES INTERNACIONAIS        ","Sociedade e Estado (UnB. Impresso)","B2",2008,
"1414-9869","CIÊNCIA POLÍTICA E RELAÇÕES INTERNACIONAIS        ","Sociedade em Debate (UCPel)","C ",2008,
"1980-8747","CIÊNCIA POLÍTICA E RELAÇÕES INTERNACIONAIS        ","Sociologia (São Paulo. 2006)","C ",2008,
"1517-4522","CIÊNCIA POLÍTICA E RELAÇÕES INTERNACIONAIS        ","Sociologias (UFRGS. Impresso)","B1",2008,
"0187-0173","CIÊNCIA POLÍTICA E RELAÇÕES INTERNACIONAIS        ","Sociológica (México)","A2",2008,
"1295-9278","CIÊNCIA POLÍTICA E RELAÇÕES INTERNACIONAIS        ","Sociologies Pratiques","B1",2008,
"0104-1789","CIÊNCIA POLÍTICA E RELAÇÕES INTERNACIONAIS        ","Superinteressante","C ",2008,
"1806-6445","CIÊNCIA POLÍTICA E RELAÇÕES INTERNACIONAIS        ","Sur. Revista Internacional de Direitos Humanos (Impresso)","B2",2008,
"1678-3824","CIÊNCIA POLÍTICA E RELAÇÕES INTERNACIONAIS        ","T&C Amazônia","B5",2008,
"1678-3697","CIÊNCIA POLÍTICA E RELAÇÕES INTERNACIONAIS        ","TD. Teoria e Debate","C ",2008,
"1875-4120","CIÊNCIA POLÍTICA E RELAÇÕES INTERNACIONAIS        ","TDM (Leidschendam)","B1",2008,
"1413-2486","CIÊNCIA POLÍTICA E RELAÇÕES INTERNACIONAIS        ","Temáticas (UNICAMP)","C ",2008,
"1414-3089","CIÊNCIA POLÍTICA E RELAÇÕES INTERNACIONAIS        ","Tempo da Ciência (UNIOESTE)","C ",2008,
"1579-6582","CIÊNCIA POLÍTICA E RELAÇÕES INTERNACIONAIS        ","Tempo Exterior","C ",2008,
"0103-2070","CIÊNCIA POLÍTICA E RELAÇÕES INTERNACIONAIS        ","Tempo Social (USP. Impresso)","B1",2008,
"1809-3124","CIÊNCIA POLÍTICA E RELAÇÕES INTERNACIONAIS        ","Tensões Mundiais (Impresso)","B3",2008,
"0104-0103","CIÊNCIA POLÍTICA E RELAÇÕES INTERNACIONAIS        ","Teoria & Pesquisa","B2",2008,
"1518-4471","CIÊNCIA POLÍTICA E RELAÇÕES INTERNACIONAIS        ","Teoria & Sociedade (UFMG)","B1",2008,
"1415-4765","CIÊNCIA POLÍTICA E RELAÇÕES INTERNACIONAIS        ","Texto para Discussão (IPEA. Brasília)","B2",2008,
"1677-9509","CIÊNCIA POLÍTICA E RELAÇÕES INTERNACIONAIS        ","Textos & Contextos (Porto Alegre)","B5",2008,
"0104-1487","CIÊNCIA POLÍTICA E RELAÇÕES INTERNACIONAIS        ","Textos de Historia (UnB)","B2",2008,
"1676-7055","CIÊNCIA POLÍTICA E RELAÇÕES INTERNACIONAIS        ","Textos Didáticos (UNICAMP)","C ",2008,
"0003-0554","CIÊNCIA POLÍTICA E RELAÇÕES INTERNACIONAIS        ","The American Political Science Review","A1",2008,
"1080-0786","CIÊNCIA POLÍTICA E RELAÇÕES INTERNACIONAIS        ","The Brown Journal of World Affairs","B2",2008,
"1046-1868","CIÊNCIA POLÍTICA E RELAÇÕES INTERNACIONAIS        ","The Fletcher Forum of World Affairs","B1",2008,
"0885-0607","CIÊNCIA POLÍTICA E RELAÇÕES INTERNACIONAIS        ","The International Journal of Intelligence and Counter Intelligence","A1",2008,
"0022-3816","CIÊNCIA POLÍTICA E RELAÇÕES INTERNACIONAIS        ","The Journal of Politics","A1",2008,
"1062-9769","CIÊNCIA POLÍTICA E RELAÇÕES INTERNACIONAIS        ","The Quarterly Review of Economics and Finance","B2",2008,
"1538-9421","CIÊNCIA POLÍTICA E RELAÇÕES INTERNACIONAIS        ","The University of Texas at Austin Undergraduate Research Journal","B4",2008,
"1678-8508","CIÊNCIA POLÍTICA E RELAÇÕES INTERNACIONAIS        ","Think (Porto Alegre)","B3",2008,
"0143-6597","CIÊNCIA POLÍTICA E RELAÇÕES INTERNACIONAIS        ","Third World Quarterly (Print)","A1",2008,
"1517-4549","CIÊNCIA POLÍTICA E RELAÇÕES INTERNACIONAIS        ","Tomo (UFS)","B3",2008,
"1808-799X","CIÊNCIA POLÍTICA E RELAÇÕES INTERNACIONAIS        ","Trabalho Necessário","C ",2008,
"1678-1007","CIÊNCIA POLÍTICA E RELAÇÕES INTERNACIONAIS        ","Trabalho, Educação e Saúde (Impresso)","B3",2008,
"1519-101X","CIÊNCIA POLÍTICA E RELAÇÕES INTERNACIONAIS        ","Trabalhos para Discussão - Banco Central do Brasil (Impresso)","C ",2008,
"0101-3173","CIÊNCIA POLÍTICA E RELAÇÕES INTERNACIONAIS        ","Trans/Form/Ação (UNESP. Marília. Impresso)","B5",2008,
"1982-5935","CIÊNCIA POLÍTICA E RELAÇÕES INTERNACIONAIS        ","Travessias (UNIOESTE. Online)","B4",2008,
"1809-4651","CIÊNCIA POLÍTICA E RELAÇÕES INTERNACIONAIS        ","UNIrevista (UNISINOS)","B5",2008,
"1517-1779","CIÊNCIA POLÍTICA E RELAÇÕES INTERNACIONAIS        ","Universidade e Sociedade (Brasília)","C ",2008,
"1519-9045","CIÊNCIA POLÍTICA E RELAÇÕES INTERNACIONAIS        ","Universitas/Jus (Impresso)","C ",2008,
"0718-2376","CIÊNCIA POLÍTICA E RELAÇÕES INTERNACIONAIS        ","Universum (Talca. En línea)","B5",2008,
"1517-9427","CIÊNCIA POLÍTICA E RELAÇÕES INTERNACIONAIS        ","UNOPAR Científica. Ciências Jurídicas e Empresariais","C ",2008,
"1316-5216","CIÊNCIA POLÍTICA E RELAÇÕES INTERNACIONAIS        ","Utopía y Praxis Latinoamericana","B5",2008,
"0104-8775","CIÊNCIA POLÍTICA E RELAÇÕES INTERNACIONAIS        ","Varia História (UFMG. Impresso)","B1",2008,
"0303-9021","CIÊNCIA POLÍTICA E RELAÇÕES INTERNACIONAIS        ","Vlaams Dierengeneeskundig Tijdschrift","B1",2008,
"0944-8101","CIÊNCIA POLÍTICA E RELAÇÕES INTERNACIONAIS        ","Welttrends (Berlin)","A2",2008,
"1935-6226","CIÊNCIA POLÍTICA E RELAÇÕES INTERNACIONAIS        ","World Political Science Review","A1",2008,
"0043-9134","CIÊNCIA POLÍTICA E RELAÇÕES INTERNACIONAIS        ","World Today","C ",2008,
"1535-9468","CIÊNCIA POLÍTICA E RELAÇÕES INTERNACIONAIS        ","Yearbook of International Law and Jurisprudence","C ",2008,
