"0101-9163","MEDICINA VETERINÁRIA                              ","A Hora Veterinária","B4",2008
"0949-1775","MEDICINA VETERINÁRIA                              ","Accreditation and Quality Assurance","B1",2008
"0044-5967","MEDICINA VETERINÁRIA                              ","Acta Amazonica (Impresso)","B3",2008
"0001-5326","MEDICINA VETERINÁRIA                              ","Acta Biologica Venezuelica","B5",2008
"0102-8650","MEDICINA VETERINÁRIA                              ","Acta Cirúrgica Brasileira (Impresso)","B2",2008
"1678-2674","MEDICINA VETERINÁRIA                              ","Acta Cirúrgica Brasileira (Online)","B2",2008
"0326-2383","MEDICINA VETERINÁRIA                              ","Acta Farmacéutica Bonaerense","B2",2008
"1230-2821","MEDICINA VETERINÁRIA                              ","Acta Parasitologica","B1",2008
"0065-1583","MEDICINA VETERINÁRIA                              ","Acta Protozoologica (Druk)","B1",2008
"1679-9216","MEDICINA VETERINÁRIA                              ","Acta Scientiae Veterinariae (Online)","B4",2008
"1678-0345","MEDICINA VETERINÁRIA                              ","Acta Scientiae Veterinariae (UFRGS. Impresso)","B4",2008
"1415-6814","MEDICINA VETERINÁRIA                              ","Acta Scientiarum (UEM) (Cessou em 2002)","B4",2008
"1807-8672","MEDICINA VETERINÁRIA                              ","Acta Scientiarum. Animal Sciences","B4",2008
"1679-9283","MEDICINA VETERINÁRIA                              ","Acta Scientiarum. Biological Sciences (Impresso)","B4",2008
"1807-863X","MEDICINA VETERINÁRIA                              ","Acta Scientiarum. Biological Sciences (Online)","B4",2008
"1806-2563","MEDICINA VETERINÁRIA                              ","Acta Scientiarum. Technology (Impresso)","B5",2008
"1806-2636","MEDICINA VETERINÁRIA                              ","Acta Scientiarum. Zootechny","B4",2008
"0001-706X","MEDICINA VETERINÁRIA                              ","Acta Tropica","B1",2008
"1981-5484","MEDICINA VETERINÁRIA                              ","Acta Veterinaria Brasilica (UFERSA)","B5",2008
"0001-7213","MEDICINA VETERINÁRIA                              ","Acta Veterinaria Brno (Print)","B1",2008
"0236-6290","MEDICINA VETERINÁRIA                              ","Acta Veterinaria Hungarica (1983)","B1",2008
"0001-723X","MEDICINA VETERINÁRIA                              ","Acta Virologica (English ed.)","B1",2008
"0001-7272","MEDICINA VETERINÁRIA                              ","Acta Zoologica (Stockholm)","B1",2008
"0964-5284","MEDICINA VETERINÁRIA                              ","Acupuncture in Medicine","B4",2008
"1474-9718","MEDICINA VETERINÁRIA                              ","Aging Cell (Print)","A1",2008
"1981-0997","MEDICINA VETERINÁRIA                              ","Agrária (Recife. Online)","B5",2008
"0300-5755","MEDICINA VETERINÁRIA                              ","Alimentaria (Madrid)","B4",2008
"0103-4235","MEDICINA VETERINÁRIA                              ","Alimentos e Nutrição (UNESP. Marilia)","B5",2008
"1557-4555","MEDICINA VETERINÁRIA                              ","American Journal of Animal and Veterinary Sciences","B4",2008
"1557-4563","MEDICINA VETERINÁRIA                              ","American Journal of Animal and Veterinary Sciences (Online)","B4",2008
"1553-3468","MEDICINA VETERINÁRIA                              ","American Journal of Biochemistry and Biotechnology","B4",2008
"1046-199X","MEDICINA VETERINÁRIA                              ","American Journal of Contact Dermatitis (Cessou em 2003. Cont. ISSN 1710-3568 Dermatitis)","B4",2008
"0363-6143","MEDICINA VETERINÁRIA                              ","American Journal of Physiology. Cell Physiology","A1",2008
"0275-2565","MEDICINA VETERINÁRIA                              ","American Journal of Primatology (Print)","B1",2008
"0002-9645","MEDICINA VETERINÁRIA                              ","American Journal of Veterinary Research","B1",2008
"1075-9964","MEDICINA VETERINÁRIA                              ","Anaerobe (London. Print)","B1",2008
"0365-0596","MEDICINA VETERINÁRIA                              ","Anais Brasileiros de Dermatologia (Impresso)","B2",2008
"0001-3765","MEDICINA VETERINÁRIA                              ","Anais da Academia Brasileira de Ciências (Impresso)","B1",2008
"0213-5434","MEDICINA VETERINÁRIA                              ","Anales de Veterinaria de Murcia","B4",2008
"0340-2096","MEDICINA VETERINÁRIA                              ","Anatomia, Histologia, Embryologia","B1",2008
"0969-6970","MEDICINA VETERINÁRIA                              ","Angiogenesis (London)","B4",2008
"1049-5398","MEDICINA VETERINÁRIA                              ","Animal Biotechnology","B1",2008
"0377-8401","MEDICINA VETERINÁRIA                              ","Animal Feed Science and Technology (Print)","A2",2008
"1014-2339","MEDICINA VETERINÁRIA                              ","Animal Genetic Resources Information","B5",2008
"0268-9146","MEDICINA VETERINÁRIA                              ","Animal Genetics (Print)","A2",2008
"1806-9614","MEDICINA VETERINÁRIA                              ","Animal Reproduction","B3",2008
"0378-4320","MEDICINA VETERINÁRIA                              ","Animal Reproduction Science (Print)","A2",2008
"1344-3941","MEDICINA VETERINÁRIA                              ","Animal Science Journal","B1",2008
"0940-9602","MEDICINA VETERINÁRIA                              ","Annals of Anatomy","B1",2008
"0077-8923","MEDICINA VETERINÁRIA                              ","Annals of the New York Academy of Sciences","A2",2008
"0003-4983","MEDICINA VETERINÁRIA                              ","Annals of Tropical Medicine and Parasitology","B1",2008
"0066-4804","MEDICINA VETERINÁRIA                              ","Antimicrobial Agents and Chemotherapy (Print)","A1",2008
"0166-3542","MEDICINA VETERINÁRIA                              ","Antiviral Research","A1",2008
"0003-6072","MEDICINA VETERINÁRIA                              ","Antonie van Leeuwenhoek (Gedrukt)","B1",2008
"0099-2240","MEDICINA VETERINÁRIA                              ","Applied and Environmental Microbiology (Print)","A1",2008
"0168-1591","MEDICINA VETERINÁRIA                              ","Applied Animal Behaviour Science (Print)","B1",2008
"0169-1317","MEDICINA VETERINÁRIA                              ","Applied Clay Science (Print)","A2",2008
"0175-7598","MEDICINA VETERINÁRIA                              ","Applied Microbiology and Biotechnology","A2",2008
"0044-8486","MEDICINA VETERINÁRIA                              ","Aquaculture (Amsterdam)","B1",2008
"1355-557X","MEDICINA VETERINÁRIA                              ","Aquaculture Research (Print)","B1",2008
"1517-3011","MEDICINA VETERINÁRIA                              ","ARBS. Annual Review of Biomedical Sciences (Impresso)","B4",2008
"0302-8933","MEDICINA VETERINÁRIA                              ","Archives of Microbiology","A2",2008
"1381-3455","MEDICINA VETERINÁRIA                              ","Archives of Physiology and Biochemistry","B2",2008
"1517-784X","MEDICINA VETERINÁRIA                              ","Archives of Veterinary Science","B3",2008
"0304-8608","MEDICINA VETERINÁRIA                              ","Archives of Virology","A2",2008
"0301-732X","MEDICINA VETERINÁRIA                              ","Archivos de Medicina Veterinaria (Impresa)","B1",2008
"0004-0592","MEDICINA VETERINÁRIA                              ","Archivos de Zootecnia","B4",2008
"1022-1301","MEDICINA VETERINÁRIA                              ","Archivos Latinoamericanos de Producción Animal","B4",2008
"0102-0935","MEDICINA VETERINÁRIA                              ","Arquivo Brasileiro de Medicina Veterinária e Zootecnia","B1",2008
"0101-5230","MEDICINA VETERINÁRIA                              ","Arquivos (Faculdade de Veterinária, UFRGS) (Cessou em 2001. Cont. ISSN 1678-0345 Acta Scientiae Veterinariae (UFRGS. Impresso)","B4",2008
"0066-782X","MEDICINA VETERINÁRIA                              ","Arquivos Brasileiros de Cardiologia (Impresso)","B4",2008
"0004-2730","MEDICINA VETERINÁRIA                              ","Arquivos Brasileiros de Endocrinologia e Metabologia (Impresso)","B3",2008
"0004-2749","MEDICINA VETERINÁRIA                              ","Arquivos Brasileiros de Oftalmologia (Impresso)","B3",2008
"1414-7149","MEDICINA VETERINÁRIA                              ","Arquivos da APADEC (Cessou em 2005. Cont. ISSN 1980-959X Arquivos do Mudi)","B5",2008
"0100-2597","MEDICINA VETERINÁRIA                              ","Arquivos da Escola de Medicina Veterinaria da Universidade Federal da Bahia (Cessou em 1998. Cont. ISSN 1519-9940 Revista Brasileira de Saúde e Produção Animal)","B5",2008
"1415-8167","MEDICINA VETERINÁRIA                              ","Arquivos de Ciências Veterinárias e Zoologia da UNIPAR (Impresso)","B4",2008
"0004-282X","MEDICINA VETERINÁRIA                              ","Arquivos de Neuro-Psiquiatria (Impresso)","B1",2008
"0020-3653","MEDICINA VETERINÁRIA                              ","Arquivos do Instituto Biológico (Impresso)","B2",2008
"1808-1657","MEDICINA VETERINÁRIA                              ","Arquivos do Instituto Biológico (Online)","B2",2008
"1980-959X","MEDICINA VETERINÁRIA                              ","Arquivos do Mudi","B4",2008
"0100-3992","MEDICINA VETERINÁRIA                              ","Arquivos Médicos do ABC (Cessou em 2007. Cont. ISSN 1983-2451 Arquivos Brasileiros de Ciências da Saúde)","B5",2008
"0102-6380","MEDICINA VETERINÁRIA                              ","ARS Veterinária (Impresso)","B4",2008
"1446-991X","MEDICINA VETERINÁRIA                              ","Asian Wild Pig News (Print)","B4",2008
"0005-0423","MEDICINA VETERINÁRIA                              ","Australian Veterinary Journal","B1",2008
"1566-0702","MEDICINA VETERINÁRIA                              ","Autonomic Neuroscience: Basic & Clinical","A2",2008
"1414-4077","MEDICINA VETERINÁRIA                              ","Avaliação (UNICAMP)","B5",2008
"0716-260X","MEDICINA VETERINÁRIA                              ","Avances en Ciencias Veterinarias","B5",2008
"0005-2086","MEDICINA VETERINÁRIA                              ","Avian Diseases","B1",2008
"0307-9457","MEDICINA VETERINÁRIA                              ","Avian Pathology","B1",2008
"1516-3105","MEDICINA VETERINÁRIA                              ","Avicultura Industrial (Porto Feliz. Impresso)","B5",2008
"1742-7835","MEDICINA VETERINÁRIA                              ","Basic & Clinical Pharmacology & Toxicology (Print)","A2",2008
"0166-4328","MEDICINA VETERINÁRIA                              ","Behavioural Brain Research","A1",2008
"1806-4272","MEDICINA VETERINÁRIA                              ","BEPA. Boletim Epidemiológico Paulista (Online)","B5",2008
"0327-9545","MEDICINA VETERINÁRIA                              ","Biocell (Mendoza)","B1",2008
"1369-703X","MEDICINA VETERINÁRIA                              ","Biochemical Engineering Journal","A2",2008
"0006-2928","MEDICINA VETERINÁRIA                              ","Biochemical Genetics","B1",2008
"0006-2952","MEDICINA VETERINÁRIA                              ","Biochemical Pharmacology","A1",2008
"0305-1978","MEDICINA VETERINÁRIA                              ","Biochemical Systematics and Ecology","B1",2008
"1389-5729","MEDICINA VETERINÁRIA                              ","Biogerontology (Dordrecht)","A1",2008
"1367-4803","MEDICINA VETERINÁRIA                              ","Bioinformatics (Oxford. Print)","A1",2008
"1519-1982","MEDICINA VETERINÁRIA                              ","Biologia Geral e Experimental (Impresso)","B4",2008
"0006-3207","MEDICINA VETERINÁRIA                              ","Biological Conservation","A1",2008
"0006-3363","MEDICINA VETERINÁRIA                              ","Biology of Reproduction","A1",2008
"0120-4157","MEDICINA VETERINÁRIA                              ","Biomédica (Bogotá)","B4",2008
"0045-2068","MEDICINA VETERINÁRIA                              ","Bioorganic Chemistry (Print)","A2",2008
"0960-8524","MEDICINA VETERINÁRIA                              ","Bioresource Technology","A1",2008
"0104-4389","MEDICINA VETERINÁRIA                              ","Bios (Belo Horizonte)","B4",2008
"1981-3163","MEDICINA VETERINÁRIA                              ","Bioscience Journal (Online)","B4",2008
"1516-3725","MEDICINA VETERINÁRIA                              ","Bioscience Journal (UFU. Impresso)","B4",2008
"1678-6424","MEDICINA VETERINÁRIA                              ","Biota Neotropica (Edição em português. Impresso)","B4",2008
"1676-0611","MEDICINA VETERINÁRIA                              ","Biota Neotropica (Online. Edição em Inglês)","B4",2008
"1370-6233","MEDICINA VETERINÁRIA                              ","Biotechnologie, Agronomie, Société et Environnement (Printed)","B3",2008
"1682-2978","MEDICINA VETERINÁRIA                              ","Biotechnology (Faisalabad. Online)","B5",2008
"0141-5492","MEDICINA VETERINÁRIA                              ","Biotechnology Letters","B1",2008
"1414-4522","MEDICINA VETERINÁRIA                              ","Biotecnologia Ciência & Desenvolvimento (Impresso)","B4",2008
"0103-1643","MEDICINA VETERINÁRIA                              ","Biotemas (UFSC)","B3",2008
"1471-2164","MEDICINA VETERINÁRIA                              ","BMC Genomics","A1",2008
"1471-2334","MEDICINA VETERINÁRIA                              ","BMC Infectious Diseases (Online)","A2",2008
"1471-2180","MEDICINA VETERINÁRIA                              ","BMC Microbiology (Online)","A1",2008
"1756-0500","MEDICINA VETERINÁRIA                              ","BMC Research Notes","B4",2008
"1746-6148","MEDICINA VETERINÁRIA                              ","BMC Veterinary Research","B4",2008
"0101-3637","MEDICINA VETERINÁRIA                              ","Boletim da Sociedade Brasileira de Ciência e Tecnologia de Alimentos","B4",2008
"0067-9615","MEDICINA VETERINÁRIA                              ","Boletim de Indústria Animal (Impresso)","B4",2008
"1981-4100","MEDICINA VETERINÁRIA                              ","Boletim de Indústria Animal (Online)","B5",2008
"1677-891X","MEDICINA VETERINÁRIA                              ","Boletim de Pesquisa e Desenvolvimento (Embrapa Pecuária Sudeste. Impresso)","B5",2008
"0102-0323","MEDICINA VETERINÁRIA                              ","Boletim do Centro de Pesquisa e Processamento de Alimentos (Impresso)","B5",2008
"0046-9939","MEDICINA VETERINÁRIA                              ","Boletim do Instituto de Pesca (Impresso) (Cessou em 1982)","B4",2008
"1678-2305","MEDICINA VETERINÁRIA                              ","Boletim do Instituto de Pesca (Online)","B4",2008
"0102-4337","MEDICINA VETERINÁRIA                              ","Boletim do Laboratório de Hidrobiologia (UFAMA. Impresso)","B5",2008
"0213-6910","MEDICINA VETERINÁRIA                              ","Boletín de Sanidad Vegetal. Plagas","B4",2008
"8756-3282","MEDICINA VETERINÁRIA                              ","Bone (New York, N.Y.)","A1",2008
"0006-8705","MEDICINA VETERINÁRIA                              ","Bragantia (São Paulo, SP. Impresso)","B4",2008
"0889-1591","MEDICINA VETERINÁRIA                              ","Brain, Behavior, and Immunity","A1",2008
"1516-8913","MEDICINA VETERINÁRIA                              ","Brazilian Archives of Biology and Technology (Impresso)","B1",2008
"0103-6440","MEDICINA VETERINÁRIA                              ","Brazilian Dental Journal (Impresso)","B3",2008
"1519-6984","MEDICINA VETERINÁRIA                              ","Brazilian Journal of Biology (Impresso)","B2",2008
"1804-2953","MEDICINA VETERINÁRIA                              ","Brazilian Journal of Equine Medicine","B5",2008
"1516-7275","MEDICINA VETERINÁRIA                              ","Brazilian journal of food technology (Impresso)","B5",2008
"1517-7645","MEDICINA VETERINÁRIA                              ","Brazilian Journal of Food Technology. Preprint Serie","B5",2008
"0100-879X","MEDICINA VETERINÁRIA                              ","Brazilian Journal of Medical and Biological Research (Impresso)","B1",2008
"1517-8382","MEDICINA VETERINÁRIA                              ","Brazilian Journal of Microbiology (Impresso)","B1",2008
"1983-0246","MEDICINA VETERINÁRIA                              ","Brazilian Journal of Veterinary Pathology","B4",2008
"1413-9596","MEDICINA VETERINÁRIA                              ","Brazilian Journal of Veterinary Research and Animal Science (Impresso)","B2",2008
"0007-0912","MEDICINA VETERINÁRIA                              ","British Journal of Anaesthesia","A1",2008
"0007-1935","MEDICINA VETERINÁRIA                              ","British Veterinary Journal","B4",2008
"0125-6726","MEDICINA VETERINÁRIA                              ","Buffalo Bulletin","B4",2008
"0857-1554","MEDICINA VETERINÁRIA                              ","Buffalo Journal","B4",2008
"1677-5600","MEDICINA VETERINÁRIA                              ","Caderno de Pesquisa. Série Biologia (UNISC)","B4",2008
"0102-311X","MEDICINA VETERINÁRIA                              ","Cadernos de Saúde Pública (ENSP. Impresso)","B2",2008
"0103-510X","MEDICINA VETERINÁRIA                              ","Cadernos do CEAM (UnB)","B5",2008
"0102-7123","MEDICINA VETERINÁRIA                              ","Cadernos Técnicos da Escola de Veterinária da UFMG (Cessou em 1999. Cont. ISSN 1676-6024 Cadernos Técnicos de Veterinária e Zootecnia (UFMG))","B5",2008
"1676-6024","MEDICINA VETERINÁRIA                              ","Cadernos Técnicos de Veterinária e Zootecnia (UFMG)","B5",2008
"1809-6271","MEDICINA VETERINÁRIA                              ","Campo - Território","B5",2008
"0008-4166","MEDICINA VETERINÁRIA                              ","Canadian Journal of Microbiology (Print)","B1",2008
"0830-9000","MEDICINA VETERINÁRIA                              ","Canadian Journal of Veterinary Research","B1",2008
"0008-5286","MEDICINA VETERINÁRIA                              ","Canadian Veterinary Journal","B1",2008
"0008-5472","MEDICINA VETERINÁRIA                              ","Cancer Research (Chicago, Ill.)","A1",2008
"1347-9032","MEDICINA VETERINÁRIA                              ","Cancer Science","A1",2008
"0969-1251","MEDICINA VETERINÁRIA                              ","Cattle Practice","B2",2008
"0302-766X","MEDICINA VETERINÁRIA                              ","Cell and Tissue Research (Print)","A1",2008
"0263-6484","MEDICINA VETERINÁRIA                              ","Cell Biochemistry and Function","B1",2008
"0742-2091","MEDICINA VETERINÁRIA                              ","Cell Biology and Toxicology","A2",2008
"1538-344X","MEDICINA VETERINÁRIA                              ","Cell Preservation Technology (Cessou em 2008. Cont. ISSN 1947-5535 Biopreservation and Biobanking)","B2",2008
"0960-7722","MEDICINA VETERINÁRIA                              ","Cell Proliferation (Print)","A2",2008
"1422-6405","MEDICINA VETERINÁRIA                              ","Cells Tissues Organs (Print)","A2",2008
"1462-5814","MEDICINA VETERINÁRIA                              ","Cellular Microbiology (Print)","A1",2008
"1054-1500","MEDICINA VETERINÁRIA                              ","Chaos (Woodbury, N.Y.)","A2",2008
"0255-2701","MEDICINA VETERINÁRIA                              ","Chemical Engineering and Processing","B1",2008
"1612-1872","MEDICINA VETERINÁRIA                              ","Chemistry & Biodiversity (Print)","B1",2008
"1413-4403","MEDICINA VETERINÁRIA                              ","Chiroptera Neotropical","B4",2008
"1344-1051","MEDICINA VETERINÁRIA                              ","Chromosome Science","B4",2008
"0104-3773","MEDICINA VETERINÁRIA                              ","Ciencia Animal (UECE)","B4",2008
"1518-2797","MEDICINA VETERINÁRIA                              ","Ciência Animal Brasileira (UFG. Impresso)","B4",2008
"1413-7054","MEDICINA VETERINÁRIA                              ","Ciência e Agrotecnologia (UFLA)","B4",2008
"0009-6725","MEDICINA VETERINÁRIA                              ","Ciência e Cultura","B4",2008
"1413-8123","MEDICINA VETERINÁRIA                              ","Ciência e Saúde Coletiva (Impresso)","B4",2008
"0101-2061","MEDICINA VETERINÁRIA                              ","Ciência e Tecnologia de Alimentos (Impresso)","B3",2008
"1678-457X","MEDICINA VETERINÁRIA                              ","Ciência e Tecnologia de Alimentos (Online)","B3",2008
"1676-3149","MEDICINA VETERINÁRIA                              ","Ciência e Tecnologia Veterinária","B5",2008
"0101-8515","MEDICINA VETERINÁRIA                              ","Ciência Hoje","B5",2008
"0103-8478","MEDICINA VETERINÁRIA                              ","Ciência Rural (UFSM. Impresso)","B2",2008
"1415-6326","MEDICINA VETERINÁRIA                              ","Ciência Veterinária nos Trópicos","B4",2008
"1981-2086","MEDICINA VETERINÁRIA                              ","Circular Técnica (Embrapa Pecuária Sudeste. Online)","B4",2008
"0009-8981","MEDICINA VETERINÁRIA                              ","Clinica Chimica Acta (Print)","A1",2008
"1413-571X","MEDICINA VETERINÁRIA                              ","Clínica Veterinária (São Paulo)","B4",2008
"0305-1870","MEDICINA VETERINÁRIA                              ","Clinical and Experimental Pharmacology & Physiology","A2",2008
"1556-6811","MEDICINA VETERINÁRIA                              ","Clinical and Vaccine Immunology","A2",2008
"1198-743X","MEDICINA VETERINÁRIA                              ","Clinical Microbiology and Infection (Print)","A1",2008
"0196-4399","MEDICINA VETERINÁRIA                              ","Clinical Microbiology Newsletter","B4",2008
"0722-5091","MEDICINA VETERINÁRIA                              ","Clinical Neuropathology","B1",2008
"1536-2302","MEDICINA VETERINÁRIA                              ","Cloning and Stem Cells","A1",2008
"1809-8215","MEDICINA VETERINÁRIA                              ","Colloquium Agrariae (UNOESTE)","B4",2008
"1095-6433","MEDICINA VETERINÁRIA                              ","Comparative Biochemistry and Physiology. Part A, Molecular & Integrative Physiology","B1",2008
"1618-5641","MEDICINA VETERINÁRIA                              ","Comparative Clinical Pathology","B3",2008
"1618-565X","MEDICINA VETERINÁRIA                              ","Comparative Clinical Pathology (Online)","B3",2008
"0147-9571","MEDICINA VETERINÁRIA                              ","Comparative Immunology, Microbiology and Infectious Diseases","B1",2008
,"MEDICINA VETERINÁRIA                              ","Conselho Regional de Medicina Veterinária","B5",2008
"1566-0621","MEDICINA VETERINÁRIA                              ","Conservation Genetics","A2",2008
,"MEDICINA VETERINÁRIA                              ","CRMV-PR","B5",2008
"1679-8368","MEDICINA VETERINÁRIA                              ","Cultura Homeopática (Cessou em 2007. Cont. ISSN 1982-6206 International Journal of High Dilution Research)","B5",2008
"0343-8651","MEDICINA VETERINÁRIA                              ","Current Microbiology (Print)","B1",2008
"1424-8581","MEDICINA VETERINÁRIA                              ","Cytogenetic and Genome Research (Printed ed.)","A2",2008
"0956-5507","MEDICINA VETERINÁRIA                              ","Cytopathology (Oxford. Print)","B1",2008
"1518-952X","MEDICINA VETERINÁRIA                              ","Desenvolvimento e Meio Ambiente (UFPR)","B5",2008
"1424-6074","MEDICINA VETERINÁRIA                              ","Developments in Biologicals","B4",2008
"0732-8893","MEDICINA VETERINÁRIA                              ","Diagnostic Microbiology and Infectious Disease","A2",2008
"0177-5103","MEDICINA VETERINÁRIA                              ","Diseases of Aquatic Organisms","B1",2008
"1517-5111","MEDICINA VETERINÁRIA                              ","Documentos. Embrapa Cerrados","B4",2008
"0739-7240","MEDICINA VETERINÁRIA                              ","Domestic Animal Endocrinology","A2",2008
"0147-6513","MEDICINA VETERINÁRIA                              ","Ecotoxicology and Environmental Safety","A1",2008
"1519-0099","MEDICINA VETERINÁRIA                              ","Educere (Umuarama. Impresso)","B5",2008
"1518-6369","MEDICINA VETERINÁRIA                              ","Em Extensão (UFU. Impresso)","B5",2008
"1083-4699","MEDICINA VETERINÁRIA                              ","Embryo Transfer Newsletter","B5",2008
"1080-6040","MEDICINA VETERINÁRIA                              ","Emerging Infectious Diseases (Print)","A1",2008
"0013-7227","MEDICINA VETERINÁRIA                              ","Endocrinology (Philadelphia)","A1",2008
"0100-6916","MEDICINA VETERINÁRIA                              ","Engenharia Agrícola (Impresso)","B4",2008
"1415-6938","MEDICINA VETERINÁRIA                              ","Ensaios e Ciência (Campo Grande. Impresso)","B5",2008
"0328-0381","MEDICINA VETERINÁRIA                              ","Entomología y Vectores","B2",2008
"0013-872X","MEDICINA VETERINÁRIA                              ","Entomological News","B1",2008
"1382-6689","MEDICINA VETERINÁRIA                              ","Environmental Toxicology and Pharmacology","B1",2008
"0141-0229","MEDICINA VETERINÁRIA                              ","Enzyme and Microbial Technology","A2",2008
"0950-2688","MEDICINA VETERINÁRIA                              ","Epidemiology and Infection (Print)","A2",2008
"1478-0615","MEDICINA VETERINÁRIA                              ","Equine and Comparative Exercise Physiology (Cessou em 2007. Cont. ISSN 1755-2540 Comparative Exercise Physiology (Print))","B4",2008
"0102-2067","MEDICINA VETERINÁRIA                              ","Estudos de Biologia (UCP. Impresso)","B5",2008
"1438-2377","MEDICINA VETERINÁRIA                              ","European Food Research & Technology (Print)","B1",2008
"0265-0215","MEDICINA VETERINÁRIA                              ","European Journal of Anaesthesiology (Print)","B1",2008
"1388-9842","MEDICINA VETERINÁRIA                              ","European Journal of Heart Failure","A1",2008
"1436-6207","MEDICINA VETERINÁRIA                              ","European Journal of Nutrition (Print)","A2",2008
"1741-427X","MEDICINA VETERINÁRIA                              ","Evidence-Based Complementary and Alternative Medicine (Print)","A2",2008
"1678-5428","MEDICINA VETERINÁRIA                              ","Exacta (São Paulo. Impresso)","B5",2008
"1521-1363","MEDICINA VETERINÁRIA                              ","Exotic DVM","B4",2008
"0168-8162","MEDICINA VETERINÁRIA                              ","Experimental & Applied Acarology","B1",2008
"0940-2993","MEDICINA VETERINÁRIA                              ","Experimental and Toxicologic Pathology (Print)","B1",2008
"0014-4894","MEDICINA VETERINÁRIA                              ","Experimental Parasitology","B1",2008
"0958-0670","MEDICINA VETERINÁRIA                              ","Experimental Physiology (Print)","A1",2008
"1806-1958","MEDICINA VETERINÁRIA                              ","FAMAT em Revista (UFU)","B5",2008
"1806-1699","MEDICINA VETERINÁRIA                              ","FAZU em Revista (Uberaba)","B5",2008
"1777-5566","MEDICINA VETERINÁRIA                              ","Feedinfo News Service","B5",2008
"0928-8244","MEDICINA VETERINÁRIA                              ","FEMS Immunology and Medical Microbiology (Print)","A2",2008
"0378-1097","MEDICINA VETERINÁRIA                              ","FEMS Microbiology Letters","A2",2008
"1567-1356","MEDICINA VETERINÁRIA                              ","FEMS Yeast Research","A1",2008
"1050-4648","MEDICINA VETERINÁRIA                              ","Fish & Shellfish Immunology (Print)","A1",2008
"1518-9740","MEDICINA VETERINÁRIA                              ","Fisioterapia Brasil","B5",2008
"0882-5734","MEDICINA VETERINÁRIA                              ","Flavour and Fragrance Journal (Print)","B1",2008
"0015-5683","MEDICINA VETERINÁRIA                              ","Folia Parasitologica (Praha)","B1",2008
"0265-203X","MEDICINA VETERINÁRIA                              ","Food Additives and Contaminants (Cessou em 2008. Foi desdobrado em dois: Food Additives & Contaminants. Part B, Surveillance e Food Additives & Contaminants. Part A, Chemistry, Analysis, Control, Exposure & Risk Assessment)","B1",2008
"0954-0105","MEDICINA VETERINÁRIA                              ","Food and Agricultural Immunology","B1",2008
"0278-6915","MEDICINA VETERINÁRIA                              ","Food and Chemical Toxicology","A2",2008
"0956-7135","MEDICINA VETERINÁRIA                              ","Food Control","A2",2008
"0740-0020","MEDICINA VETERINÁRIA                              ","Food Microbiology (Print)","A1",2008
"0891-5849","MEDICINA VETERINÁRIA                              ","Free Radical Biology & Medicine","A1",2008
"0378-1119","MEDICINA VETERINÁRIA                              ","Gene (Amsterdam)","A1",2008
"0231-5882","MEDICINA VETERINÁRIA                              ","General Physiology and Biophysics","B1",2008
"1415-4757","MEDICINA VETERINÁRIA                              ","Genetics and Molecular Biology (Impresso)","B1",2008
"1676-5680","MEDICINA VETERINÁRIA                              ","Genetics and Molecular Research","B1",2008
"1474-7596","MEDICINA VETERINÁRIA                              ","Genome Biology (Cessou em 2005)","B4",2008
"1827-1987","MEDICINA VETERINÁRIA                              ","Geospatial Health (Testo stampato)","B1",2008
"1096-6374","MEDICINA VETERINÁRIA                              ","Growth Hormone & IGF Research","A2",2008
"0101-9171","MEDICINA VETERINÁRIA                              ","Higiene Alimentar","B4",2008
"0213-3911","MEDICINA VETERINÁRIA                              ","Histology and Histopathology","A2",2008
"1475-4916","MEDICINA VETERINÁRIA                              ","Homeopathy (Edinburgh. Print)","B1",2008
"1808-3064","MEDICINA VETERINÁRIA                              ","Horizonte Científico (Uberlândia)","B5",2008
"0198-8859","MEDICINA VETERINÁRIA                              ","Human Immunology","A1",2008
"1554-0014","MEDICINA VETERINÁRIA                              ","Hybridoma (Larchmont. 2005)","B1",2008
"0018-8158","MEDICINA VETERINÁRIA                              ","Hydrobiologia (The Hague. Print)","B1",2008
"0019-2805","MEDICINA VETERINÁRIA                              ","Immunology (Oxford. Print)","A1",2008
"0165-2478","MEDICINA VETERINÁRIA                              ","Immunology Letters","A1",2008
"0892-3973","MEDICINA VETERINÁRIA                              ","Immunopharmacology and Immunotoxicology","B1",2008
"0253-7613","MEDICINA VETERINÁRIA                              ","Indian Journal of Pharmacology","B3",2008
"0019-9567","MEDICINA VETERINÁRIA                              ","Infection and Immunity (Print)","A1",2008
"0100-3364","MEDICINA VETERINÁRIA                              ","Informe Agropecuário (Belo Horizonte)","B4",2008
"0965-1748","MEDICINA VETERINÁRIA                              ","Insect Biochemistry and Molecular Biology","A1",2008
"1567-5769","MEDICINA VETERINÁRIA                              ","International Immunopharmacology (Print)","A2",2008
"0020-7519","MEDICINA VETERINÁRIA                              ","International Journal for Parasitology","A1",2008
"0924-8579","MEDICINA VETERINÁRIA                              ","International Journal of Antimicrobial Agents (Print)","A1",2008
"1559-4602","MEDICINA VETERINÁRIA                              ","International Journal of Applied Research in Veterinary Medicine","B4",2008
"1559-470X","MEDICINA VETERINÁRIA                              ","International Journal of Applied Research in Veterinary Medicine (Online)","B5",2008
"0736-5748","MEDICINA VETERINÁRIA                              ","International Journal of Developmental Neuroscience","A2",2008
"0168-1605","MEDICINA VETERINÁRIA                              ","International Journal of Food Microbiology","A1",2008
"1982-6206","MEDICINA VETERINÁRIA                              ","International Journal of High Dilution Research","B5",2008
"1201-9712","MEDICINA VETERINÁRIA                              ","International Journal of Infectious Diseases","A2",2008
"0717-9502","MEDICINA VETERINÁRIA                              ","International Journal of Morphology (Online)","B4",2008
"0717-9367","MEDICINA VETERINÁRIA                              ","International Journal of Morphology (Print)","B4",2008
"1682-8356","MEDICINA VETERINÁRIA                              ","International Journal of Poultry Science","B4",2008
"0164-0291","MEDICINA VETERINÁRIA                              ","International Journal of Primatology","B1",2008
"1555-1431","MEDICINA VETERINÁRIA                              ","International Journal of Probiotics & Prebiotics","B5",2008
,"MEDICINA VETERINÁRIA                              ","Interural","B5",2008
"0300-5526","MEDICINA VETERINÁRIA                              ","Intervirology","B1",2008
"1516-6341","MEDICINA VETERINÁRIA                              ","Investigação (Franca)","B5",2008
"1518-8795","MEDICINA VETERINÁRIA                              ","Investigações em Ensino de Ciências (Online)","B5",2008
"1122-6714","MEDICINA VETERINÁRIA                              ","Italian Journal of Anatomy and Embryology","B4",2008
"1828-051X","MEDICINA VETERINÁRIA                              ","Italian Journal of Animal Science (Online)","B3",2008
"1594-4077","MEDICINA VETERINÁRIA                              ","Italian Journal of Animal Science (Testo stampato)","B2",2008
"0047-1917","MEDICINA VETERINÁRIA                              ","Japanese Journal of Veterinary Research","B1",2008
"0021-5295","MEDICINA VETERINÁRIA                              ","Japanese Journal of Veterinary Science (Cessou em 1990. Cont. ISSN 0916-7250 Journal of Veterinary Medical Science)","B4",2008
"0260-437X","MEDICINA VETERINÁRIA                              ","JAT. Journal of Applied Toxicology","A2",2008
"0104-8090","MEDICINA VETERINÁRIA                              ","Jornal Brasileiro de Patologia","B5",2008
"1676-2444","MEDICINA VETERINÁRIA                              ","Jornal Brasileiro de Patologia e Medicina Laboratorial (Impresso)","B4",2008
"1156-5233","MEDICINA VETERINÁRIA                              ","Journal de Mycologie Médicale","B1",2008
"0021-8782","MEDICINA VETERINÁRIA                              ","Journal of Anatomy (Print)","A2",2008
"1680-5593","MEDICINA VETERINÁRIA                              ","Journal of Animal and Veterinary Advances","B4",2008
"0931-2439","MEDICINA VETERINÁRIA                              ","Journal of Animal Physiology and Animal Nutrition (1986)","B1",2008
"0021-8812","MEDICINA VETERINÁRIA                              ","Journal of Animal Science","A2",2008
"0305-7453","MEDICINA VETERINÁRIA                              ","Journal of Antimicrobial Chemotherapy (Print)","A1",2008
"1234-1983","MEDICINA VETERINÁRIA                              ","Journal of Applied Genetics","B1",2008
"0175-8659","MEDICINA VETERINÁRIA                              ","Journal of Applied Ichthyology","B1",2008
"1364-5072","MEDICINA VETERINÁRIA                              ","Journal of Applied Microbiology (Print)","A2",2008
"1678-7757","MEDICINA VETERINÁRIA                              ","Journal of Applied Oral Science (Impresso)","B3",2008
"1056-6171","MEDICINA VETERINÁRIA                              ","Journal of Applied Poultry Research (Print)","B1",2008
"1082-6742","MEDICINA VETERINÁRIA                              ","Journal of Avian Medicine and Surgery","B1",2008
"0233-111X","MEDICINA VETERINÁRIA                              ","Journal of Basic Microbiology","B1",2008
"0021-924X","MEDICINA VETERINÁRIA                              ","Journal of Biochemistry (Tokyo)","A2",2008
"0145-479X","MEDICINA VETERINÁRIA                              ","Journal of Bioenergetics and Biomembranes","A2",2008
"1727-3048","MEDICINA VETERINÁRIA                              ","Journal of Biological Sciences (Faisalabad)","B4",2008
"0885-3282","MEDICINA VETERINÁRIA                              ","Journal of Biomaterials Applications","B1",2008
"0250-5991","MEDICINA VETERINÁRIA                              ","Journal of Biosciences","B1",2008
"0168-1656","MEDICINA VETERINÁRIA                              ","Journal of Biotechnology","A1",2008
"0268-2575","MEDICINA VETERINÁRIA                              ","Journal of Chemical Technology and Biotechnology (1986)","B1",2008
"1570-0232","MEDICINA VETERINÁRIA                              ","Journal of Chromatography. B (Print)","A2",2008
"0095-1137","MEDICINA VETERINÁRIA                              ","Journal of Clinical Microbiology (Print)","A1",2008
"0021-9975","MEDICINA VETERINÁRIA                              ","Journal of Comparative Pathology","B1",2008
"0174-1578","MEDICINA VETERINÁRIA                              ","Journal of Comparative Physiology. B, Biochemical, Systemic, and Environmental Physiology","B1",2008
"0022-0299","MEDICINA VETERINÁRIA                              ","Journal of Dairy Research (Print)","B1",2008
"0022-0302","MEDICINA VETERINÁRIA                              ","Journal of Dairy Science","A2",2008
"0022-0345","MEDICINA VETERINÁRIA                              ","Journal of Dental Research","A1",2008
"0737-0806","MEDICINA VETERINÁRIA                              ","Journal of Equine Veterinary Science (Print)","B1",2008
"0378-8741","MEDICINA VETERINÁRIA                              ","Journal of Ethnopharmacology","A2",2008
"1552-5007","MEDICINA VETERINÁRIA                              ","Journal of Experimental Zoology. Part B, Molecular and Developmental Evolution","A1",2008
"1098-612X","MEDICINA VETERINÁRIA                              ","Journal of Feline Medicine and Surgery","B1",2008
"0022-1112","MEDICINA VETERINÁRIA                              ","Journal of Fish Biology","B1",2008
"0022-1317","MEDICINA VETERINÁRIA                              ","Journal of General Virology (Print)","A1",2008
"0022-149X","MEDICINA VETERINÁRIA                              ","Journal of Helminthology","B1",2008
"1476-8518","MEDICINA VETERINÁRIA                              ","Journal of Immune Based Therapies and Vaccines","B4",2008
"1532-1819","MEDICINA VETERINÁRIA                              ","Journal of Immunoassay & Immunochemistry","B1",2008
"1367-5435","MEDICINA VETERINÁRIA                              ","Journal of Industrial Microbiology & Biotechnology","A2",2008
"1972-2680","MEDICINA VETERINÁRIA                              ","Journal of Infection in Developing Countries (Online)","B4",2008
"0022-1910","MEDICINA VETERINÁRIA                              ","Journal of Insect Physiology","A2",2008
"0022-2011","MEDICINA VETERINÁRIA                              ","Journal of Invertebrate Pathology (Print)","A2",2008
"0022-2461","MEDICINA VETERINÁRIA                              ","Journal of Materials Science","B1",2008
"0022-2585","MEDICINA VETERINÁRIA                              ","Journal of Medical Entomology","A2",2008
"0022-2615","MEDICINA VETERINÁRIA                              ","Journal of Medical Microbiology","A2",2008
"0047-2565","MEDICINA VETERINÁRIA                              ","Journal of Medical Primatology","B1",2008
"0146-6615","MEDICINA VETERINÁRIA                              ","Journal of Medical Virology (Print)","A1",2008
"0167-7012","MEDICINA VETERINÁRIA                              ","Journal of Microbiological Methods","A2",2008
"1225-8873","MEDICINA VETERINÁRIA                              ","Journal of Microbiology (Seoul. Print)","B1",2008
"1017-7825","MEDICINA VETERINÁRIA                              ","Journal of Microbiology and Biotechnology (Print)","B4",2008
"0022-2844","MEDICINA VETERINÁRIA                              ","Journal of Molecular Evolution","A1",2008
"1046-0756","MEDICINA VETERINÁRIA                              ","Journal of Muscle Foods","B1",2008
"1108-7161","MEDICINA VETERINÁRIA                              ","Journal of Musculoskeletal and Neuronal Interaction","B4",2008
"1533-4880","MEDICINA VETERINÁRIA                              ","Journal of Nanoscience and Nanotechnology (Print)","A2",2008
"0165-5728","MEDICINA VETERINÁRIA                              ","Journal of Neuroimmunology (Print)","A1",2008
"0360-4012","MEDICINA VETERINÁRIA                              ","Journal of Neuroscience Research","A1",2008
"1355-0284","MEDICINA VETERINÁRIA                              ","Journal of Neurovirology","A2",2008
"0278-2391","MEDICINA VETERINÁRIA                              ","Journal of Oral and Maxillofacial Surgery (Print)","B1",2008
"0904-2512","MEDICINA VETERINÁRIA                              ","Journal of Oral Pathology & Medicine","B1",2008
"1816-4943","MEDICINA VETERINÁRIA                              ","Journal of Parasitology (Faisalabad)","B4",2008
"0277-2116","MEDICINA VETERINÁRIA                              ","Journal of Pediatric Gastroenterology and Nutrition","A2",2008
"0022-3492","MEDICINA VETERINÁRIA                              ","Journal of Periodontology (1970)","A2",2008
"0142-7873","MEDICINA VETERINÁRIA                              ","Journal of Plankton Research","B1",2008
"1060-3999","MEDICINA VETERINÁRIA                              ","Journal of Rapid Methods and Automation in Microbiology","B1",2008
"0916-8818","MEDICINA VETERINÁRIA                              ","Journal of Reproduction and Development","B1",2008
"0165-0378","MEDICINA VETERINÁRIA                              ","Journal of Reproductive Immunology","A1",2008
"0022-4510","MEDICINA VETERINÁRIA                              ","Journal of Small Animal Practice","B1",2008
"0361-0470","MEDICINA VETERINÁRIA                              ","Journal of the American Society of Brewing Chemists","B1",2008
"0003-1488","MEDICINA VETERINÁRIA                              ","Journal of the American Veterinary Medical Association","B1",2008
"0103-5053","MEDICINA VETERINÁRIA                              ","Journal of the Brazilian Chemical Society (Impresso)","B1",2008
"1809-8401","MEDICINA VETERINÁRIA                              ","Journal of the Brazilian Society of Ecotoxicology","B5",2008
"0717-9707","MEDICINA VETERINÁRIA                              ","Journal of the Chilean Chemical Society (Online)","B4",2008
"0025-3154","MEDICINA VETERINÁRIA                              ","Journal of the Marine Biological Association of the United Kingdom (Print)","B1",2008
"0022-5142","MEDICINA VETERINÁRIA                              ","Journal of the Science of Food and Agriculture","B1",2008
"1019-9128","MEDICINA VETERINÁRIA                              ","Journal of the South African Veterinary Association","B2",2008
"0893-8849","MEDICINA VETERINÁRIA                              ","Journal of the World Aquaculture Society","B1",2008
"1479-5876","MEDICINA VETERINÁRIA                              ","Journal of Translational Medicine (Online)","A1",2008
"0971-0701","MEDICINA VETERINÁRIA                              ","Journal of Veterinary and Animal Sciences","B5",2008
"0898-7564","MEDICINA VETERINÁRIA                              ","Journal of Veterinary Dentistry","B1",2008
"1040-6387","MEDICINA VETERINÁRIA                              ","Journal of Veterinary Diagnostic Investigation","B1",2008
"1476-4431","MEDICINA VETERINÁRIA                              ","Journal of Veterinary Emergency and Critical Care (Online)","B4",2008
"0891-6640","MEDICINA VETERINÁRIA                              ","Journal of Veterinary Internal Medicine","A2",2008
"0916-7250","MEDICINA VETERINÁRIA                              ","Journal of Veterinary Medical Science","B1",2008
"0931-184X","MEDICINA VETERINÁRIA                              ","Journal of Veterinary Medicine. Series A","B1",2008
"0971-1031","MEDICINA VETERINÁRIA                              ","Journal of Veterinary Parasitology","B4",2008
"0140-7783","MEDICINA VETERINÁRIA                              ","Journal of Veterinary Pharmacology and Therapeutics (Print)","B1",2008
"1229-845X","MEDICINA VETERINÁRIA                              ","Journal of Veterinary Science (Seoul. Print)","B1",2008
"0166-0934","MEDICINA VETERINÁRIA                              ","Journal of Virological Methods","A2",2008
"0022-538X","MEDICINA VETERINÁRIA                              ","Journal of Virology (Print)","A1",2008
"0090-3558","MEDICINA VETERINÁRIA                              ","Journal of Wildlife Diseases","B1",2008
"1042-7260","MEDICINA VETERINÁRIA                              ","Journal of Zoo and Wildlife Medicine","B1",2008
"1470-3203","MEDICINA VETERINÁRIA                              ","JRAAS. Journal of the Renin-Angiotensin-Aldosterone System","A2",2008
"0023-4001","MEDICINA VETERINÁRIA                              ","Korean Journal of Parasitology (Print)","B2",2008
"0023-6861","MEDICINA VETERINÁRIA                              ","Laboratory Primate Newsletter","B4",2008
"1357-650X","MEDICINA VETERINÁRIA                              ","Laterality (Hove. Print)","B1",2008
"1807-9733","MEDICINA VETERINÁRIA                              ","Leite & Derivados","B5",2008
"0266-8254","MEDICINA VETERINÁRIA                              ","Letters in Applied Microbiology","B1",2008
"0024-3205","MEDICINA VETERINÁRIA                              ","Life Sciences (1973)","A1",2008
"0301-6226","MEDICINA VETERINÁRIA                              ","Livestock Production Science (Print) (Cessou em 2005. Cont. ISSN 1871-1413 Livestock Science (Print))","B5",2008
"0121-3784","MEDICINA VETERINÁRIA                              ","Livestock Research for Rural Development","B5",2008
"1871-1413","MEDICINA VETERINÁRIA                              ","Livestock Science (Print)","B1",2008
"1981-6804","MEDICINA VETERINÁRIA                              ","Locus Científico (ANPROTEC. Online)","B5",2008
"0961-2033","MEDICINA VETERINÁRIA                              ","Lupus (Basingstoke)","A2",2008
"0024-9297","MEDICINA VETERINÁRIA                              ","Macromolecules (Print)","A1",2008
"1230-4425","MEDICINA VETERINÁRIA                              ","Magazyn Weterynaryjny","B4",2008
"0102-5333","MEDICINA VETERINÁRIA                              ","Magistra","B4",2008
"0025-004X","MEDICINA VETERINÁRIA                              ","Magyar állatorvosok lapja / Hungarian Veterinary Journal","B2",2008
"0173-9565","MEDICINA VETERINÁRIA                              ","Marine Ecology (Berlin)","B1",2008
"0327-9383","MEDICINA VETERINÁRIA                              ","Mastozoología Neotropical (Impresa)","B4",2008
"0309-1740","MEDICINA VETERINÁRIA                              ","Meat Science","A2",2008
"1369-3786","MEDICINA VETERINÁRIA                              ","Medical Mycology (Oxford. Print)","A2",2008
"0025-7680","MEDICINA VETERINÁRIA                              ","Medicina (Buenos Aires)","B2",2008
"1809-4678","MEDICINA VETERINÁRIA                              ","Medicina Veterinária (UFRPE)","B4",2008
"1591-3090","MEDICINA VETERINÁRIA                              ","Medico e Bambino","B5",2008
"1678-1430","MEDICINA VETERINÁRIA                              ","MEDVEP. Revista Científica de Medicina Veterinária. Pequenos Animais e Animais de Estimação","B4",2008
"0074-0276","MEDICINA VETERINÁRIA                              ","Memórias do Instituto Oswaldo Cruz (Impresso)","B1",2008
"1286-4579","MEDICINA VETERINÁRIA                              ","Microbes and Infection","A1",2008
"1475-2859","MEDICINA VETERINÁRIA                              ","Microbial Cell Factories","A1",2008
"0095-3628","MEDICINA VETERINÁRIA                              ","Microbial Ecology","A1",2008
"0882-4010","MEDICINA VETERINÁRIA                              ","Microbial Pathogenesis","A2",2008
"0944-5013","MEDICINA VETERINÁRIA                              ","Microbiological Research (Print)","A2",2008
"0026-2617","MEDICINA VETERINÁRIA                              ","Microbiology (New York)","B1",2008
"1350-0872","MEDICINA VETERINÁRIA                              ","Microbiology (Reading. Print)","A1",2008
"0385-5600","MEDICINA VETERINÁRIA                              ","Microbiology and Immunology","B1",2008
"0968-4328","MEDICINA VETERINÁRIA                              ","Micron (Oxford. 1993)","B1",2008
"1059-910X","MEDICINA VETERINÁRIA                              ","Microscopy Research and Technique (Print)","A2",2008
"0895-2477","MEDICINA VETERINÁRIA                              ","Microwave and Optical Technology Letters (Print)","B1",2008
"0300-8177","MEDICINA VETERINÁRIA                              ","Molecular and Cellular Biochemistry","B1",2008
"0962-1083","MEDICINA VETERINÁRIA                              ","Molecular Ecology (Print)","A1",2008
"0161-5890","MEDICINA VETERINÁRIA                              ","Molecular Immunology","A1",2008
"1055-7903","MEDICINA VETERINÁRIA                              ","Molecular Phylogenetics and Evolution (Print)","A1",2008
"1040-452X","MEDICINA VETERINÁRIA                              ","Molecular Reproduction and Development","A2",2008
"1090-0535","MEDICINA VETERINÁRIA                              ","Molecular Vision","A2",2008
"1420-3049","MEDICINA VETERINÁRIA                              ","Molecules (Basel. Online)","B1",2008
"1383-5718","MEDICINA VETERINÁRIA                              ","Mutation Research. Genetic Toxicology and Environmental Mutagenesis","A2",2008
"0122-0268","MEDICINA VETERINÁRIA                              ","MVZ Cordoba","B4",2008
"0301-486X","MEDICINA VETERINÁRIA                              ","Mycopathologia (1975. Print)","B1",2008
"1516-6384","MEDICINA VETERINÁRIA                              ","Napgama (São Paulo)","B4",2008
"1545-0740","MEDICINA VETERINÁRIA                              ","Nature and Science (East Lansing, Mich.)","B5",2008
"1078-8956","MEDICINA VETERINÁRIA                              ","Nature Medicine (Print)","A1",2008
"0028-1298","MEDICINA VETERINÁRIA                              ","Naunyn-Schmiedeberg's Archives of Pharmacology","A1",2008
"0102-2997","MEDICINA VETERINÁRIA                              ","Nematologia Brasileira","B3",2008
"1519-566X","MEDICINA VETERINÁRIA                              ","Neotropical Entomology (Impresso)","B1",2008
"1995-1043","MEDICINA VETERINÁRIA                              ","Neotropical Helminthology","B5",2008
"0102-6224","MEDICINA VETERINÁRIA                              ","Nerítica (UFPR)","B5",2008
"1807-1058","MEDICINA VETERINÁRIA                              ","Neurociências (Rio de Janeiro)","B5",2008
"1021-7401","MEDICINA VETERINÁRIA                              ","Neuroimmunomodulation (Basel)","B1",2008
"0960-8966","MEDICINA VETERINÁRIA                              ","Neuromuscular Disorders","A1",2008
"0143-4179","MEDICINA VETERINÁRIA                              ","Neuropeptides (Edinburgh)","A2",2008
"0028-3908","MEDICINA VETERINÁRIA                              ","Neuropharmacology","A1",2008
"1089-8603","MEDICINA VETERINÁRIA                              ","Nitric Oxide (Print)","A1",2008
"1808-7191","MEDICINA VETERINÁRIA                              ","Nosso Clínico","B5",2008
"0168-9002","MEDICINA VETERINÁRIA                              ","Nuclear Instruments & Methods in Physics Research. Section A, Accelerators, Spectrometers, Detectors and Associated Equipment (Print)","B1",2008
"0143-3636","MEDICINA VETERINÁRIA                              ","Nuclear Medicine Communications","B1",2008
"0366-0567","MEDICINA VETERINÁRIA                              ","O Biológico (Campinas. Impresso) (Cessou em 1987)","B4",2008
"1980-6221","MEDICINA VETERINÁRIA                              ","O Biológico (Online) (São Paulo)","B5",2008
"1328-925X","MEDICINA VETERINÁRIA                              ","Online Journal of Veterinary Research","B3",2008
"1528-395X","MEDICINA VETERINÁRIA                              ","Oral Surgery, Oral Medicine, Oral Pathology, Oral Radiology and Endodontics (Online)","B4",2008
"0148-4737","MEDICINA VETERINÁRIA                              ","Paleopathology Newsletter","B4",2008
"1809-9009","MEDICINA VETERINÁRIA                              ","Pan-American Journal of Aquatic Sciences","B4",2008
"1519-1141","MEDICINA VETERINÁRIA                              ","Panorama da Aqüicultura","B5",2008
"0031-1049","MEDICINA VETERINÁRIA                              ","Papéis Avulsos de Zoologia (USP.Museu de Zoologia. Impresso)","B3",2008
"0717-7712","MEDICINA VETERINÁRIA                              ","Parasitología Latinoamericana (En línea)","B3",2008
"0717-7704","MEDICINA VETERINÁRIA                              ","Parasitología Latinoamericana (Impresa)","B3",2008
"1469-8161","MEDICINA VETERINÁRIA                              ","Parasitology (Cambridge. Online)","B5",2008
"0031-1820","MEDICINA VETERINÁRIA                              ","Parasitology (London. Print)","A2",2008
"1383-5769","MEDICINA VETERINÁRIA                              ","Parasitology International (Print)","A2",2008
"0932-0113","MEDICINA VETERINÁRIA                              ","Parasitology Research (1987. Print)","B1",2008
"0048-2951","MEDICINA VETERINÁRIA                              ","Parassitologia (Roma)","B2",2008
"1012-7410","MEDICINA VETERINÁRIA                              ","Pasturas Tropicales","B4",2008
"0344-0338","MEDICINA VETERINÁRIA                              ","Pathology, Research and Practice (Print)","B1",2008
"1399-543X","MEDICINA VETERINÁRIA                              ","Pediatric Diabetes (Print)","A2",2008
"0196-9781","MEDICINA VETERINÁRIA                              ","Peptides (New York, N.Y. 1980)","A2",2008
"0100-204X","MEDICINA VETERINÁRIA                              ","Pesquisa Agropecuária Brasileira (1977. Impressa)","B1",2008
"0104-9070","MEDICINA VETERINÁRIA                              ","Pesquisa Agropecuária Gaúcha","B4",2008
"1517-6398","MEDICINA VETERINÁRIA                              ","Pesquisa Agropecuária Tropical (Impresso)","B5",2008
"0103-4049","MEDICINA VETERINÁRIA                              ","Pesquisa Antartica Brasileira","B5",2008
"0100-736X","MEDICINA VETERINÁRIA                              ","Pesquisa Veterinária Brasileira (Impresso)","B1",2008
"0103-7277","MEDICINA VETERINÁRIA                              ","Pesticidas (UFPR)","B4",2008
"0177-7726","MEDICINA VETERINÁRIA                              ","Pferdeheilkunde","B1",2008
"0091-3057","MEDICINA VETERINÁRIA                              ","Pharmacology, Biochemistry and Behavior","A1",2008
"1827-8620","MEDICINA VETERINÁRIA                              ","Pharmacologyonline (Salerno)","B4",2008
"0031-9384","MEDICINA VETERINÁRIA                              ","Physiology & Behavior","A1",2008
"0944-7113","MEDICINA VETERINÁRIA                              ","Phytomedicine (Stuttgart)","A2",2008
"1352-9749","MEDICINA VETERINÁRIA                              ","Pig Journal","B4",2008
"0143-4004","MEDICINA VETERINÁRIA                              ","Placenta (Eastbourne)","A1",2008
"1808-9909","MEDICINA VETERINÁRIA                              ","Plant Cell Culture & Micropropagation","B5",2008
"0168-9452","MEDICINA VETERINÁRIA                              ","Plant Science (Limerick)","A2",2008
"1932-6203","MEDICINA VETERINÁRIA                              ","Plos One","B3",2008
"0032-5791","MEDICINA VETERINÁRIA                              ","Poultry Science (Print)","B1",2008
"0395-8639","MEDICINA VETERINÁRIA                              ","Pratique Vétérinaire Équine","B4",2008
"0167-5877","MEDICINA VETERINÁRIA                              ","Preventive Veterinary Medicine (Print)","B1",2008
"0343-3528","MEDICINA VETERINÁRIA                              ","Primate Report","B3",2008
"0027-8424","MEDICINA VETERINÁRIA                              ","Proceedings of the National Academy of Sciences of the United States of America","A1",2008
"0032-9592","MEDICINA VETERINÁRIA                              ","Process Biochemistry (1966) (Cessou em 1990. Cont. c/ outro título e ISSN. Cessou novamente e voltou a ter o título anterior [Process Biochemistry])","B5",2008
"0951-418X","MEDICINA VETERINÁRIA                              ","PTR. Phytotherapy Research","B1",2008
"0033-3506","MEDICINA VETERINÁRIA                              ","Public Health (London)","B1",2008
"0071-2477","MEDICINA VETERINÁRIA                              ","Publication - European Association for Animal Production","B5",2008
"1982-1263","MEDICINA VETERINÁRIA                              ","Pubvet (Londrina)","B5",2008
"0100-4042","MEDICINA VETERINÁRIA                              ","Química Nova (Impresso)","B1",2008
"1350-4487","MEDICINA VETERINÁRIA                              ","Radiation Measurements","B1",2008
"1516-9332","MEDICINA VETERINÁRIA                              ","RBCF. Revista Brasileira de Ciências Farmacêuticas (Cessou em 2008. Cont. ISSN 1984-8250 Brazilian Journal of Pharmaceutical Sciences)","B5",2008
"1381-5148","MEDICINA VETERINÁRIA                              ","Reactive & Functional Polymers (Print)","A2",2008
"1876-1429","MEDICINA VETERINÁRIA                              ","Recent Patents on Food, Nutrition & Agriculture","B5",2008
"1746-0751","MEDICINA VETERINÁRIA                              ","Regenerative Medicine (Print)","A1",2008
"1679-1916","MEDICINA VETERINÁRIA                              ","RENOTE. Revista Novas Tecnologias na Educação","B5",2008
"1470-1626","MEDICINA VETERINÁRIA                              ","Reproduction (Cambridge)","A1",2008
"0936-6768","MEDICINA VETERINÁRIA                              ","Reproduction in Domestic Animals (1990)","B1",2008
"1031-3613","MEDICINA VETERINÁRIA                              ","Reproduction, Fertility and Development","A2",2008
"1477-7827","MEDICINA VETERINÁRIA                              ","Reproductive Biology and Endocrinology","A1",2008
"1472-6483","MEDICINA VETERINÁRIA                              ","Reproductive BioMedicine Online (Print)","A1",2008
"0890-6238","MEDICINA VETERINÁRIA                              ","Reproductive Toxicology (Elmsford, N.Y.)","A1",2008
"0034-5288","MEDICINA VETERINÁRIA                              ","Research in Veterinary Science","B1",2008
"1815-8846","MEDICINA VETERINÁRIA                              ","Research Journal of Biological Sciences","B4",2008
"0103-989X","MEDICINA VETERINÁRIA                              ","Revista Acadêmica: Ciências Agrárias e Ambientais (PUCPR. Impresso)","B4",2008
"0718-378X","MEDICINA VETERINÁRIA                              ","Revista AIDIS de Ingeniería y Ciencias Ambientales","B5",2008
"0100-0233","MEDICINA VETERINÁRIA                              ","Revista Baiana de Saúde Publica","B4",2008
"0104-8996","MEDICINA VETERINÁRIA                              ","Revista Brasileira de Agrociencia (UFPEL)","B4",2008
"1980-9735","MEDICINA VETERINÁRIA                              ","Revista Brasileira de Agroecologia","B5",2008
"0370-369X","MEDICINA VETERINÁRIA                              ","Revista Brasileira de Analises Clinicas","B5",2008
"0034-7108","MEDICINA VETERINÁRIA                              ","Revista Brasileira de Biologia (Impresso) (Cessou em 2001. Cont. ISSN 1519-6984 Brazilian Journal of Biology (Impresso))","B4",2008
"1516-635X","MEDICINA VETERINÁRIA                              ","Revista Brasileira de Ciência Avícola / Brazilian Journal of Poultry Science","B4",2008
"1413-0130","MEDICINA VETERINÁRIA                              ","Revista Brasileira de Ciência Veterinária (Impresso)","B3",2008
"0102-9010","MEDICINA VETERINÁRIA                              ","Revista Brasileira de Ciências Morfológicas","B3",2008
"0102-7638","MEDICINA VETERINÁRIA                              ","Revista Brasileira de Cirurgia Cardiovascular (Impresso)","B4",2008
"1807-5509","MEDICINA VETERINÁRIA                              ","Revista Brasileira de Educação Física e Esporte (Impresso)","B5",2008
"1415-4366","MEDICINA VETERINÁRIA                              ","Revista Brasileira de Engenharia Agrícola e Ambiental (Impresso)","B4",2008
"1980-587X","MEDICINA VETERINÁRIA                              ","Revista Brasileira de Engenharia de Pesca","B4",2008
"0085-5626","MEDICINA VETERINÁRIA                              ","Revista Brasileira de Entomologia (Impresso)","B1",2008
"1415-790X","MEDICINA VETERINÁRIA                              ","Revista Brasileira de Epidemiologia (Impresso)","B4",2008
"0370-372X","MEDICINA VETERINÁRIA                              ","Revista Brasileira de Farmacia","B5",2008
"0102-695X","MEDICINA VETERINÁRIA                              ","Revista Brasileira de Farmacognosia (Impresso)","B3",2008
"1516-8484","MEDICINA VETERINÁRIA                              ","Revista Brasileira de Hematologia e Hemoterapia (Impresso)","B5",2008
"1517-8692","MEDICINA VETERINÁRIA                              ","Revista Brasileira de Medicina do Esporte (Impresso)","B4",2008
"1809-2063","MEDICINA VETERINÁRIA                              ","Revista Brasileira de Medicina Eqüina","B5",2008
"0100-2430","MEDICINA VETERINÁRIA                              ","Revista Brasileira de Medicina Veterinária","B4",2008
"1676-689X","MEDICINA VETERINÁRIA                              ","Revista Brasileira de Milho e Sorgo (Impresso)","B4",2008
"1981-9552","MEDICINA VETERINÁRIA                              ","Revista Brasileira de Nutrição Animal","B5",2008
"0103-7196","MEDICINA VETERINÁRIA                              ","Revista Brasileira de Nutrição Clínica","B5",2008
"0034-7272","MEDICINA VETERINÁRIA                              ","Revista Brasileira de Odontologia","B4",2008
"0102-3616","MEDICINA VETERINÁRIA                              ","Revista Brasileira de Ortopedia (Impresso)","B4",2008
"0103-846X","MEDICINA VETERINÁRIA                              ","Revista Brasileira de Parasitologia Veterinária (Impresso)","B3",2008
"1516-0572","MEDICINA VETERINÁRIA                              ","Revista Brasileira de Plantas Medicinais (Impresso)","B4",2008
"1516-4446","MEDICINA VETERINÁRIA                              ","Revista Brasileira de Psiquiatria (São Paulo. 1999. Impresso)","B1",2008
"0102-0803","MEDICINA VETERINÁRIA                              ","Revista Brasileira de Reprodução Animal (Impresso)","B3",2008
"1519-9940","MEDICINA VETERINÁRIA                              ","Revista Brasileira de Saúde e Produção Animal","B4",2008
"1415-2983","MEDICINA VETERINÁRIA                              ","Revista Brasileira de Toxicologia","B5",2008
"1517-6770","MEDICINA VETERINÁRIA                              ","Revista Brasileira de Zoociências","B4",2008
"0101-8175","MEDICINA VETERINÁRIA                              ","Revista Brasileira de Zoologia (Impresso) (Cessou em 2008. Cont. ISSN 1984-4670 Zoologia (Curitiba. Impresso))","B2",2008
"1516-3598","MEDICINA VETERINÁRIA                              ","Revista Brasileira de Zootecnia / Brazilian Journal of Animal Science","B1",2008
"1983-2125","MEDICINA VETERINÁRIA                              ","Revista Caatinga (Online)","B5",2008
"0100-316X","MEDICINA VETERINÁRIA                              ","Revista Caatinga (UFERSA. Impresso)","B5",2008
"0034-737X","MEDICINA VETERINÁRIA                              ","Revista Ceres","B3",2008
"1517-6959","MEDICINA VETERINÁRIA                              ","Revista CFMV (Brasília)","B5",2008
"0045-6888","MEDICINA VETERINÁRIA                              ","Revista Ciência Agronômica (UFC. Impresso)","B4",2008
"1679-4605","MEDICINA VETERINÁRIA                              ","Revista Ciência em Extensão","B5",2008
"1677-5090","MEDICINA VETERINÁRIA                              ","Revista Ciências Médicas e Biológicas","B5",2008
"1679-7353","MEDICINA VETERINÁRIA                              ","Revista Científica Eletrônica de Medicina Veterinária","B5",2008
"1413-8263","MEDICINA VETERINÁRIA                              ","Revista Científica Rural","B4",2008
"0120-0690","MEDICINA VETERINÁRIA                              ","Revista Colombiana de Ciencias Pecuarias","B4",2008
"1518-2843","MEDICINA VETERINÁRIA                              ","Revista da Faculdade de Medicina Veterinária de Valença","B5",2008
"0104-4257","MEDICINA VETERINÁRIA                              ","Revista da Faculdade de Zootecnia, Veterinaria e Agronomia (PUCRS. Uruguaiana)","B5",2008
"0037-8682","MEDICINA VETERINÁRIA                              ","Revista da Sociedade Brasileira de Medicina Tropical (Impresso)","B1",2008
"0100-4859","MEDICINA VETERINÁRIA                              ","Revista da Sociedade Brasileira de Zootecnia (Cessou em 1996. Cont. 1516-3598 Revista Brasileira de Zootecnia)","B5",2008
"0101-6040","MEDICINA VETERINÁRIA                              ","Revista DAE","B5",2008
"1519-5228","MEDICINA VETERINÁRIA                              ","Revista de Biologia e Ciências da Terra","B4",2008
"1807-9652","MEDICINA VETERINÁRIA                              ","Revista de Biologia Neotropical","B5",2008
"1517-591X","MEDICINA VETERINÁRIA                              ","Revista de Ciências Agrárias (Belém)","B4",2008
"1676-9732","MEDICINA VETERINÁRIA                              ","Revista de Ciências Agroveterinárias (UDESC)","B5",2008
"0101-3793","MEDICINA VETERINÁRIA                              ","Revista de Ciências Farmacêuticas (Araraquara)","B5",2008
"1808-4532","MEDICINA VETERINÁRIA                              ","Revista de Ciências Farmacêuticas Básica e Aplicada","B4",2008
"1679-981X","MEDICINA VETERINÁRIA                              ","Revista de Ciências Veterinárias (Leme)","B5",2008
"1516-3326","MEDICINA VETERINÁRIA                              ","Revista de Educação Continuada do CRMV-SP","B5",2008
"1413-7879","MEDICINA VETERINÁRIA                              ","Revista de Fisioterapia da Universidade de São Paulo","B5",2008
"1315-2556","MEDICINA VETERINÁRIA                              ","Revista de la Sociedad Venezolana de Microbiología","B4",2008
"0034-8554","MEDICINA VETERINÁRIA                              ","Revista de Medicina (USP)","B5",2008
"0375-1074","MEDICINA VETERINÁRIA                              ","Revista de Medicina Veterinaria (Bogotá) (Cessou em 1948. Cont. 0375-1074 Revista de Medicina Veterinaria (Bogotá))","B5",2008
"0104-3579","MEDICINA VETERINÁRIA                              ","Revista de Neurociências (EPM. Impresso)","B5",2008
"0103-1627","MEDICINA VETERINÁRIA                              ","Revista de Nutrição da PUCCAMP (Cessou em 1997. Cont. ISSN 1415-5273 Revista de Nutrição (Impresso))","B5",2008
"0301-0406","MEDICINA VETERINÁRIA                              ","Revista de Patologia Tropical (Impresso)","B4",2008
"1413-4969","MEDICINA VETERINÁRIA                              ","Revista de Política Agrícola","B5",2008
"0101-6083","MEDICINA VETERINÁRIA                              ","Revista de Psiquiatria Clínica (USP. Impresso)","B5",2008
"0253-570X","MEDICINA VETERINÁRIA                              ","Revista de Salud Animal","B4",2008
"0034-8910","MEDICINA VETERINÁRIA                              ","Revista de Saúde Pública (USP. Impresso)","B1",2008
"0073-9855","MEDICINA VETERINÁRIA                              ","Revista do Instituto Adolfo Lutz (Impresso)","B2",2008
"0104-1894","MEDICINA VETERINÁRIA                              ","Revista do Instituto de Ciencias da Saude (UNIP)","B5",2008
"0100-3674","MEDICINA VETERINÁRIA                              ","Revista do Instituto de Latícinios Cândido Tostes","B5",2008
"0036-4665","MEDICINA VETERINÁRIA                              ","Revista do Instituto de Medicina Tropical de São Paulo (Impresso)","B2",2008
"1695-7504","MEDICINA VETERINÁRIA                              ","Revista Electrónica de Veterinaria","B5",2008
"1517-1256","MEDICINA VETERINÁRIA                              ","Revista Eletrônica do Mestrado em Educação Ambiental","B5",2008
"1983-9006","MEDICINA VETERINÁRIA                              ","Revista Eletrônica Nutritime","B5",2008
"0101-5575","MEDICINA VETERINÁRIA                              ","Revista HCPA (UFRGS. Impresso)","B5",2008
"1130-1406","MEDICINA VETERINÁRIA                              ","Revista Iberoamericana de Micología","B3",2008
"1518-8434","MEDICINA VETERINÁRIA                              ","Revista Internacional de Língua Portuguesa (Pelotas)","B5",2008
"1909-0544","MEDICINA VETERINÁRIA                              ","Revista Mvz Cordoba","B4",2008
"1413-4837","MEDICINA VETERINÁRIA                              ","Revista Nacional da Carne","B5",2008
"1679-7140","MEDICINA VETERINÁRIA                              ","Revista Panamericana de Infectología (Impresso)","B5",2008
"0035-0389","MEDICINA VETERINÁRIA                              ","Revista Portuguesa de Ciências Veterinárias","B4",2008
"0104-7264","MEDICINA VETERINÁRIA                              ","Revista Universidade Rural. Série Ciências da Vida (Cessou em 2007. Cont. ISSN 1983-4772 Revista de Ciências da Vida)","B3",2008
"1414-0578","MEDICINA VETERINÁRIA                              ","Revista Universidade Rural. Série Ciências Exatas e da Terra (UFRRJ)","B5",2008
"1981-8203","MEDICINA VETERINÁRIA                              ","Revista Verde de Agroecologia e Desenvolvimento Sustentável","B5",2008
"1679-9801","MEDICINA VETERINÁRIA                              ","RSBC. Revista-Sociedades Brasileiras de Câncer (Impresso)","B5",2008
"0103-4499","MEDICINA VETERINÁRIA                              ","Saúde (Santa Maria)","B5",2008
"1983-1870","MEDICINA VETERINÁRIA                              ","Saúde e Pesquisa","B5",2008
"1981-1292","MEDICINA VETERINÁRIA                              ","Saúde em Evidência (FEJAL)","B5",2008
"0036-7281","MEDICINA VETERINÁRIA                              ","Schweizer Archiv für Tierheilkunde","B1",2008
"1518-2975","MEDICINA VETERINÁRIA                              ","Scientia (Vila Velha)","B5",2008
"0103-9016","MEDICINA VETERINÁRIA                              ","Scientia Agrícola (USP. Impresso)","B1",2008
"0327-859X","MEDICINA VETERINÁRIA                              ","Selecciones Veterinarias","B5",2008
"0101-3742","MEDICINA VETERINÁRIA                              ","Semina (Londrina)","B4",2008
"1676-546X","MEDICINA VETERINÁRIA                              ","Semina. Ciências Agrárias (Impresso)","B4",2008
"1679-0359","MEDICINA VETERINÁRIA                              ","Semina. Ciências Agrárias (Online)","B4",2008
"1519-6097","MEDICINA VETERINÁRIA                              ","Sitientibus. Série Ciências Biológicas","B4",2008
"0921-4488","MEDICINA VETERINÁRIA                              ","Small Ruminant Research","B1",2008
"1808-9798","MEDICINA VETERINÁRIA                              ","South American Journal of Herpetology (Impresso)","B3",2008
"1066-5099","MEDICINA VETERINÁRIA                              ","Stem Cells (Dayton, Ohio)","A1",2008
"1362-1971","MEDICINA VETERINÁRIA                              ","Systematic and Applied Acarology","B2",2008
"0165-5752","MEDICINA VETERINÁRIA                              ","Systematic Parasitology","B1",2008
"0040-1889","MEDICINA VETERINÁRIA                              ","Técnica Pecuaria en México","B4",2008
"1415-6229","MEDICINA VETERINÁRIA                              ","Tecno-Lógica (UNISC)","B5",2008
"1982-2871","MEDICINA VETERINÁRIA                              ","Tecnologia & Ciência Agropecuária","B5",2008
"0103-1805","MEDICINA VETERINÁRIA                              ","Tecnologia e Ciência (UFPB)","B5",2008
"0270-3211","MEDICINA VETERINÁRIA                              ","Teratogenesis, Carcinogenesis and Mutagenesis (Print) (Cessou em 2003. Cont. ISSN 1542-9733 Birth Defects Research. Part B. Developmental and Reproductive Toxicology)","B4",2008
"0002-9637","MEDICINA VETERINÁRIA                              ","The American Journal of Tropical Medicine and Hygiene","A2",2008
"0003-276X","MEDICINA VETERINÁRIA                              ","The Anatomical Record (Print) (Cessou em 2002. Foi desmembrado em dois: ISSN 1552-4884 The Anatomical Record. Part A, Discoveries in Molecular, Cellular, and Evolutionary Biology e ISSN 1552-4906 The Anatomical Record. Part B, New Anatomist)","B4",2008
"1816-0719","MEDICINA VETERINÁRIA                              ","The Biologist (Lima)","B4",2008
"1413-8670","MEDICINA VETERINÁRIA                              ","The Brazilian Journal of Infectious Diseases (Impresso)","B4",2008
"0749-8047","MEDICINA VETERINÁRIA                              ","The Clinical Journal of Pain","A1",2008
"1545-1003","MEDICINA VETERINÁRIA                              ","The Journal of American Science","B4",2008
"1537-064X","MEDICINA VETERINÁRIA                              ","The Journal of Applied Research","B4",2008
"1542-2666","MEDICINA VETERINÁRIA                              ","The Journal of Applied Research in Veterinary Medicine (Cessou em 2004. Cont. ISSN 1559-4602 International Journal of Applied Research in Veterinary Medicine)","B4",2008
"0021-9738","MEDICINA VETERINÁRIA                              ","The Journal of Clinical Investigation","A1",2008
"1049-2275","MEDICINA VETERINÁRIA                              ","The Journal of Craniofacial Surgery (Print)","B1",2008
"1041-2905","MEDICINA VETERINÁRIA                              ","The Journal of Essential Oil Research","B1",2008
"0022-2631","MEDICINA VETERINÁRIA                              ","The Journal of Membrane Biology (Print)","A2",2008
"0022-3395","MEDICINA VETERINÁRIA                              ","The Journal of Parasitology","B1",2008
"0104-7930","MEDICINA VETERINÁRIA                              ","The Journal of Venomous Animals and Toxins (Impresso)","B4",2008
"1678-9180","MEDICINA VETERINÁRIA                              ","The Journal of Venomous Animals and Toxins Including Tropical Diseases (CD-ROM)","B2",2008
"1678-9199","MEDICINA VETERINÁRIA                              ","The Journal of Venomous Animals and Toxins Including Tropical Diseases (Online)","B1",2008
"1874-2882","MEDICINA VETERINÁRIA                              ","The Open Nutrition Journal","B5",2008
"0891-3668","MEDICINA VETERINÁRIA                              ","The Pediatric Infectious Disease Journal","A1",2008
"0195-5616","MEDICINA VETERINÁRIA                              ","The Veterinary Clinics of North America. Small Animal Practice","B1",2008
"1090-0233","MEDICINA VETERINÁRIA                              ","The Veterinary Journal (London, England. 1997)","B1",2008
"0093-691X","MEDICINA VETERINÁRIA                              ","Theriogenology","A2",2008
"1434-1239","MEDICINA VETERINÁRIA                              ","Tierärztliche Praxis. Ausgabe Kleintiere, Heimtiere","B3",2008
"0040-8166","MEDICINA VETERINÁRIA                              ","Tissue & Cell","B1",2008
"0192-6233","MEDICINA VETERINÁRIA                              ","Toxicologic Pathology (Print)","B1",2008
"0887-2333","MEDICINA VETERINÁRIA                              ","Toxicology in Vitro","A2",2008
"0378-4274","MEDICINA VETERINÁRIA                              ","Toxicology Letters","A1",2008
"0041-0101","MEDICINA VETERINÁRIA                              ","Toxicon (Oxford)","A2",2008
"0035-9203","MEDICINA VETERINÁRIA                              ","Transactions of the Royal Society of Tropical Medicine and Hygiene","A2",2008
"0049-4747","MEDICINA VETERINÁRIA                              ","Tropical Animal Health and Production","B1",2008
"0771-3312","MEDICINA VETERINÁRIA                              ","Tropicultura (Antwerpen)","B4",2008
"1472-9792","MEDICINA VETERINÁRIA                              ","Tuberculosis (Edinburgh)","B1",2008
"1517-5979","MEDICINA VETERINÁRIA                              ","UNISA Biological and Health Sciences Journal","B5",2008
"1518-6334","MEDICINA VETERINÁRIA                              ","Universitas. Biociências (UNICEUB) (Cessou em 2001. Fundiu-se com ISSN 1518-6342 Universitas. Psicologia e ISSN 1678-5398 Universitas. Ciências da Súde (Impresso))","B5",2008
"0264-410X","MEDICINA VETERINÁRIA                              ","Vaccine (Guildford)","A1",2008
"1460-6887","MEDICINA VETERINÁRIA                              ","Vaccines, Children & Practice (Cessou em 2004)","B5",2008
"1530-3667","MEDICINA VETERINÁRIA                              ","Vector Borne and Zoonotic Diseases (Larchmont, N.Y.)","A2",2008
"0301-5092","MEDICINA VETERINÁRIA                              ","Veterinaria (México)","B3",2008
"0102-5716","MEDICINA VETERINÁRIA                              ","Veterinária e Zootecnia (UNESP)","B3",2008
"1679-5237","MEDICINA VETERINÁRIA                              ","Veterinária em Foco (ULBRA)","B4",2008
"0104-3463","MEDICINA VETERINÁRIA                              ","Veterinária Notícias (UFU. Impresso)","B4",2008
"0872-119X","MEDICINA VETERINÁRIA                              ","Veterinária Técnica","B4",2008
"0375-8427","MEDICINA VETERINÁRIA                              ","Veterinární Medicína","B1",2008
"0372-5480","MEDICINA VETERINÁRIA                              ","Veterinarski Arhiv (Tisak)","B3",2008
"1467-2987","MEDICINA VETERINÁRIA                              ","Veterinary Anaesthesia and Analgesia (Print)","B1",2008
"1476-5810","MEDICINA VETERINÁRIA                              ","Veterinary and Comparative Oncology (Print)","B1",2008
"0932-0814","MEDICINA VETERINÁRIA                              ","Veterinary and Comparative Orthopaedics and Traumatology","B1",2008
"0275-6382","MEDICINA VETERINÁRIA                              ","Veterinary Clinical Pathology","B1",2008
"0959-4493","MEDICINA VETERINÁRIA                              ","Veterinary Dermatology (Print)","B1",2008
"0165-2427","MEDICINA VETERINÁRIA                              ","Veterinary Immunology and Immunopathology (Print)","A2",2008
"0378-1135","MEDICINA VETERINÁRIA                              ","Veterinary Microbiology (Amsterdam. Print)","A2",2008
"1463-5216","MEDICINA VETERINÁRIA                              ","Veterinary Ophthalmology (Print)","B1",2008
"0304-4017","MEDICINA VETERINÁRIA                              ","Veterinary Parasitology (Print)","A2",2008
"0300-9858","MEDICINA VETERINÁRIA                              ","Veterinary Pathology (Cessou em uuuu)","B1",2008
"1058-8183","MEDICINA VETERINÁRIA                              ","Veterinary Radiology and Ultrasound","B1",2008
"0042-4900","MEDICINA VETERINÁRIA                              ","Veterinary Record","B1",2008
"0928-4249","MEDICINA VETERINÁRIA                              ","Veterinary Research (Print)","A1",2008
"0165-7380","MEDICINA VETERINÁRIA                              ","Veterinary Research Communications","B1",2008
"0161-3499","MEDICINA VETERINÁRIA                              ","Veterinary Surgery","B1",2008
"0920-8569","MEDICINA VETERINÁRIA                              ","Virus Genes","B1",2008
"0168-1702","MEDICINA VETERINÁRIA                              ","Virus Research (Print)","A2",2008
"1519-2563","MEDICINA VETERINÁRIA                              ","Virus Reviews and Research","B5",2008
"1413-3563","MEDICINA VETERINÁRIA                              ","Vittale (FURG)","B5",2008
"0273-1223","MEDICINA VETERINÁRIA                              ","Water Science and Technology","B1",2008
"0735-1917","MEDICINA VETERINÁRIA                              ","Water Supply (Cessou em 2000)","B5",2008
"0125-6491","MEDICINA VETERINÁRIA                              ","Wetchasan Sattawaphaet","B5",2008
"1035-3712","MEDICINA VETERINÁRIA                              ","Wildlife Research (East Melbourne)","B1",2008
"1007-9327","MEDICINA VETERINÁRIA                              ","World Journal of Gastroenterology","A2",2008
"0959-3993","MEDICINA VETERINÁRIA                              ","World Journal of Microbiology & Biotechnology","B1",2008
"1875-0710","MEDICINA VETERINÁRIA                              ","World Mycotoxin Journal (Print)","B4",2008
"0043-9339","MEDICINA VETERINÁRIA                              ","World's Poultry Science Journal","B1",2008
"0733-3188","MEDICINA VETERINÁRIA                              ","Zoo Biology","B1",2008
"1863-2378","MEDICINA VETERINÁRIA                              ","Zoonoses and Public Health (Internet)","B2",2008
"1863-1959","MEDICINA VETERINÁRIA                              ","Zoonoses and Public Health (Print)","B1",2008
"1175-5326","MEDICINA VETERINÁRIA                              ","Zootaxa (Auckland. Print)","B1",2008
"0967-1994","MEDICINA VETERINÁRIA                              ","Zygote (Cambridge. Print)","B1",2008
