"1982-2790","GEOCIÊNCIAS                                       ","A Ressurgência (Niterói)","C ",2008
"0149-1423","GEOCIÊNCIAS                                       ","AAPG Bulletin (Print)","B1",2008
"1806-9436","GEOCIÊNCIAS                                       ","Ação & Movimento (Rio de Janeiro)","B5",2008
"0044-5967","GEOCIÊNCIAS                                       ","Acta Amazonica (Impresso)","B2",2008
"0094-5765","GEOCIÊNCIAS                                       ","Acta Astronautica","B3",2008
"0101-5354","GEOCIÊNCIAS                                       ","Acta Biologica Leopoldensia (Cessou em 2006. Cont. ISSN 1809-9939 Neotropical Biology and Conservation)","B2",2008
"0102-3306","GEOCIÊNCIAS                                       ","Acta Botanica Brasílica (Impresso)","B2",2008
"1980-5772","GEOCIÊNCIAS                                       ","Acta Geográfica (UFRR)","B5",2008
"0001-5709","GEOCIÊNCIAS                                       ","Acta Geologica Polonica","B3",2008
"0323-4320","GEOCIÊNCIAS                                       ","Acta Hydrochimica et Hydrobiologica (Cessou em 2006)","B1",2008
"0102-6712","GEOCIÊNCIAS                                       ","Acta Limnológica Brasiliensia","B2",2008
"1000-0674","GEOCIÊNCIAS                                       ","Acta Micropalaeontologica Sinica (Beijing)","B3",2008
"0798-4545","GEOCIÊNCIAS                                       ","Acta Microscópica - Interamerican Committee of Societies for Electron Microscopy","B4",2008
"1146-609X","GEOCIÊNCIAS                                       ","Acta Oecologica (Montrouge)","B1",2008
"0567-7920","GEOCIÊNCIAS                                       ","Acta Palaeontologica Polonica","B1",2008
"1000-0569","GEOCIÊNCIAS                                       ","Acta Petrologica Sinica (Beijing)","B3",2008
"1679-9275","GEOCIÊNCIAS                                       ","Acta Scientiarum. Agronomy (Impresso)","B4",2008
"1679-9283","GEOCIÊNCIAS                                       ","Acta Scientiarum. Biological Sciences (Impresso)","B4",2008
"1806-2563","GEOCIÊNCIAS                                       ","Acta Scientiarum. Technology (Impresso)","B4",2008
"0001-706X","GEOCIÊNCIAS                                       ","Acta Tropica","A2",2008
"0326-1921","GEOCIÊNCIAS                                       ","Actas - Asociación Argentina de Geología Aplicada a la Ingeniería (Cessou em 1997. Cont. ISSN 1851-7838 Revista de Geología Aplicada a la Ingeniería y al Ambiente)","B5",2008
"1680-7340","GEOCIÊNCIAS                                       ","Advances in Geosciences (Print)","B3",2008
"0273-1177","GEOCIÊNCIAS                                       ","Advances in Space Research","B1",2008
"0278-6826","GEOCIÊNCIAS                                       ","Aerosol Science and Technology (Print)","A2",2008
"1981-1160","GEOCIÊNCIAS                                       ","Agrária (UFPE. Impresso)","B5",2008
"0168-1923","GEOCIÊNCIAS                                       ","Agricultural and Forest Meteorology (Print)","A1",2008
"0378-3774","GEOCIÊNCIAS                                       ","Agricultural Water Management (Print)","B1",2008
"0002-1962","GEOCIÊNCIAS                                       ","Agronomy Journal (Print)","B1",2008
"1415-6822","GEOCIÊNCIAS                                       ","Agropecuária Clima Temperado (Pelotas)","B5",2008
"0103-3816","GEOCIÊNCIAS                                       ","Agrotrópica (Itabuna)","B5",2008
"0101-7004","GEOCIÊNCIAS                                       ","Águas Subterrâneas (São Paulo)","B2",2008
"0094-243X","GEOCIÊNCIAS                                       ","AIP Conference Proceedings","C ",2008
"0311-5518","GEOCIÊNCIAS                                       ","Alcheringa (Sydney)","B3",2008
"0065-6755","GEOCIÊNCIAS                                       ","Amazoniana (Kiel)","B3",2008
"1808-0251","GEOCIÊNCIAS                                       ","Ambiência (UNICENTRO)","B5",2008
"1413-8638","GEOCIÊNCIAS                                       ","Ambiente & Educação (FURG)","B5",2008
"0044-7447","GEOCIÊNCIAS                                       ","Ambio (Oslo)","A2",2008
"0002-7014","GEOCIÊNCIAS                                       ","Ameghiniana","B1",2008
"0002-9122","GEOCIÊNCIAS                                       ","American Journal of Botany","A2",2008
"1553-345X","GEOCIÊNCIAS                                       ","American Journal of Environmental Sciences","B3",2008
"0002-9483","GEOCIÊNCIAS                                       ","American Journal of Physical Anthropology","A2",2008
"0275-2565","GEOCIÊNCIAS                                       ","American Journal of Primatology (Print)","A2",2008
"0002-9599","GEOCIÊNCIAS                                       ","American Journal of Science (1880)","A2",2008
"0003-0082","GEOCIÊNCIAS                                       ","American Museum Novitates","B1",2008
"0001-3765","GEOCIÊNCIAS                                       ","Anais da Academia Brasileira de Ciências (Impresso)","B1",2008
"0373-9260","GEOCIÊNCIAS                                       ","Anais Hidrográficos","B5",2008
"0003-2670","GEOCIÊNCIAS                                       ","Analytica Chimica Acta (Print)","A1",2008
"1618-2642","GEOCIÊNCIAS                                       ","Analytical and Bioanalytical Chemistry","A1",2008
"0003-2700","GEOCIÊNCIAS                                       ","Analytical Chemistry (Washington)","A1",2008
"0755-0685","GEOCIÊNCIAS                                       ","Annales Geophysicae (1983) (Cessou em 1985. Foi desdobrado em dois: ISSN 0980-8752 Annales Geophysicae. Series A, Upper atmosphere and space sciences e ISSN 0980-8760 Annales Geophysicae. Series B, Terrestrial and Planetary Physics)","B1",2008
"0992-7689","GEOCIÊNCIAS                                       ","Annales Geophysicae (Berlin)","B1",2008
"1286-4560","GEOCIÊNCIAS                                       ","Annals of Forest Science (Print)","B1",2008
"0260-3055","GEOCIÊNCIAS                                       ","Annals of Glaciology","B3",2008
"0013-8746","GEOCIÊNCIAS                                       ","Annals of the Entomological Society of America","B1",2008
"0077-8923","GEOCIÊNCIAS                                       ","Annals of the New York Academy of Sciences","A2",2008
"0954-1020","GEOCIÊNCIAS                                       ","Antarctic Science (Print)","B1",2008
"0101-9759","GEOCIÊNCIAS                                       ","Anuário do Instituto de Geociências (UFRJ. Impresso)","B4",2008
"0169-1317","GEOCIÊNCIAS                                       ","Applied Clay Science (Print)","A2",2008
"1350-4851","GEOCIÊNCIAS                                       ","Applied Economics Letters (Print)","B3",2008
"0306-2619","GEOCIÊNCIAS                                       ","Applied Energy","B1",2008
"0883-2927","GEOCIÊNCIAS                                       ","Applied Geochemistry","A2",2008
"1832-5505","GEOCIÊNCIAS                                       ","Applied GIS","B3",2008
"0307-904X","GEOCIÊNCIAS                                       ","Applied Mathematical Modelling","B1",2008
"0096-3003","GEOCIÊNCIAS                                       ","Applied Mathematics and Computation","B1",2008
"0003-6935","GEOCIÊNCIAS                                       ","Applied Optics (Cessou em 1989. Foi desdobrado em três: ISSN 1540-8973 Applied Optics. Information Processing, Applied Optics. Optical Technology e Applied Optics. Lasers and Photonics)","A2",2008
"0969-8043","GEOCIÊNCIAS                                       ","Applied Radiation and Isotopes","B1",2008
"0169-4332","GEOCIÊNCIAS                                       ","Applied Surface Science","B1",2008
"0044-8486","GEOCIÊNCIAS                                       ","Aquaculture (Amsterdam)","B1",2008
"1463-4988","GEOCIÊNCIAS                                       ","Aquatic Ecosystem Health & Management","B3",2008
"1380-6165","GEOCIÊNCIAS                                       ","Aquatic Geochemistry","B1",2008
"0103-5657","GEOCIÊNCIAS                                       ","Ararajuba (Rio de Janeiro)","B5",2008
"0003-9810","GEOCIÊNCIAS                                       ","Archives Internationales d'Histoire des Sciences","B3",2008
"0090-4341","GEOCIÊNCIAS                                       ","Archives of Environmental Contamination and Toxicology (Print)","A2",2008
"0374-5686","GEOCIÊNCIAS                                       ","Arquivos de Ciências do Mar","B5",2008
"1808-1657","GEOCIÊNCIAS                                       ","Arquivos do Instituto Biológico (Online)","B5",2008
"0365-4508","GEOCIÊNCIAS                                       ","Arquivos do Museu Nacional","B5",2008
"1513-6728","GEOCIÊNCIAS                                       ","Asian Journal of Geoinformatics","B3",2008
"0004-6361","GEOCIÊNCIAS                                       ","Astronomy & Astrophysics (Berlin. Print)","A1",2008
"0004-640X","GEOCIÊNCIAS                                       ","Astrophysics and Space Science","B1",2008
"1810-6528","GEOCIÊNCIAS                                       ","Astrophysics and Space Sciences Transactions (Print)","B3",2008
"0102-1656","GEOCIÊNCIAS                                       ","Atlântica","B4",2008
"0187-6236","GEOCIÊNCIAS                                       ","Atmósfera (México)","B2",2008
"1680-7324","GEOCIÊNCIAS                                       ","Atmospheric Chemistry and Physics (Online)","A1",2008
"1680-7316","GEOCIÊNCIAS                                       ","Atmospheric Chemistry and Physics (Print)","A1",2008
"1680-7375","GEOCIÊNCIAS                                       ","Atmospheric Chemistry and Physics Discussion (Online)","B3",2008
"1352-2310","GEOCIÊNCIAS                                       ","Atmospheric Environment (1994)","A1",2008
"0169-8095","GEOCIÊNCIAS                                       ","Atmospheric Research (Print)","B1",2008
"1530-261X","GEOCIÊNCIAS                                       ","Atmospheric Science Letters","B3",2008
"0077-5630","GEOCIÊNCIAS                                       ","Atoll Research Bulletin","B3",2008
"1120-6349","GEOCIÊNCIAS                                       ","Atti della Accademia Nazionale dei Lincei. Rendiconti Lincei. Scienze Fisiche e Naturali (Testo Stampato)","B3",2008
"0004-7856","GEOCIÊNCIAS                                       ","Aufschluss (Heidelberg)","B4",2008
"0519-4334","GEOCIÊNCIAS                                       ","Aufschluss, Sonderheft","B4",2008
"1442-9985","GEOCIÊNCIAS                                       ","Austral Ecology (Print)","A2",2008
"0004-9174","GEOCIÊNCIAS                                       ","Australian Gemmologist","B4",2008
"0004-9743","GEOCIÊNCIAS                                       ","Australian Meteorological Magazine","B1",2008
"1515-1565","GEOCIÊNCIAS                                       ","Avances en Análisis por Técnicas de Rayos X","B5",2008
"0329-5184","GEOCIÊNCIAS                                       ","Avances en Energías Renovables y Medio Ambiente","B5",2008
"0950-091X","GEOCIÊNCIAS                                       ","Basin Research (Print)","A2",2008
"0960-3115","GEOCIÊNCIAS                                       ","Biodiversity and Conservation","B1",2008
"0168-2563","GEOCIÊNCIAS                                       ","Biogeochemistry (Dordrecht)","A1",2008
"1726-4170","GEOCIÊNCIAS                                       ","Biogeosciences (Katlenburg-Lindau. Print)","A1",2008
"1810-6285","GEOCIÊNCIAS                                       ","Biogeosciences Discussion (Online)","B3",2008
"0953-5365","GEOCIÊNCIAS                                       ","Biological Sciences Review","C ",2008
"1516-3725","GEOCIÊNCIAS                                       ","Bioscience Journal (UFU. Impresso)","B5",2008
"1676-0603","GEOCIÊNCIAS                                       ","Biota Neopropica (Edição em Português. Online)","B2",2008
"1678-6424","GEOCIÊNCIAS                                       ","Biota Neotropica (Edição em português. Impresso)","B2",2008
"0006-3606","GEOCIÊNCIAS                                       ","Biotropica (Lawrence, KS)","A2",2008
"1676-014X","GEOCIÊNCIAS                                       ","Boletim da Sociedade Brasileira de Meteorologia","B5",2008
"1413-4853","GEOCIÊNCIAS                                       ","Boletim de Ciências Geodésicas (Impresso)","B2",2008
"0102-9304","GEOCIÊNCIAS                                       ","Boletim de Geociências da PETROBRAS (Impresso)","B4",2008
"1806-2881","GEOCIÊNCIAS                                       ","Boletim de Geociências da Petrobras (Online)","B4",2008
"0080-3200","GEOCIÊNCIAS                                       ","Boletim do Museu Nacional. Geologia (Cessou em 1983)","C ",2008
"0103-4278","GEOCIÊNCIAS                                       ","Boletim do Museu Paraense Emílio Goeldi. Série Ciências da Terra","B4",2008
"0101-708X","GEOCIÊNCIAS                                       ","Boletim Goiano de Geografia (Impresso)","B5",2008
"0102-6283","GEOCIÊNCIAS                                       ","Boletim IG-USP. Série Científica (Cessou em 1998. Cont. ISSN 1519-874X Geologia USP. Série Científica)","B2",2008
"0067-964X","GEOCIÊNCIAS                                       ","Boletim Paranaense de Geociências","B4",2008
"1518-9082","GEOCIÊNCIAS                                       ","Boletim Técnico da Faculdade de Tecnologia de São Paulo","B5",2008
"0716-0763","GEOCIÊNCIAS                                       ","Boletín Antártico Chileno","B4",2008
"0120-0283","GEOCIÊNCIAS                                       ","Boletin de Geologia","B4",2008
"0366-0176","GEOCIÊNCIAS                                       ","Boletín Geológico y Minero","B3",2008
"0006-8314","GEOCIÊNCIAS                                       ","Boundary - Layer Meteorology","A1",2008
"0006-8705","GEOCIÊNCIAS                                       ","Bragantia (São Paulo, SP. Impresso)","B2",2008
"1516-8913","GEOCIÊNCIAS                                       ","Brazilian Archives of Biology and Technology (Impresso)","B2",2008
"1808-7035","GEOCIÊNCIAS                                       ","Brazilian Journal of Aquatic Science and Technology (Impresso)","B4",2008
"1519-6984","GEOCIÊNCIAS                                       ","Brazilian Journal of Biology (Impresso)","B2",2008
"0104-6632","GEOCIÊNCIAS                                       ","Brazilian Journal of Chemical Engineering (Impresso)","B2",2008
"1516-5868","GEOCIÊNCIAS                                       ","Brazilian Journal of Ecology (Impresso)","B5",2008
"1519-1192","GEOCIÊNCIAS                                       ","Brazilian Journal of Investigative Pathology, Morphology and Morphometry","B2",2008
"1517-8382","GEOCIÊNCIAS                                       ","Brazilian Journal of Microbiology (Impresso)","B2",2008
"1679-8759","GEOCIÊNCIAS                                       ","Brazilian Journal of Oceanography (Impresso)","B2",2008
"1982-0593","GEOCIÊNCIAS                                       ","Brazilian Journal of Petroleum and Gas","B4",2008
"0103-9733","GEOCIÊNCIAS                                       ","Brazilian Journal of Physics (Impresso)","B2",2008
"1677-0420","GEOCIÊNCIAS                                       ","Brazilian Journal of Plant Physiology (Impresso)","B2",2008
"0160-7782","GEOCIÊNCIAS                                       ","Bulletin - Geothermal Resources Council","B4",2008
"1524-4156","GEOCIÊNCIAS                                       ","Bulletin - New Mexico Museum of Natural History and Science","B5",2008
"0037-9409","GEOCIÊNCIAS                                       ","Bulletin de la Société Géologique de France","B1",2008
"1435-9537","GEOCIÊNCIAS                                       ","Bulletin of Engineering Geology and the Environment (Internet)","B3",2008
"0007-4861","GEOCIÊNCIAS                                       ","Bulletin of Environmental Contamination and Toxicology","B3",2008
"1214-1119","GEOCIÊNCIAS                                       ","Bulletin of Geosciences (Print)","B3",2008
"0003-0007","GEOCIÊNCIAS                                       ","Bulletin of the American Meteorological Society","A1",2008
"0012-9623","GEOCIÊNCIAS                                       ","Bulletin of the Ecological Society of America (Cessou em 2002. Cont. Bulletin of the Ecological Society of America (Online))","B3",2008
"0258-8900","GEOCIÊNCIAS                                       ","Bulletin of Volcanology (Print)","A2",2008
"0102-3543","GEOCIÊNCIAS                                       ","C&T. Revista Militar de Ciência e Tecnologia","B5",2008
"1980-0223","GEOCIÊNCIAS                                       ","Cadernos de Ecologia Aquática","B5",2008
"0104-2327","GEOCIÊNCIAS                                       ","Cadernos de Geociencias (UFBA)","B5",2008
"0102-311X","GEOCIÊNCIAS                                       ","Cadernos de Saúde Pública (ENSP. Impresso)","B2",2008
"1679-3951","GEOCIÊNCIAS                                       ","Cadernos EBAPE.BR (FGV)","B5",2008
"1414-462X","GEOCIÊNCIAS                                       ","Cadernos Saúde Coletiva (UFRJ)","B5",2008
"1678-6343","GEOCIÊNCIAS                                       ","Caminhos de Geografia (UFU)","B5",2008
"0008-4077","GEOCIÊNCIAS                                       ","Canadian Journal of Earth Sciences (Print)","B1",2008
"0703-8992","GEOCIÊNCIAS                                       ","Canadian Journal of Remote Sensing (Cessou em 2004. Cont. ISSN 1712-798X Canadian Journal of Remote Sensing (CD-ROM))","B1",2008
"0008-4476","GEOCIÊNCIAS                                       ","Canadian Mineralogist","B1",2008
"0891-2556","GEOCIÊNCIAS                                       ","Carbonates and Evaporites","B3",2008
"1523-0406","GEOCIÊNCIAS                                       ","Cartography and Geographic Information Science (Print)","B3",2008
"0341-8162","GEOCIÊNCIAS                                       ","Catena (Cremlingen)","A2",2008
"1065-6995","GEOCIÊNCIAS                                       ","Cell Biology International (Print)","B1",2008
"0008-8846","GEOCIÊNCIAS                                       ","Cement and Concrete Research","B1",2008
"0366-6913","GEOCIÊNCIAS                                       ","Cerâmica (São Paulo. Impresso)","B2",2008
"1413-4608","GEOCIÊNCIAS                                       ","Cerâmica Industrial (Impresso)","B5",2008
"1678-7722","GEOCIÊNCIAS                                       ","Cerâmica Informação","B5",2008
"1054-1500","GEOCIÊNCIAS                                       ","Chaos (Woodbury, N.Y.)","A2",2008
"0960-0779","GEOCIÊNCIAS                                       ","Chaos, Solitons and Fractals","A1",2008
"1071-8443","GEOCIÊNCIAS                                       ","Chelonian Conservation and Biology","B1",2008
"0009-2541","GEOCIÊNCIAS                                       ","Chemical Geology","A1",2008
"0009-2797","GEOCIÊNCIAS                                       ","Chemico-Biological Interactions (Print)","A1",2008
"0009-2819","GEOCIÊNCIAS                                       ","Chemie der Erde","B1",2008
"0045-6535","GEOCIÊNCIAS                                       ","Chemosphere (Oxford)","A1",2008
"1001-6538","GEOCIÊNCIAS                                       ","Chinese Science Bulletin","B3",2008
"1676-4188","GEOCIÊNCIAS                                       ","Ciência & Ambiente","B5",2008
"0103-944X","GEOCIÊNCIAS                                       ","Ciência & Engenharia (UFU. Impresso)","B5",2008
"1413-7054","GEOCIÊNCIAS                                       ","Ciência e Agrotecnologia (UFLA)","B5",2008
"0009-6725","GEOCIÊNCIAS                                       ","Ciência e Cultura","B2",2008
"0103-5703","GEOCIÊNCIAS                                       ","Ciencia e Filosofia (USP)","B5",2008
"0100-8307","GEOCIÊNCIAS                                       ","Ciência e Natura","B4",2008
"0103-9954","GEOCIÊNCIAS                                       ","Ciência Florestal (UFSM. Impresso)","B5",2008
"0101-8515","GEOCIÊNCIAS                                       ","Ciência Hoje","B5",2008
"0103-8478","GEOCIÊNCIAS                                       ","Ciência Rural (UFSM. Impresso)","B2",2008
"0100-1515","GEOCIÊNCIAS                                       ","Ciência, Técnica, Petróleo. Seção Exploração de Petróleo","B5",2008
"0185-3880","GEOCIÊNCIAS                                       ","Ciencias Marinas","B1",2008
"0100-0039","GEOCIÊNCIAS                                       ","Científica (UNESP) (Cessou em 2006)","B4",2008
"0009-8558","GEOCIÊNCIAS                                       ","Clay Minerals (Print)","B3",2008
"0009-8604","GEOCIÊNCIAS                                       ","Clays and Clay Minerals","B1",2008
"0930-7575","GEOCIÊNCIAS                                       ","Climate Dynamics","A1",2008
"1814-9324","GEOCIÊNCIAS                                       ","Climate of the Past (Print)","A2",2008
"0936-577X","GEOCIÊNCIAS                                       ","Climate Research","A2",2008
"0165-0009","GEOCIÊNCIAS                                       ","Climatic Change","A1",2008
"0378-3839","GEOCIÊNCIAS                                       ","Coastal Engineering","A2",2008
"1809-6875","GEOCIÊNCIAS                                       ","Coffee Science","B5",2008
"0927-7757","GEOCIÊNCIAS                                       ","Colloids and Surfaces. A, Physicochemical and Engineering Aspects (Print)","A2",2008
"1519-7654","GEOCIÊNCIAS                                       ","ComCiência (UNICAMP)","B5",2008
"0010-3624","GEOCIÊNCIAS                                       ","Communications in Soil Science and Plant Analysis","B3",2008
"1631-0713","GEOCIÊNCIAS                                       ","Comptes Rendus. Géoscience","B1",2008
"1631-0683","GEOCIÊNCIAS                                       ","Comptes Rendus. Palévol","B3",2008
"1420-0597","GEOCIÊNCIAS                                       ","Computational Geosciences (Amsterdam)","B1",2008
"0098-3004","GEOCIÊNCIAS                                       ","Computers & Geosciences","B1",2008
"0198-9715","GEOCIÊNCIAS                                       ","Computers, Environment and Urban Systems","B1",2008
"0797-8529","GEOCIÊNCIAS                                       ","Comunicaciones (Montevideo)","B5",2008
"1532-0626","GEOCIÊNCIAS                                       ","Concurrency and Computation","A2",2008
"0278-4343","GEOCIÊNCIAS                                       ","Continental Shelf Research","A2",2008
"0010-7999","GEOCIÊNCIAS                                       ","Contributions to Mineralogy and Petrology","A1",2008
"0103-1759","GEOCIÊNCIAS                                       ","Controle & Automação (Impresso)","B4",2008
"0045-8511","GEOCIÊNCIAS                                       ","Copeia","B1",2008
"0722-4028","GEOCIÊNCIAS                                       ","Coral Reefs (Print)","A1",2008
"0195-6671","GEOCIÊNCIAS                                       ","Cretaceous Research (Print)","B1",2008
"0011-1643","GEOCIÊNCIAS                                       ","Croatica Chemica Acta","B1",2008
"1063-7745","GEOCIÊNCIAS                                       ","Crystallography Reports (Print)","B3",2008
"0011-3891","GEOCIÊNCIAS                                       ","Current Science (Bangalore)","B1",2008
"0967-0637","GEOCIÊNCIAS                                       ","Deep-Sea Research. Part 1. Oceanographic Research Papers","A2",2008
"0967-0645","GEOCIÊNCIAS                                       ","Deep-Sea Research. Part 2. Tropical Studies in Oceanography","B1",2008
"1518-952X","GEOCIÊNCIAS                                       ","Desenvolvimento e Meio Ambiente (UFPR)","B4",2008
"0013-9998","GEOCIÊNCIAS                                       ","Die Erde (Berlin)","C ",2008
"1005-2321","GEOCIÊNCIAS                                       ","Dixue Qianyuan / Earth Science Frontiers","B5",2008
"0869-5652","GEOCIÊNCIAS                                       ","Doklady Akademii Nauk. Rossijskaâ Akademiâ Nauk","C ",2008
"1028-334X","GEOCIÊNCIAS                                       ","Doklady Earth Sciences","B3",2008
"0012-7353","GEOCIÊNCIAS                                       ","DYNA (Medellín)","B2",2008
"0377-0265","GEOCIÊNCIAS                                       ","Dynamics of Atmospheres and Oceans","A2",2008
"0012-821X","GEOCIÊNCIAS                                       ","Earth and Planetary Science Letters","A1",2008
"1087-3562","GEOCIÊNCIAS                                       ","Earth Interactions","A2",2008
"1794-6190","GEOCIÊNCIAS                                       ","EARTH SCIENCES RESEARCH JOURNAL","B4",2008
"1096-9837","GEOCIÊNCIAS                                       ","Earth Surface Processes and Landforms (Online)","A2",2008
"0197-9337","GEOCIÊNCIAS                                       ","Earth Surface Processes and Landforms (Print)","A2",2008
"1343-8832","GEOCIÊNCIAS                                       ","Earth, Planets and Space","B1",2008
"0100-4670","GEOCIÊNCIAS                                       ","Eclética Química (UNESP. Araraquara. Impresso)","B5",2008
"0906-7590","GEOCIÊNCIAS                                       ","Ecography (Copenhagen)","A1",2008
"1642-3593","GEOCIÊNCIAS                                       ","Ecohydrology & Hydrobiology","B3",2008
"1051-0761","GEOCIÊNCIAS                                       ","Ecological Applications","A1",2008
"0304-3800","GEOCIÊNCIAS                                       ","Ecological Modelling","A2",2008
"1518-2932","GEOCIÊNCIAS                                       ","Economia & Energia (Online)","C ",2008
"0361-0128","GEOCIÊNCIAS                                       ","Economic Geology and the Bulletin of the Society of Economic Geologists","A1",2008
"1432-9840","GEOCIÊNCIAS                                       ","Ecosystems (New York. Print)","A1",2008
"0147-6513","GEOCIÊNCIAS                                       ","Ecotoxicology and Environmental Safety","A2",2008
"1679-5229","GEOCIÊNCIAS                                       ","Edição especial scientific American Brasil","C ",2008
"0922-3444","GEOCIÊNCIAS                                       ","Elsevier (Amsterdam)","C ",2008
"0301-4215","GEOCIÊNCIAS                                       ","Energy Policy","A2",2008
"0100-6916","GEOCIÊNCIAS                                       ","Engenharia Agrícola (Impresso)","B2",2008
"1678-2178","GEOCIÊNCIAS                                       ","Engenharia Ambiental (UNIPINHAL. Impresso)","B5",2008
"1414-3984","GEOCIÊNCIAS                                       ","Engenharia na Agricultura","B5",2008
"1413-4152","GEOCIÊNCIAS                                       ","Engenharia Sanitária e Ambiental","B2",2008
"1676-1790","GEOCIÊNCIAS                                       ","Engenharia Térmica","B4",2008
"1415-7314","GEOCIÊNCIAS                                       ","Engevista (UFF)","B5",2008
"0013-7952","GEOCIÊNCIAS                                       ","Engineering Geology","B1",2008
"1668-3889","GEOCIÊNCIAS                                       ","Enología (Godoy Cruz)","B5",2008
"0160-4120","GEOCIÊNCIAS                                       ","Environment International","A1",2008
"1387-585X","GEOCIÊNCIAS                                       ","Environment, Development and Sustainability","B3",2008
"0098-8472","GEOCIÊNCIAS                                       ","Environmental and Experimental Botany","A2",2008
"0924-5405","GEOCIÊNCIAS                                       ","Environmental Fluid Mechanics (1982)","B1",2008
"1567-7419","GEOCIÊNCIAS                                       ","Environmental Fluid Mechanics (Dordrecht. 2001)","B1",2008
"0269-4042","GEOCIÊNCIAS                                       ","Environmental Geochemistry and Health","B1",2008
"0943-0105","GEOCIÊNCIAS                                       ","Environmental Geology (Berlin)","B1",2008
"1432-0495","GEOCIÊNCIAS                                       ","Environmental Geology (Berlin. Internet)","B1",2008
"1364-8152","GEOCIÊNCIAS                                       ","Environmental Modelling & Software","A2",2008
"0167-6369","GEOCIÊNCIAS                                       ","Environmental Monitoring and Assessment (Print)","B1",2008
"0269-7491","GEOCIÊNCIAS                                       ","Environmental Pollution (1987)","A1",2008
"0013-9351","GEOCIÊNCIAS                                       ","Environmental Research (New York, N.Y. Print)","A1",2008
"1748-9326","GEOCIÊNCIAS                                       ","Environmental Research Letters","A2",2008
"1462-9011","GEOCIÊNCIAS                                       ","Environmental Science & Policy","A2",2008
"0013-936X","GEOCIÊNCIAS                                       ","Environmental Science & Technology","A1",2008
"1520-4081","GEOCIÊNCIAS                                       ","Environmental Toxicology (Print)","A2",2008
"0730-7268","GEOCIÊNCIAS                                       ","Environmental Toxicology and Chemistry","A2",2008
"1180-4009","GEOCIÊNCIAS                                       ","EnvironMetrics (London. Ont.)","B1",2008
"0096-3941","GEOCIÊNCIAS                                       ","Eos (Washington, D.C.)","B3",2008
"0705-3797","GEOCIÊNCIAS                                       ","Episodes","A2",2008
"1413-5736","GEOCIÊNCIAS                                       ","Episteme (Porto Alegre)","B5",2008
"1516-9375","GEOCIÊNCIAS                                       ","Espaço e Geografia (UnB)","B5",2008
"1807-8575","GEOCIÊNCIAS                                       ","Espaço Energia","B5",2008
"0102-4701","GEOCIÊNCIAS                                       ","Espeleo-Tema (São Paulo)","B5",2008
"0100-0225","GEOCIÊNCIAS                                       ","Espeleologia (UFOP)","B5",2008
"1678-1317","GEOCIÊNCIAS                                       ","Estaç@o (Londrina)","B5",2008
"0160-8347","GEOCIÊNCIAS                                       ","Estuaries (Cessou em 2005. Cont. ISSN 1559-2723 Estuaries and Coasts)","B1",2008
"1559-2723","GEOCIÊNCIAS                                       ","Estuaries and Coasts","B1",2008
"0272-7714","GEOCIÊNCIAS                                       ","Estuarine, Coastal and Shelf Science (Print)","A2",2008
"1806-9592","GEOCIÊNCIAS                                       ","Estudos Avançados (Online)","B2",2008
"0103-4014","GEOCIÊNCIAS                                       ","Estudos Avançados (USP. Impresso)","B2",2008
"1678-698X","GEOCIÊNCIAS                                       ","Estudos Geográficos (UNESP)","B5",2008
"1980-8208","GEOCIÊNCIAS                                       ","Estudos Geológicos (UFPE)","B4",2008
"0080-0244","GEOCIÊNCIAS                                       ","Estudos Geológicos. Série B, Estudos e Pesquisas (UFPE)","B4",2008
"0425-4082","GEOCIÊNCIAS                                       ","Estudos Universitários (UFPE) (Cessou em 1985)","C ",2008
"1225-6463","GEOCIÊNCIAS                                       ","ETRI Journal","B1",2008
"0935-1221","GEOCIÊNCIAS                                       ","European Journal of Mineralogy","B1",2008
"1351-0754","GEOCIÊNCIAS                                       ","European Journal of Soil Science (Print)","A2",2008
"0295-5075","GEOCIÊNCIAS                                       ","Europhysics Letters (Print)","A2",2008
"1026-0471","GEOCIÊNCIAS                                       ","Exchanges (Hamburg. Print)","B3",2008
"0957-4174","GEOCIÊNCIAS                                       ","Expert Systems with Applications","A2",2008
"0964-1823","GEOCIÊNCIAS                                       ","Exploration and Mining Geology","B3",2008
"1981-5948","GEOCIÊNCIAS                                       ","FACIentífica","B5",2008
"0972-0960","GEOCIÊNCIAS                                       ","Far East Journal of Applied Mathematics","B4",2008
"1519-5023","GEOCIÊNCIAS                                       ","Filosofia Unisinos (Impresso)","B5",2008
"0969-997X","GEOCIÊNCIAS                                       ","Fisheries Management and Ecology (Print)","B1",2008
"1054-6006","GEOCIÊNCIAS                                       ","Fisheries Oceanography (Print)","A1",2008
"0015-3826","GEOCIÊNCIAS                                       ","Floresta (UFPR. Impresso)","B4",2008
"0378-1127","GEOCIÊNCIAS                                       ","Forest Ecology and Management","A2",2008
"0015-749X","GEOCIÊNCIAS                                       ","Forest Science","B1",2008
"1018-4619","GEOCIÊNCIAS                                       ","Fresenius Environmental Bulletin","B3",2008
"1540-9295","GEOCIÊNCIAS                                       ","Frontiers in Ecology and the Environment (Print)","A1",2008
"0016-2361","GEOCIÊNCIAS                                       ","Fuel (Guildford)","A2",2008
"1808-5261","GEOCIÊNCIAS                                       ","Gaea (São Leopoldo. Impresso) (Cessou em 2007. Cont. 1983-3628 Gaea (São Leopoldo. Online))","B4",2008
"1983-3628","GEOCIÊNCIAS                                       ","Gaea (São Leopoldo. Online)","B4",2008
"0379-9506","GEOCIÊNCIAS                                       ","Garcia de Orta. Série de Botânica","B4",2008
"0717-652X","GEOCIÊNCIAS                                       ","Gayana (Concepción. Impresa)","B2",2008
"0387-3498","GEOCIÊNCIAS                                       ","Gekkan Chikyu / Earth Monthly","B5",2008
"0276-0460","GEOCIÊNCIAS                                       ","Geo-Marine Letters","B1",2008
"1519-5708","GEOCIÊNCIAS                                       ","Geo.br (Ouro Preto)","B5",2008
"1679-9860","GEOCIÊNCIAS                                       ","Geoambiente On-line","B5",2008
"0883-6353","GEOCIÊNCIAS                                       ","Geoarchaeology (New York. Print)","B1",2008
"1472-4677","GEOCIÊNCIAS                                       ","Geobiology","A1",2008
"0016-6995","GEOCIÊNCIAS                                       ","Geobios (Lyon)","B1",2008
"0016-7002","GEOCIÊNCIAS                                       ","Geochemical Journal","B1",2008
"1467-7873","GEOCIÊNCIAS                                       ","Geochemistry (Bath. Print)","B3",2008
"0016-7029","GEOCIÊNCIAS                                       ","Geochemistry International","B3",2008
"1525-2027","GEOCIÊNCIAS                                       ","Geochemistry, Geophysics, Geosystems","A1",2008
"0102-9800","GEOCIÊNCIAS                                       ","Geochimica Brasiliensis","B2",2008
"0016-7037","GEOCIÊNCIAS                                       ","Geochimica et Cosmochimica Acta","A1",2008
"1980-900X","GEOCIÊNCIAS                                       ","Geociências (São Paulo. Online)","B2",2008
"0101-9082","GEOCIÊNCIAS                                       ","Geociências (UNESP. Impresso)","B2",2008
"0016-7061","GEOCIÊNCIAS                                       ","Geoderma (Amsterdam)","A2",2008
"1415-1111","GEOCIÊNCIAS                                       ","Geodésia Online","B5",2008
"0985-3111","GEOCIÊNCIAS                                       ","Geodinamica Acta (Paris)","B1",2008
"1280-9659","GEOCIÊNCIAS                                       ","Geodiversitas (Paris. Imprimé)","B1",2008
"0016-7169","GEOCIÊNCIAS                                       ","Geofísica Internacional","B4",2008
"0213-683X","GEOCIÊNCIAS                                       ","Geogaceta","C ",2008
"0102-3888","GEOCIÊNCIAS                                       ","Geografia (Londrina)","B5",2008
"0100-7912","GEOCIÊNCIAS                                       ","Geografia (Rio Claro. Impresso)","B4",2008
"0103-1538","GEOCIÊNCIAS                                       ","Geografia. Ensino & Pesquisa (UFSM)","B4",2008
"1808-8058","GEOCIÊNCIAS                                       ","Geografias (UFMG)","B5",2008
"1384-6175","GEOCIÊNCIAS                                       ","Geoinformatica (Dordrecht)","B1",2008
"0072-0992","GEOCIÊNCIAS                                       ","Geologia Colombiana","B4",2008
"1330-030X","GEOCIÊNCIAS                                       ","Geologia Croatica","B4",2008
"0016-7886","GEOCIÊNCIAS                                       ","Geologia i geofizika (Novosibirsk) / Geology and Geophysics (Novosibirsk)","B5",2008
"1676-7829","GEOCIÊNCIAS                                       ","Geologia USP. Publicação Especial","B4",2008
"1519-874X","GEOCIÊNCIAS                                       ","Geologia USP. Série Científica","B2",2008
"1677-7549","GEOCIÊNCIAS                                       ","Geologia USP. Série Didática","B4",2008
"1695-6133","GEOCIÊNCIAS                                       ","Geologica Acta (Barcelona)","A2",2008
"1374-8505","GEOCIÊNCIAS                                       ","Geologica Belgica","B3",2008
"0072-1050","GEOCIÊNCIAS                                       ","Geological Journal (Chichester)","B1",2008
"0016-7568","GEOCIÊNCIAS                                       ","Geological Magazine (Print)","A2",2008
"0016-7606","GEOCIÊNCIAS                                       ","Geological Society of America Bulletin","A1",2008
"1104-4721","GEOCIÊNCIAS                                       ","Geologiskt Forum","B4",2008
"0091-7613","GEOCIÊNCIAS                                       ","Geology (Boulder, Colo.)","A1",2008
"1195-1036","GEOCIÊNCIAS                                       ","Geomatica (Ottawa)","B3",2008
"1980-8097","GEOCIÊNCIAS                                       ","Geomática (Santa Maria. Online)","B4",2008
"0016-7975","GEOCIÊNCIAS                                       ","Geominas (Bolivar)","B5",2008
"0169-555X","GEOCIÊNCIAS                                       ","Geomorphology (Amsterdam)","A2",2008
"0104-4486","GEOCIÊNCIAS                                       ","Geonomos","B4",2008
"0956-540X","GEOCIÊNCIAS                                       ","Geophysical Journal International (Print)","A2",2008
"0016-8025","GEOCIÊNCIAS                                       ","Geophysical Prospecting (Print)","B1",2008
"0094-8276","GEOCIÊNCIAS                                       ","Geophysical Research Letters","A1",2008
"0016-8033","GEOCIÊNCIAS                                       ","Geophysics","A1",2008
"1857-0046","GEOCIÊNCIAS                                       ","Geophysics And Geology","B4",2008
"1639-4488","GEOCIÊNCIAS                                       ","Geostandards and Geoanalytical Research","A2",2008
"0150-5505","GEOCIÊNCIAS                                       ","Geostandards Newsletter (Cessou em 2003.Cont. ISSN 1639-4488 Geostandards and Geoanalytical Research)","C ",2008
"0103-3964","GEOCIÊNCIAS                                       ","Geosul (UFSC)","B5",2008
"0960-3182","GEOCIÊNCIAS                                       ","Geotechnical and Geological Engineering","B3",2008
"0379-9522","GEOCIÊNCIAS                                       ","Geotecnia (Lisboa)","B3",2008
"1677-4841","GEOCIÊNCIAS                                       ","Gerenciamento Costeiro Integrado","B4",2008
"1103-5897","GEOCIÊNCIAS                                       ","GFF (Uppsala)","B1",2008
"0921-8181","GEOCIÊNCIAS                                       ","Global and Planetary Change (Print)","A2",2008
"0886-6236","GEOCIÊNCIAS                                       ","Global Biogeochemical Cycles","A1",2008
"1354-1013","GEOCIÊNCIAS                                       ","Global Change Biology (Print)","A1",2008
"1466-822X","GEOCIÊNCIAS                                       ","Global Ecology and Biogeography (Print)","A1",2008
"1342-937X","GEOCIÊNCIAS                                       ","Gondwana Research","A1",2008
"1080-5370","GEOCIÊNCIAS                                       ","GPS Solutions (Heidelberg)","B1",2008
"0017-3134","GEOCIÊNCIAS                                       ","Grana (Stockholm)","B3",2008
"1678-5975","GEOCIÊNCIAS                                       ","Gravel (Porto Alegre)","B5",2008
"0017-467X","GEOCIÊNCIAS                                       ","Ground Water","B1",2008
"0268-0130","GEOCIÊNCIAS                                       ","Herpetological Journal","B1",2008
"0104-5970","GEOCIÊNCIAS                                       ","História, Ciências, Saúde-Manguinhos (Impresso)","B2",2008
"0891-2963","GEOCIÊNCIAS                                       ","Historical Biology (Print)","B3",2008
"0959-6836","GEOCIÊNCIAS                                       ","Holocene (Sevenoaks)","A2",2008
"1519-8421","GEOCIÊNCIAS                                       ","Holos Environment (CD-ROM)","B5",2008
"1519-8634","GEOCIÊNCIAS                                       ","HOLOS Environment (Online)","B5",2008
"0018-8158","GEOCIÊNCIAS                                       ","Hydrobiologia (The Hague. Print)","B1",2008
"1431-2174","GEOCIÊNCIAS                                       ","Hydrogeology Journal","B1",2008
"0885-6087","GEOCIÊNCIAS                                       ","Hydrological Processes (Print)","A2",2008
"0262-6667","GEOCIÊNCIAS                                       ","Hydrological Sciences Journal","B1",2008
"0304-386X","GEOCIÊNCIAS                                       ","Hydrometallurgy (Amsterdam)","A2",2008
"1563-3225","GEOCIÊNCIAS                                       ","IAI Newsletter","C ",2008
"1445-4793","GEOCIÊNCIAS                                       ","ICCP News","C ",2008
"1042-0940","GEOCIÊNCIAS                                       ","Ichnos. An International Journal of Plant and Animal Traces","B3",2008
"0324-6329","GEOCIÊNCIAS                                       ","Idojárás (Budapest. 1905)","B4",2008
"1045-9243","GEOCIÊNCIAS                                       ","IEEE Antennas & Propagation Magazine","B1",2008
"1545-598X","GEOCIÊNCIAS                                       ","IEEE Geoscience and Remote Sensing Letters (Print)","A2",2008
"0196-2892","GEOCIÊNCIAS                                       ","IEEE Transactions on Geoscience and Remote Sensing","A1",2008
"0073-4705","GEOCIÊNCIAS                                       ","Iheringia. Série Botânica","B4",2008
"0073-4721","GEOCIÊNCIAS                                       ","Iheringia. Série Zoologia (Impresso)","B2",2008
"1826-9877","GEOCIÊNCIAS                                       ","Il Nuovo cimento della Società italiana di fisica. B (Online)","B3",2008
"1594-9982","GEOCIÊNCIAS                                       ","Il Nuovo Cimento della Società Italiana di Fisica. B (Testo stampato)","B3",2008
"1826-9885","GEOCIÊNCIAS                                       ","Il Nuovo Cimento della Società Italiana di Fisica. C. Geophysics and Space Physics (Online)","B3",2008
"1124-1896","GEOCIÊNCIAS                                       ","Il Nuovo Cimento della Società Italiana di Fisica. C. Geophysics and Space Physics (Testo stampato)","B3",2008
"0393-4578","GEOCIÊNCIAS                                       ","Il Nuovo Saggiatore (Testo stampato)","B3",2008
"0379-5136","GEOCIÊNCIAS                                       ","Indian Journal of Marine Sciences (Print)","B3",2008
"0367-8393","GEOCIÊNCIAS                                       ","Indian Journal of Radio and Space Physics (Print)","B3",2008
"0716-8756","GEOCIÊNCIAS                                       ","Información Tecnológica (Impresa)","B4",2008
"0268-1102","GEOCIÊNCIAS                                       ","Information Technology for Development","B3",2008
"0716-6311","GEOCIÊNCIAS                                       ","Innovación (Antofagasta. Impresa)","B4",2008
"1387-7003","GEOCIÊNCIAS                                       ","Inorganic Chemistry Communications","A2",2008
"0020-5214","GEOCIÊNCIAS                                       ","Interceram","B3",2008
"0020-6814","GEOCIÊNCIAS                                       ","International Geology Review","B1",2008
"1569-8432","GEOCIÊNCIAS                                       ","International Journal of Applied Earth Observation and Geoinformation","A2",2008
"0218-1274","GEOCIÊNCIAS                                       ","International Journal of Bifurcation and Chaos in Applied Sciences and Engineering","B1",2008
"0899-8418","GEOCIÊNCIAS                                       ","International Journal of Climatology","A2",2008
"0166-5162","GEOCIÊNCIAS                                       ","International Journal of Coal Geology","A2",2008
"1437-3254","GEOCIÊNCIAS                                       ","International Journal of Earth Sciences (1999. Print)","A2",2008
"0957-4352","GEOCIÊNCIAS                                       ","International Journal of Environment and Pollution","B3",2008
"1661-7827","GEOCIÊNCIAS                                       ","International Journal of Environmental Research and Public Health (Print)","B1",2008
"1365-8816","GEOCIÊNCIAS                                       ","International Journal of Geographical Information Science (Print)","B1",2008
"1738-0235","GEOCIÊNCIAS                                       ","International Journal of Maritime Information and Communication Sciences","B3",2008
"0161-1712","GEOCIÊNCIAS                                       ","International Journal of Mathematics and Mathematical Sciences","B3",2008
"1475-7435","GEOCIÊNCIAS                                       ","International Journal of Nanotechnology","B1",2008
"1741-6361","GEOCIÊNCIAS                                       ","International Journal of Nuclear Energy, Science and Technology (Print)","B3",2008
"1519-888X","GEOCIÊNCIAS                                       ","International Journal of Ornithology","B5",2008
"1058-5893","GEOCIÊNCIAS                                       ","International Journal of Plant Sciences","B1",2008
"1366-5901","GEOCIÊNCIAS                                       ","International Journal of Remote Sensing (Online)","B1",2008
"0143-1161","GEOCIÊNCIAS                                       ","International Journal of Remote Sensing (Print)","B1",2008
"1442-133X","GEOCIÊNCIAS                                       ","International Journal of Renewable Energy Engineering","B3",2008
"0148-9062","GEOCIÊNCIAS                                       ","International Journal of Rock Mechanics and Mining Sciences & Geomechanics Abstracts (Cessou em 1996. Foi desdobrado em três: International Journal of Rock Mechanics and Mining Sciences, 1365-1617 e 1365-1609)","B1",2008
"1013-7866","GEOCIÊNCIAS                                       ","International Journal of Sediment Research","B4",2008
"1741-5985","GEOCIÊNCIAS                                       ","Inverse Problems in Science and Engineering (Online)","B3",2008
"1516-697X","GEOCIÊNCIAS                                       ","IP (Belo Horizonte)","B5",2008
"0885-5641","GEOCIÊNCIAS                                       ","Iron ore (Washington, D.C. Annual)","B4",2008
"1880-7682","GEOCIÊNCIAS                                       ","ISME/GLOMIS Electronic Journal","B3",2008
"1025-6016","GEOCIÊNCIAS                                       ","Isotopes in Environmental and Health Studies","B1",2008
"0924-2716","GEOCIÊNCIAS                                       ","ISPRS Journal of Photogrammetry and Remote Sensing","A2",2008
"1983-5019","GEOCIÊNCIAS                                       ","Ius et Iustitia Eletrônica","B5",2008
"1439-0361","GEOCIÊNCIAS                                       ","Journal fur Ornithology (Internet)","B1",2008
"1464-343X","GEOCIÊNCIAS                                       ","Journal of African Earth Sciences (1994)","B1",2008
"0972-1665","GEOCIÊNCIAS                                       ","Journal of Agrometeorology","B4",2008
"0925-8388","GEOCIÊNCIAS                                       ","Journal of Alloys and Compounds","B1",2008
"0021-8898","GEOCIÊNCIAS                                       ","Journal of Applied Crystallography","A1",2008
"0926-9851","GEOCIÊNCIAS                                       ","Journal of Applied Geophysics","B1",2008
"0894-8763","GEOCIÊNCIAS                                       ","Journal of Applied Meteorology (Boston) (Cessou em 2005. Cont. ISSN 1558-8424 Journal of Applied Meteorology and Climatology)","A2",2008
"1520-0450","GEOCIÊNCIAS                                       ","Journal of Applied Meteorology (Online) (Cessou em 2005. Cont. ISSN 1558-8432 Journal of Applied Meteorology and Climatology (Online))","A2",2008
"1558-8424","GEOCIÊNCIAS                                       ","Journal of Applied Meteorology and Climatology","A2",2008
"0021-8979","GEOCIÊNCIAS                                       ","Journal of Applied Physics","A2",2008
"0140-1963","GEOCIÊNCIAS                                       ","Journal of Arid Environments","B1",2008
"1367-9120","GEOCIÊNCIAS                                       ","Journal of Asian Earth Sciences","B1",2008
"0739-0572","GEOCIÊNCIAS                                       ","Journal of Atmospheric and Oceanic Technology","A2",2008
"1364-6826","GEOCIÊNCIAS                                       ","Journal of Atmospheric and Solar-Terrestrial Physics","B1",2008
"0305-0270","GEOCIÊNCIAS                                       ","Journal of Biogeography (Print)","A1",2008
"0021-9487","GEOCIÊNCIAS                                       ","Journal of Canadian Petroleum Technology","B3",2008
"0021-9673","GEOCIÊNCIAS                                       ","Journal of Chromatography (Print)","A1",2008
"0894-8755","GEOCIÊNCIAS                                       ","Journal of Climate","A1",2008
"0749-0208","GEOCIÊNCIAS                                       ","Journal of Coastal Research","B3",2008
"0377-0427","GEOCIÊNCIAS                                       ","Journal of Computational and Applied Mathematics","B1",2008
"1475-7516","GEOCIÊNCIAS                                       ","Journal of Cosmology and Astroparticle Physics","A1",2008
"0301-4797","GEOCIÊNCIAS                                       ","Journal of Environmental Management","A2",2008
"0265-931X","GEOCIÊNCIAS                                       ","Journal of Environmental Radioactivity","B1",2008
"1532-4117","GEOCIÊNCIAS                                       ","Journal of Environmental Science and Health Part A","B1",2008
"0360-1234","GEOCIÊNCIAS                                       ","Journal of Environmental Science and Health. Part B. Pesticides, Food Contaminants, and Agricultural Wastes","B1",2008
"0096-1191","GEOCIÊNCIAS                                       ","Journal of Foraminiferal Research","B1",2008
"0375-6742","GEOCIÊNCIAS                                       ","Journal of Geochemical Exploration","B1",2008
"0949-7714","GEOCIÊNCIAS                                       ","Journal of Geodesy (Print)","A2",2008
"0264-3707","GEOCIÊNCIAS                                       ","Journal of Geodynamics","A2",2008
"0148-0227","GEOCIÊNCIAS                                       ","Journal of Geophysical Research","A1",2008
"1742-2132","GEOCIÊNCIAS                                       ","Journal of Geophysics and Engineering (Print)","B3",2008
"0449-2560","GEOCIÊNCIAS                                       ","Journal of Geosciences, Osaka City University","B4",2008
"0304-3894","GEOCIÊNCIAS                                       ","Journal of Hazardous Materials (Print)","A1",2008
"0022-1511","GEOCIÊNCIAS                                       ","Journal of Herpetology","B1",2008
"1084-0699","GEOCIÊNCIAS                                       ","Journal of Hydrologic Engineering","B1",2008
"0022-1694","GEOCIÊNCIAS                                       ","Journal of Hydrology (Amsterdam)","A2",2008
"1525-755X","GEOCIÊNCIAS                                       ","Journal of Hydrometeorology (Print)","A1",2008
"0162-0134","GEOCIÊNCIAS                                       ","Journal of Inorganic Biochemistry","A1",2008
"1652-8034","GEOCIÊNCIAS                                       ","Journal of Lightning Research","B5",2008
"1744-5647","GEOCIÊNCIAS                                       ","Journal of Maps","B4",2008
"0924-7963","GEOCIÊNCIAS                                       ","Journal of Marine Systems","A2",2008
"0263-4929","GEOCIÊNCIAS                                       ","Journal of Metamorphic Geology","A1",2008
"1017-7825","GEOCIÊNCIAS                                       ","Journal of Microbiology and Biotechnology (Print)","A2",2008
"0262-821X","GEOCIÊNCIAS                                       ","Journal of Micropalaeontology","B3",2008
"0916-8370","GEOCIÊNCIAS                                       ","Journal of Oceanography","B1",2008
"1464-4258","GEOCIÊNCIAS                                       ","Journal of Optics. A, Pure and Applied Optics (Print)","A2",2008
"0022-3360","GEOCIÊNCIAS                                       ","Journal of Paleontology","B1",2008
"0141-6421","GEOCIÊNCIAS                                       ","Journal of Petroleum Geology","B1",2008
"0920-4105","GEOCIÊNCIAS                                       ","Journal of Petroleum Science & Engineering","B1",2008
"0022-3530","GEOCIÊNCIAS                                       ","Journal of Petrology","A1",2008
"0022-3670","GEOCIÊNCIAS                                       ","Journal of Physical Oceanography","A2",2008
"1751-8113","GEOCIÊNCIAS                                       ","Journal of Physics. A, Mathematical and Theoretical (Print)","B1",2008
"0953-8984","GEOCIÊNCIAS                                       ","Journal of Physics. Condensed Matter (Print)","A2",2008
"1742-6588","GEOCIÊNCIAS                                       ","Journal of Physics. Conference Series (Print)","C ",2008
"0142-7873","GEOCIÊNCIAS                                       ","Journal of Plankton Research","A2",2008
"1357-1419","GEOCIÊNCIAS                                       ","Journal of Property Tax Assessment & Administration","B3",2008
"0022-4073","GEOCIÊNCIAS                                       ","Journal of Quantitative Spectroscopy & Radiative Transfer","B1",2008
"0236-5731","GEOCIÊNCIAS                                       ","Journal of Radioanalytical and Nuclear Chemistry (Print)","B3",2008
"0963-0651","GEOCIÊNCIAS                                       ","Journal of Seismic Exploration","B3",2008
"1383-4649","GEOCIÊNCIAS                                       ","Journal of Seismology","B1",2008
"1439-0108","GEOCIÊNCIAS                                       ","Journal of Soils and Sediments (Print)","A1",2008
"0022-4596","GEOCIÊNCIAS                                       ","Journal of Solid State Chemistry (Print)","A2",2008
"0895-9811","GEOCIÊNCIAS                                       ","Journal of South American Earth Sciences","B1",2008
"0095-7577","GEOCIÊNCIAS                                       ","Journal of Space Law","B3",2008
"0191-8141","GEOCIÊNCIAS                                       ","Journal of Structural Geology","B1",2008
"1477-2019","GEOCIÊNCIAS                                       ","Journal of Systematic Palaeontology (Print)","A2",2008
"1696-0815","GEOCIÊNCIAS                                       ","Journal of Taphonomy (Print)","B3",2008
"1532-2882","GEOCIÊNCIAS                                       ","Journal of the American Society for Information Science and Technology (Print)","A2",2008
"0022-4928","GEOCIÊNCIAS                                       ","Journal of the Atmospheric Sciences","A1",2008
"0103-5053","GEOCIÊNCIAS                                       ","Journal of the Brazilian Chemical Society (Impresso)","B1",2008
"1678-4790","GEOCIÊNCIAS                                       ","Journal of the Brazilian Chemical Society (Online)","B1",2008
"1809-8401","GEOCIÊNCIAS                                       ","Journal of the Brazilian Society of Ecotoxicology","B2",2008
"1210-8197","GEOCIÊNCIAS                                       ","Journal of the Czech Geological Society (Cessou em 2006. Cont. ISSN 1802-6222 Journal of Geosciences (Prague, Print))","B3",2008
"0016-7649","GEOCIÊNCIAS                                       ","Journal of the Geological Society (London)","A1",2008
"0016-7622","GEOCIÊNCIAS                                       ","Journal of the Geological Society of India","B3",2008
"1469-7769","GEOCIÊNCIAS                                       ","Journal of the Marine Biological Association of the UK (Online)","B1",2008
"0026-1165","GEOCIÊNCIAS                                       ","Journal of the Meteorological Society of Japan","B1",2008
"1441-8142","GEOCIÊNCIAS                                       ","Journal of the Virtual Explorer (Online)","B5",2008
"0266-4674","GEOCIÊNCIAS                                       ","Journal of Tropical Ecology (Print)","B1",2008
"1100-9233","GEOCIÊNCIAS                                       ","Journal of Vegetation Science","A2",2008
"0272-4634","GEOCIÊNCIAS                                       ","Journal of Vertebrate Paleontology","B1",2008
"0377-0273","GEOCIÊNCIAS                                       ","Journal of Volcanology and Geothermal Research","A2",2008
"0267-8179","GEOCIÊNCIAS                                       ","JQS. Journal of Quaternary Science (Print)","A1",2008
"0386-4049","GEOCIÊNCIAS                                       ","Kisho Kenkyujo gijutsu hokoku / Technical Reports of the Meteorological Research Institue","B4",2008
"1598-4699","GEOCIÊNCIAS                                       ","Korean Journal of Geomatics","B3",2008
"0023-4761","GEOCIÊNCIAS                                       ","Kristallografiya (Moskva)","B3",2008
"0169-2046","GEOCIÊNCIAS                                       ","Landscape and Urban Planning","A2",2008
"1669-7316","GEOCIÊNCIAS                                       ","Latin American Journal of Sedimentology and Basin Analysis","B2",2008
"1070-485X","GEOCIÊNCIAS                                       ","Leading Edge (Tulsa, Okla.)","B3",2008
"0374-888X","GEOCIÊNCIAS                                       ","Leandra (UFRJ)","B5",2008
"0302-9743","GEOCIÊNCIAS                                       ","Lecture Notes in Computer Science","B5",2008
"0930-0317","GEOCIÊNCIAS                                       ","Lecture Notes in Earth Sciences","B3",2008
"0213-8409","GEOCIÊNCIAS                                       ","Limnética (Madrid)","B3",2008
"0024-4937","GEOCIÊNCIAS                                       ","Lithos (Oslo. Print)","A1",2008
"1022-1360","GEOCIÊNCIAS                                       ","Macromolecular Symposia","B3",2008
"1131-9100","GEOCIÊNCIAS                                       ","Mapping (Madrid)","B4",2008
"0749-3878","GEOCIÊNCIAS                                       ","Mapping Sciences and Remote Sensing (Cessou em 2003. Cont. ISSN 1548-1603 GIScience and Remote Sensing)","B1",2008
"1323-1650","GEOCIÊNCIAS                                       ","Marine and Freshwater Research","B1",2008
"0264-8172","GEOCIÊNCIAS                                       ","Marine and Petroleum Geology","B1",2008
"0304-4203","GEOCIÊNCIAS                                       ","Marine Chemistry (Print)","A1",2008
"0141-1136","GEOCIÊNCIAS                                       ","Marine Environmental Research","A2",2008
"0025-3227","GEOCIÊNCIAS                                       ","Marine Geology (Print)","A2",2008
"0377-8398","GEOCIÊNCIAS                                       ","Marine Micropaleontology (Print)","A2",2008
"0025-326X","GEOCIÊNCIAS                                       ","Marine Pollution Bulletin.","A2",2008
"1516-1439","GEOCIÊNCIAS                                       ","Materials Research (São Carlos. Impresso)","B2",2008
"0025-5408","GEOCIÊNCIAS                                       ","Materials Research Bulletin","A2",2008
"0882-8121","GEOCIÊNCIAS                                       ","Mathematical Geology (Cessou em 2007. Cont. ISSN 1874-8961 Mathematical Geosciences)","B1",2008
"0252-9416","GEOCIÊNCIAS                                       ","Mausam (New Delhi)","B4",2008
"1806-650X","GEOCIÊNCIAS                                       ","Meio Ambiente Industrial (São Paulo)","C ",2008
"0074-0276","GEOCIÊNCIAS                                       ","Memórias do Instituto Oswaldo Cruz (Impresso)","B1",2008
"0870-0397","GEOCIÊNCIAS                                       ","Memórias e Notícias (Nova Série) - Publicação do Departamento de Ciências da Terra e do Museu Mineralógico e Geológico da Universidade de Coimbra","B4",2008
"1676-8329","GEOCIÊNCIAS                                       ","Mercator (UFC)","B5",2008
"1086-9379","GEOCIÊNCIAS                                       ","Meteoritics & Planetary Science","A2",2008
"0941-2948","GEOCIÊNCIAS                                       ","Meteorologische Zeitschrift (Berlin)","B1",2008
"0177-7971","GEOCIÊNCIAS                                       ","Meteorology and Atmospheric Physics (Print)","B1",2008
"0076-7689","GEOCIÊNCIAS                                       ","Meyniana","B4",2008
"0026-265X","GEOCIÊNCIAS                                       ","Microchemical Journal (Print)","A2",2008
"0026-2803","GEOCIÊNCIAS                                       ","Micropaleontology","B3",2008
"0026-3672","GEOCIÊNCIAS                                       ","Mikrochimica Acta (1966. Print)","A2",2008
"0369-2086","GEOCIÊNCIAS                                       ","Mineralia Slovaca","B4",2008
"0026-4598","GEOCIÊNCIAS                                       ","Mineralium Deposita","A2",2008
"0026-461X","GEOCIÊNCIAS                                       ","Mineralogical Magazine (Print)","B1",2008
"0930-0708","GEOCIÊNCIAS                                       ","Mineralogy and Petrology","B1",2008
"0252-9076","GEOCIÊNCIAS                                       ","Montalbán","B4",2008
"0027-0644","GEOCIÊNCIAS                                       ","Monthly Weather Review","A2",2008
"1806-2946","GEOCIÊNCIAS                                       ","Multiciência (UNICAMP)","B4",2008
"0921-030X","GEOCIÊNCIAS                                       ","Natural Hazards (Dordrecht)","B1",2008
"0028-0836","GEOCIÊNCIAS                                       ","Nature (London)","A1",2008
"1569-4445","GEOCIÊNCIAS                                       ","Near Surface Geophysics (Print)","B1",2008
"1519-566X","GEOCIÊNCIAS                                       ","Neotropical Entomology (Impresso)","B2",2008
"1679-6225","GEOCIÊNCIAS                                       ","Neotropical Ichthyology (Impresso)","B1",2008
"0077-7749","GEOCIÊNCIAS                                       ","Neues Jahrbuch für Geologie und Paläontologie. Abhandlungen","B3",2008
"0028-3630","GEOCIÊNCIAS                                       ","Neues Jahrbuch für Geologie und Paläontologie. Monatshefte","B3",2008
"1023-5809","GEOCIÊNCIAS                                       ","Nonlinear Processes in Geophysics","B1",2008
"1415-0026","GEOCIÊNCIAS                                       ","Notas Técnicas da FACIMAR (Cessou em 2004. Cont. ISSN 1808-7035 Brazilian Journal of Aquatic Science and Technology (Impresso))","B4",2008
"0203-5626","GEOCIÊNCIAS                                       ","Novye Dannye o Mineralah SSSR (Cessou em 1979. Cont. 1816-546X Novye Dannye o Mineralah)","B5",2008
"0168-9002","GEOCIÊNCIAS                                       ","Nuclear Instruments & Methods in Physics Research. Section A, Accelerators, Spectrometers, Detectors and Associated Equipment (Print)","B1",2008
"0168-583X","GEOCIÊNCIAS                                       ","Nuclear Instruments & Methods in Physics Research. Section B, Beam Interactions with Materials and Atoms (Print)","B1",2008
"0167-5087","GEOCIÊNCIAS                                       ","Nuclear Instruments and Methods in Physics Research (Print) (Cessou em 1983. Desmembrado em 2: ISSN 0168-9002 Nuclear iInstruments & Methods in Physics Research. Sec. A (Print); ISSN 0168-583X Nuclear Instruments & Methods In Physics... Sec. B (Print))","B1",2008
"0104-9356","GEOCIÊNCIAS                                       ","O Carste (Belo Horizonte)","B5",2008
"0104-7809","GEOCIÊNCIAS                                       ","O Mundo da Saúde (CUSC. Impresso)","B5",2008
"0964-5691","GEOCIÊNCIAS                                       ","Ocean & Coastal Management","B1",2008
"1616-7341","GEOCIÊNCIAS                                       ","Ocean Dynamics (Print)","A2",2008
"1463-5003","GEOCIÊNCIAS                                       ","Ocean Modelling (Oxford. Print)","A2",2008
"1738-5261","GEOCIÊNCIAS                                       ","Ocean Science Journal","B3",2008
"0029-8549","GEOCIÊNCIAS                                       ","Oecologia","A1",2008
"1980-6442","GEOCIÊNCIAS                                       ","Oecologia Brasiliensis (Impresso)","B4",2008
"1519-8693","GEOCIÊNCIAS                                       ","Olam: Ciência & Tecnologia (Rio Claro. CD-Rom)","B5",2008
"1982-7784","GEOCIÊNCIAS                                       ","Olam: Ciência & Tecnologia (Rio Claro. Online)","B5",2008
"0030-3917","GEOCIÊNCIAS                                       ","Optica Pura y Aplicada","B3",2008
"0169-1368","GEOCIÊNCIAS                                       ","Ore Geology Reviews","A2",2008
"0146-6380","GEOCIÊNCIAS                                       ","Organic Geochemistry","A2",2008
"1026-4892","GEOCIÊNCIAS                                       ","Organohalogen Compounds","B4",2008
"0031-0174","GEOCIÊNCIAS                                       ","Palaeobotanist (Lucknow)","B4",2008
"0031-0182","GEOCIÊNCIAS                                       ","Palaeogeography, Palaeoclimatology, Palaeoecology","A2",2008
"0375-0299","GEOCIÊNCIAS                                       ","Palaeontographica Abteilung B, Palaophytologie","B3",2008
"0031-0239","GEOCIÊNCIAS                                       ","Palaeontology (London)","B1",2008
"0883-1351","GEOCIÊNCIAS                                       ","Palaios (Tulsa)","B1",2008
"0094-8373","GEOCIÊNCIAS                                       ","Paleobiology","A1",2008
"0031-0298","GEOCIÊNCIAS                                       ","Paleobios (Berkeley)","B3",2008
"0191-6122","GEOCIÊNCIAS                                       ","Palynology (Austin, Tex. Print)","B3",2008
"1809-9009","GEOCIÊNCIAS                                       ","Pan-American Journal of Aquatic Sciences","B4",2008
"1413-9375","GEOCIÊNCIAS                                       ","Parcerias Estratégicas (Brasília)","B2",2008
"1054-6618","GEOCIÊNCIAS                                       ","Pattern Recognition and Image Analysis","B3",2008
"0369-8963","GEOCIÊNCIAS                                       ","Periodico di Mineralogia","B4",2008
"0100-204X","GEOCIÊNCIAS                                       ","Pesquisa Agropecuária Brasileira (1977. Impressa)","B2",2008
"1678-3921","GEOCIÊNCIAS                                       ","Pesquisa Agropecuária Brasileira (Online)","B2",2008
"0103-4049","GEOCIÊNCIAS                                       ","Pesquisa Antartica Brasileira","B4",2008
"1414-8595","GEOCIÊNCIAS                                       ","Pesquisa Naval (SDM)","B5",2008
"0100-736X","GEOCIÊNCIAS                                       ","Pesquisa Veterinária Brasileira (Impresso)","B2",2008
"0100-5375","GEOCIÊNCIAS                                       ","Pesquisas (Instituto de Geociências, Universidade Federal do Rio Grande do Sul) (Cessou em 1999. Cont. ISSN 1518-2398 Pesquisas em Geociências (UFRGS. Impresso))","B2",2008
"1807-9806","GEOCIÊNCIAS                                       ","Pesquisas em Geociências (Online)","B2",2008
"1518-2398","GEOCIÊNCIAS                                       ","Pesquisas em Geociências (UFRGS. Impresso)","B2",2008
"1983-473X","GEOCIÊNCIAS                                       ","Pesquisas em Turismo e Paisagens Cársticas","B4",2008
"0373-840X","GEOCIÊNCIAS                                       ","Pesquisas. Botânica","B4",2008
"1980-6310","GEOCIÊNCIAS                                       ","Petróleo, Royalties e Região","C ",2008
"1354-0793","GEOCIÊNCIAS                                       ","Petroleum Geoscience","B1",2008
"0141-8610","GEOCIÊNCIAS                                       ","Philosophical Magazine A. Physics of Condensed Matter. Defects and Mechanical Properties (Cessou em 1995. Cont. ISSN 1364-2804 Philosophical Magazine. A. Physics of Condensed Matter. Structure, Defects and Mechanical Properties (Print))","B3",2008
"0962-8436","GEOCIÊNCIAS                                       ","Philosophical Transactions - Royal Society. Biological Sciences (Print)","A1",2008
"1471-2962","GEOCIÊNCIAS                                       ","Philosophical Transactions - Royal Society. Mathematical, Physical and Engineering Sciences (Online)","A2",2008
"1364-503X","GEOCIÊNCIAS                                       ","Philosophical Transactions - Royal Society. Mathematical, Physical and Engineering Sciences (Print)","A2",2008
"0080-4614","GEOCIÊNCIAS                                       ","Philosophical Transactions of the Royal Society of London, Series A: Mathematical and Physical Sciences","A2",2008
"1517-7351","GEOCIÊNCIAS                                       ","Phoenix (Aracaju)","B5",2008
"0031-8655","GEOCIÊNCIAS                                       ","Photochemistry and Photobiology","A2",2008
"0099-1112","GEOCIÊNCIAS                                       ","Photogrammetric Engineering and Remote Sensing","A2",2008
"0031-868X","GEOCIÊNCIAS                                       ","Photogrammetric Record","B1",2008
"1432-8364","GEOCIÊNCIAS                                       ","Photogrammetrie, Fernerkundung, Geoinformation","B3",2008
"0281-1847","GEOCIÊNCIAS                                       ","Physica Scripta. T","B1",2008
"0031-8965","GEOCIÊNCIAS                                       ","Physica Status Solidi. A, Applied Research (Cessou em 2004. Cont. ISSN 1862-6300 Physica Status Solidi. A, Applications and Materials Science (Print))","B1",2008
"0378-4371","GEOCIÊNCIAS                                       ","Physica. A (Print)","B1",2008
"0167-2789","GEOCIÊNCIAS                                       ","Physica. D, Nonlinear phenomena (Print)","A2",2008
"0031-9007","GEOCIÊNCIAS                                       ","Physical Review Letters (Print)","A1",2008
"1098-0121","GEOCIÊNCIAS                                       ","Physical Review. B, Condensed Matter and Materials Physics","A1",2008
"1095-3787","GEOCIÊNCIAS                                       ","Physical Review. E, Statistical Physics, Plasmas, Fluids, and Related Interdisciplinary Topics (Online) (Cessou em 2000. Cont. ISSN 1550-2376 Physical Review. E, Statistical, Nonlinear and Soft Matter Physics (Online))","A2",2008
"1539-3755","GEOCIÊNCIAS                                       ","Physical Review. E, Statistical, Nonlinear, and Soft Matter Physics (Print)","A2",2008
"0342-1791","GEOCIÊNCIAS                                       ","Physics and Chemistry of Minerals","B1",2008
"1070-664X","GEOCIÊNCIAS                                       ","Physics of Plasmas","A2",2008
"0031-9201","GEOCIÊNCIAS                                       ","Physics of the Earth and Planetary Interiors","A2",2008
"0032-0633","GEOCIÊNCIAS                                       ","Planetary and Space Science","A2",2008
"1573-5052","GEOCIÊNCIAS                                       ","Plant Ecology (Dordrecht. Online)","A2",2008
"0032-1400","GEOCIÊNCIAS                                       ","Platinum Metals Review (Print)","B3",2008
"1980-8666","GEOCIÊNCIAS                                       ","Pleiade (Uniamérica)","B5",2008
"1981-0865","GEOCIÊNCIAS                                       ","Plenarium (Brasília)","C ",2008
"0722-4060","GEOCIÊNCIAS                                       ","Polar Biology (Print)","B1",2008
"0104-1428","GEOCIÊNCIAS                                       ","Polímeros (São Carlos. Impresso)","B4",2008
"0277-5387","GEOCIÊNCIAS                                       ","Polyhedron","A2",2008
"1983-6546","GEOCIÊNCIAS                                       ","Portal de Cartografia","B5",2008
"0885-7156","GEOCIÊNCIAS                                       ","Powder Diffraction","B3",2008
"0301-9268","GEOCIÊNCIAS                                       ","Precambrian Research","A1",2008
"1018-4732","GEOCIÊNCIAS                                       ","Proceedings - SPIE","C ",2008
"0027-8424","GEOCIÊNCIAS                                       ","Proceedings of the National Academy of Sciences of the United States of America","A1",2008
"1091-6490","GEOCIÊNCIAS                                       ","Proceedings of the National Academy of Sciences of the United States of America (Online)","A1",2008
"0962-8444","GEOCIÊNCIAS                                       ","Proceedings of the Royal Society of London. Mathematical and Physical Sciences (Cessou em 1995. Cont. ISSN 1364-5021 Proceedings - Royal Society. Mathematical, Physical and Engineering Sciences (Print))","A2",2008
"0081-5438","GEOCIÊNCIAS                                       ","Proceedings of the Steklov Institute of Mathematics","B3",2008
"0328-347X","GEOCIÊNCIAS                                       ","Publicación Especial - Asociación Paleontológica Argentina","B3",2008
"0100-6304","GEOCIÊNCIAS                                       ","Publicaçoes Avulsas do Museu Nacional","B4",2008
"0104-8570","GEOCIÊNCIAS                                       ","Publicatio UEPG","B5",2008
"1324-6240","GEOCIÊNCIAS                                       ","Publications of the Australasian Institute of Mining and Metallurgy","C ",2008
"0033-4553","GEOCIÊNCIAS                                       ","Pure and Applied Geophysics (Printed ed.)","B1",2008
"0035-9009","GEOCIÊNCIAS                                       ","Quarterly Journal of the Royal Meteorological Society","A2",2008
"1040-6182","GEOCIÊNCIAS                                       ","Quaternary International","B1",2008
"0033-5894","GEOCIÊNCIAS                                       ","Quaternary Research (Print)","A2",2008
"0277-3791","GEOCIÊNCIAS                                       ","Quaternary Science Reviews","A1",2008
"0100-4042","GEOCIÊNCIAS                                       ","Química Nova (Impresso)","B1",2008
"1678-7064","GEOCIÊNCIAS                                       ","Química Nova (Online)","B1",2008
"1415-6555","GEOCIÊNCIAS                                       ","RAC. Revista de Administração Contemporânea (Impresso)","B4",2008
"1350-4487","GEOCIÊNCIAS                                       ","Radiation Measurements","B1",2008
"0144-8420","GEOCIÊNCIAS                                       ","Radiation Protection Dosimetry","B3",2008
"0048-6604","GEOCIÊNCIAS                                       ","Radio Science","B1",2008
"0033-8222","GEOCIÊNCIAS                                       ","Radiocarbon","B1",2008
"0033-8451","GEOCIÊNCIAS                                       ","Radioprotection (Paris. 1966)","B3",2008
"1808-0936","GEOCIÊNCIAS                                       ","RBC. Revista Brasileira de Cartografia (Online)","B2",2008
"1436-3798","GEOCIÊNCIAS                                       ","Regional Environmental Change (Print)","B1",2008
"0370-4467","GEOCIÊNCIAS                                       ","REM. Revista Escola de Minas (Impresso)","B2",2008
"0034-4257","GEOCIÊNCIAS                                       ","Remote Sensing of Environment","A1",2008
"0960-1481","GEOCIÊNCIAS                                       ","Renewable Energy","B1",2008
"0923-2508","GEOCIÊNCIAS                                       ","Research in Microbiology (Paris)","A2",2008
"1344-1698","GEOCIÊNCIAS                                       ","Resource Geology (Tokyo. 1998)","B3",2008
"0301-4207","GEOCIÊNCIAS                                       ","Resources Policy","B1",2008
"0034-6667","GEOCIÊNCIAS                                       ","Review of Palaeobotany and Palynology","B1",2008
"8755-1209","GEOCIÊNCIAS                                       ","Reviews of Geophysics (1985)","A1",2008
"1980-993X","GEOCIÊNCIAS                                       ","Revista Ambiente & Água","B5",2008
"0102-2105","GEOCIÊNCIAS                                       ","Revista AMRIGS","B4",2008
"0100-6762","GEOCIÊNCIAS                                       ","Revista Árvore (Impresso)","B4",2008
"1646-1002","GEOCIÊNCIAS                                       ","Revista Atlântica de Cultura Ibero-Americana","B5",2008
"1415-7411","GEOCIÊNCIAS                                       ","Revista Biociências (Taubaté)","B5",2008
"1980-9735","GEOCIÊNCIAS                                       ","Revista Brasileira de Agroecologia","B4",2008
"0104-1347","GEOCIÊNCIAS                                       ","Revista Brasileira de Agrometeorologia","B2",2008
"1516-8522","GEOCIÊNCIAS                                       ","Revista Brasileira de Agropecuária","B4",2008
"1679-2343","GEOCIÊNCIAS                                       ","Revista Brasileira de Biociências (Impresso)","B4",2008
"0100-8404","GEOCIÊNCIAS                                       ","Revista Brasileira de Botânica (Impresso)","B2",2008
"0560-4613","GEOCIÊNCIAS                                       ","Revista Brasileira de Cartografia (Impresso)","B2",2008
"0100-0683","GEOCIÊNCIAS                                       ","Revista Brasileira de Ciência do Solo (Impresso)","B2",2008
"1806-9657","GEOCIÊNCIAS                                       ","Revista Brasileira de Ciência do Solo (Online)","B2",2008
"1980-055X","GEOCIÊNCIAS                                       ","Revista Brasileira de Climatologia","B2",2008
"1983-9391","GEOCIÊNCIAS                                       ","Revista Brasileira de Ecoturismo","B5",2008
"1415-4366","GEOCIÊNCIAS                                       ","Revista Brasileira de Engenharia Agrícola e Ambiental (Impresso)","B2",2008
"1807-1929","GEOCIÊNCIAS                                       ","Revista Brasileira de Engenharia Agrícola e Ambiental (Online)","B2",2008
"1806-1117","GEOCIÊNCIAS                                       ","Revista Brasileira de Ensino de Física (Impresso)","B2",2008
"1806-9126","GEOCIÊNCIAS                                       ","Revista Brasileira de Ensino de Física (Online)","B2",2008
"0085-5626","GEOCIÊNCIAS                                       ","Revista Brasileira de Entomologia (Impresso)","B2",2008
"0374-4922","GEOCIÊNCIAS                                       ","Revista Brasileira de Física. (Cessou em 1991. Cont. 0103-9733 Brazilian Journal of Physics)","B2",2008
"0100-2945","GEOCIÊNCIAS                                       ","Revista Brasileira de Fruticultura (Impresso)","B2",2008
"0375-7536","GEOCIÊNCIAS                                       ","Revista Brasileira de Geociências","B2",2008
"0102-261X","GEOCIÊNCIAS                                       ","Revista Brasileira de Geofísica (Impresso)","B2",2008
"1519-1540","GEOCIÊNCIAS                                       ","Revista Brasileira de Geomorfologia","B2",2008
"0102-7786","GEOCIÊNCIAS                                       ","Revista Brasileira de Meteorologia (Impresso)","B2",2008
"1413-7739","GEOCIÊNCIAS                                       ","Revista Brasileira de Oceanografia","B2",2008
"1519-7530","GEOCIÊNCIAS                                       ","Revista Brasileira de Paleontologia","B2",2008
"1982-6125","GEOCIÊNCIAS                                       ","Revista Brasileira de Pesquisa em Turismo","B5",2008
"1414-381X","GEOCIÊNCIAS                                       ","Revista Brasileira de Recursos Hídricos","B2",2008
"1808-0723","GEOCIÊNCIAS                                       ","Revista Brasileira de Risco e Seguro (Online)","C ",2008
"0303-7657","GEOCIÊNCIAS                                       ","Revista Brasileira de Saúde Ocupacional","B5",2008
"1517-6770","GEOCIÊNCIAS                                       ","Revista Brasileira de Zoociências","B4",2008
"0100-316X","GEOCIÊNCIAS                                       ","Revista Caatinga (UFERSA. Impresso)","B5",2008
"0034-737X","GEOCIÊNCIAS                                       ","Revista Ceres","B5",2008
"1677-9649","GEOCIÊNCIAS                                       ","Revista Ciência e Tecnologia","B5",2008
"1983-9588","GEOCIÊNCIAS                                       ","Revista Ciência para Poetas","C ",2008
"1518-0352","GEOCIÊNCIAS                                       ","Revista Ciências Exatas e Naturais (Impresso)","B5",2008
"1678-3867","GEOCIÊNCIAS                                       ","Revista Científica Eletrônica de Engenharia Florestal","B5",2008
"1646-8872","GEOCIÊNCIAS                                       ","Revista da Gestão Costeira Integrada","B4",2008
"1517-5405","GEOCIÊNCIAS                                       ","Revista da Pesquisa & Pós-Graduação","B5",2008
"0101-6040","GEOCIÊNCIAS                                       ","Revista DAE","B5",2008
"0212-0062","GEOCIÊNCIAS                                       ","Revista de Arqueología","B4",2008
"1519-5228","GEOCIÊNCIAS                                       ","Revista de Biologia e Ciências da Terra","B5",2008
"0034-7744","GEOCIÊNCIAS                                       ","Revista de Biologia Tropical","B2",2008
"0102-4744","GEOCIÊNCIAS                                       ","Revista de Ensino de Física (Cessou em 1991. Cont.ISSN 1806-1117 Revista Brasileira de Ensino de Física (Impresso)","B2",2008
"1516-3911","GEOCIÊNCIAS                                       ","Revista de Estudos Ambientais (Cessou em 2007. Cont. ISSN 1983-1501 Revista de Estudos Ambientais (Online))","B5",2008
"1983-1501","GEOCIÊNCIAS                                       ","Revista de Estudos Ambientais (Online)","B5",2008
"0102-6895","GEOCIÊNCIAS                                       ","Revista de Física Aplicada e Instrumentação","B4",2008
"1518-3491","GEOCIÊNCIAS                                       ","Revista de Geociências (Rio de Janeiro)","B5",2008
"0104-5490","GEOCIÊNCIAS                                       ","Revista de Geografia (Recife)","B4",2008
"0379-8682","GEOCIÊNCIAS                                       ","Revista de Geografía Norte Grande (Impresa)","B2",2008
"0103-2410","GEOCIÊNCIAS                                       ","Revista de Geologia (Fortaleza)","B4",2008
"0103-4308","GEOCIÊNCIAS                                       ","Revista de Informática Teórica e Aplicada (Impresso)","B4",2008
"0252-1962","GEOCIÊNCIAS                                       ","Revista de Investigaciones Marinas","B4",2008
"0370-3908","GEOCIÊNCIAS                                       ","Revista de la Academia Colombiana de Ciencias Exactas, Físicas y Naturales","B3",2008
"0004-4822","GEOCIÊNCIAS                                       ","Revista de la Asociación Geológica Argentina","B2",2008
"0102-0811","GEOCIÊNCIAS                                       ","Revista de Matemática e Estatística (Impresso) (Cessou em 2004. Cont. ISSN 1980-4245 Revista de Matemática e Estatística (Online))","B5",2008
"1133-0953","GEOCIÊNCIAS                                       ","Revista de Teledetección","B4",2008
"1514-5158","GEOCIÊNCIAS                                       ","Revista del Museo Argentino de Ciencias Naturales (1999)","B3",2008
"1809-3108","GEOCIÊNCIAS                                       ","Revista Didática Sistêmica","B5",2008
"1415-2061","GEOCIÊNCIAS                                       ","Revista do CCEI","B5",2008
"0102-4582","GEOCIÊNCIAS                                       ","Revista do Departamento de Geografia, Universidade de São Paulo","B5",2008
"1413-4543","GEOCIÊNCIAS                                       ","Revista do Direito Imobiliário","C ",2008
"0100-929X","GEOCIÊNCIAS                                       ","Revista do Instituto Geológico","B5",2008
"0103-9709","GEOCIÊNCIAS                                       ","Revista do Museu de Arqueologia e Etnologia","B4",2008
"1517-1256","GEOCIÊNCIAS                                       ","Revista Eletrônica do Mestrado em Educação Ambiental","B5",2008
"1414-8692","GEOCIÊNCIAS                                       ","Revista Engenharia, Ciência & Tecnologia","B5",2008
"0556-655X","GEOCIÊNCIAS                                       ","Revista Espanola de Micropaleontología","B3",2008
"0213-6937","GEOCIÊNCIAS                                       ","Revista Española de Paleontología","B3",2008
"1808-6993","GEOCIÊNCIAS                                       ","Revista FAFIBE On Line (Online)","B5",2008
"0252-9769","GEOCIÊNCIAS                                       ","Revista Geofísica","B5",2008
,"GEOCIÊNCIAS                                       ","Revista Geografia, Ensino e Pesquisa.","B5",2008
"1678-7226","GEOCIÊNCIAS                                       ","Revista Geográfica Acadêmica","B4",2008
"0716-0208","GEOCIÊNCIAS                                       ","Revista Geológica de Chile (Impresa) (Cessou em 2008. Cont. ISSN 0718-7092 Andean Geology (Print))","B2",2008
"1519-7824","GEOCIÊNCIAS                                       ","Revista Hispeci & Lema (Impresso)","B5",2008
"1676-0999","GEOCIÊNCIAS                                       ","Revista Latinoamericana de Hidrogeologia","B4",2008
,"GEOCIÊNCIAS                                       ","Revista Mexicana de Ciencias Geológicas","B1",2008
"1806-6755","GEOCIÊNCIAS                                       ","Revista NERA (UNESP)","B5",2008
"0329-5001","GEOCIÊNCIAS                                       ","Revista Petroquímica, Petróleo, Gas & Química","B5",2008
"0101-8191","GEOCIÊNCIAS                                       ","Revista Tecnologia (UNIFOR)","B5",2008
"1809-0044","GEOCIÊNCIAS                                       ","Revista Tecnologia e Sociedade","B5",2008
"1517-3275","GEOCIÊNCIAS                                       ","Revista UNIVAP","B5",2008
"1413-3210","GEOCIÊNCIAS                                       ","Revista Universidade Guarulhos (Cessou em 2002. Cont. ISSN 1981-7428 Revista Universidade Guarulhos. Geociências (Impresso))","B5",2008
"0104-7264","GEOCIÊNCIAS                                       ","Revista Universidade Rural. Série Ciências da Vida (Cessou em 2007. Cont. ISSN 1983-4772 Revista de Ciências da Vida)","B4",2008
"0103-9989","GEOCIÊNCIAS                                       ","Revista USP","B5",2008
"0249-7395","GEOCIÊNCIAS                                       ","Revue d'Écologie","B3",2008
"0035-1598","GEOCIÊNCIAS                                       ","Revue de Micropaléontologie","B3",2008
"0253-6730","GEOCIÊNCIAS                                       ","Revue de Paléobiologie","B3",2008
"1260-5875","GEOCIÊNCIAS                                       ","Revue Internationale de Géomatique","B3",2008
"0021-5104","GEOCIÊNCIAS                                       ","Rikusuigaku Zasshi / Japanese Journal of Limnology","B3",2008
"0035-6883","GEOCIÊNCIAS                                       ","Rivista Italiana di Paleontologia e Stratigrafia","B1",2008
"1220-5648","GEOCIÊNCIAS                                       ","Romanian Journal of Mineral Deposits","B5",2008
"0104-7175","GEOCIÊNCIAS                                       ","Sanare (Curitiba)","B5",2008
"0103-7056","GEOCIÊNCIAS                                       ","Saneamento Ambiental","C ",2008
"0036-7699","GEOCIÊNCIAS                                       ","Schweizerische Mineralogische und Petrographische Mitteilungen (Cessou em 2005)","C ",2008
"0036-8075","GEOCIÊNCIAS                                       ","Science (New York, N.Y.)","A1",2008
"1095-9203","GEOCIÊNCIAS                                       ","Science (New York, N.Y.: Online)","A1",2008
"0048-9697","GEOCIÊNCIAS                                       ","Science of the Total Environment","A2",2008
"1519-1125","GEOCIÊNCIAS                                       ","Scientia Agraria (UFPR. Impresso)","B4",2008
"0103-9016","GEOCIÊNCIAS                                       ","Scientia Agrícola (USP. Impresso)","B1",2008
"0214-8358","GEOCIÊNCIAS                                       ","Scientia Marina","B1",2008
"1676-9791","GEOCIÊNCIAS                                       ","Scientific American Brasil","C ",2008
"1138-9788","GEOCIÊNCIAS                                       ","Scripta Nova (Barcelona)","B4",2008
"0037-0738","GEOCIÊNCIAS                                       ","Sedimentary Geology","A2",2008
"0037-0746","GEOCIÊNCIAS                                       ","Sedimentology (Amsterdam. Print)","A2",2008
"0037-2102","GEOCIÊNCIAS                                       ","Senckenbergiana Biologica","B4",2008
"1424-8220","GEOCIÊNCIAS                                       ","Sensors (Basel)","A2",2008
"0037-4237","GEOCIÊNCIAS                                       ","Shore and Beach","B3",2008
"0103-1570","GEOCIÊNCIAS                                       ","Sociedade & Natureza (UFU. Impresso)","B5",2008
"0361-6525","GEOCIÊNCIAS                                       ","Sociobiology","B3",2008
"0038-0806","GEOCIÊNCIAS                                       ","Soil and Foundation","B3",2008
"0038-075X","GEOCIÊNCIAS                                       ","Soil Science","B1",2008
"0038-092X","GEOCIÊNCIAS                                       ","Solar Energy","B1",2008
"0038-0938","GEOCIÊNCIAS                                       ","Solar Physics","A1",2008
"0167-2738","GEOCIÊNCIAS                                       ","Solid State Ionics (Print)","A2",2008
"0103-7021","GEOCIÊNCIAS                                       ","Solos e Rochas (Cessou em 2006. Cont. ISSN 1980-9743 Soils & Rocks)","B2",2008
"1808-9798","GEOCIÊNCIAS                                       ","South American Journal of Herpetology (Impresso)","B2",2008
"0038-6308","GEOCIÊNCIAS                                       ","Space Science Reviews","A2",2008
"1542-7390","GEOCIÊNCIAS                                       ","Space Weather (Online)","B1",2008
"1387-5868","GEOCIÊNCIAS                                       ","Spatial Cognition and Computation (Cessou em 2000)","C ",2008
"0584-8547","GEOCIÊNCIAS                                       ","Spectrochimica Acta. Part B, Atomic Spectroscopy","A1",2008
"0038-7010","GEOCIÊNCIAS                                       ","Spectroscopy Letters (Print)","B1",2008
"0039-3169","GEOCIÊNCIAS                                       ","Studia Geophysica et Geodaetica (Praha)","B1",2008
"1566-0184","GEOCIÊNCIAS                                       ","Subsurface Sensing Technology and Applications","B3",2008
"0257-8972","GEOCIÊNCIAS                                       ","Surface & Coatings Technology","A2",2008
"0169-3298","GEOCIÊNCIAS                                       ","Surveys in Geophysics","A2",2008
"1834-6278","GEOCIÊNCIAS                                       ","Sustaining Gondawana","B5",2008
"1980-3699","GEOCIÊNCIAS                                       ","Synergismus Scyentifica UTFPR","B5",2008
"0039-9140","GEOCIÊNCIAS                                       ","Talanta (Oxford)","A1",2008
"0040-0262","GEOCIÊNCIAS                                       ","Taxon","A2",2008
"0103-7064","GEOCIÊNCIAS                                       ","Tecnologia & Humanismo","B5",2008
"0278-7407","GEOCIÊNCIAS                                       ","Tectonics (Washington, D.C.)","A2",2008
"0040-1951","GEOCIÊNCIAS                                       ","Tectonophysics (Amsterdam)","B1",2008
"0280-6495","GEOCIÊNCIAS                                       ","Tellus. Series A, Dynamic Meteorology and Oceanography","A2",2008
"0280-6509","GEOCIÊNCIAS                                       ","Tellus. Series B, Chemical and Physical Meteorology","A2",2008
"1677-1966","GEOCIÊNCIAS                                       ","TEMA. Tendências em Matemática Aplicada e Computacional","B4",2008
"1677-3047","GEOCIÊNCIAS                                       ","Teoria e Prática na Engenharia Civil (Online)","B5",2008
"1518-9090","GEOCIÊNCIAS                                       ","Terceira Civilização","C ",2008
"0040-3741","GEOCIÊNCIAS                                       ","Terra (Helsinki)","B3",2008
"0954-4879","GEOCIÊNCIAS                                       ","TERRA Nova (Print)","A2",2008
"1679-2270","GEOCIÊNCIAS                                       ","Terrae (Campinas. Impresso)","B4",2008
"1679-2300","GEOCIÊNCIAS                                       ","Terrae Didatica (Impresso)","B4",2008
"0730-3300","GEOCIÊNCIAS                                       ","Textures and Microstructures (Print)","C ",2008
"0003-004X","GEOCIÊNCIAS                                       ","The American Mineralogist","A2",2008
"0004-637X","GEOCIÊNCIAS                                       ","The Astrophysical Journal","A1",2008
"1809-9807","GEOCIÊNCIAS                                       ","The International Journal of Forensic Computer Science (Impresso)","B3",2008
"1748-2992","GEOCIÊNCIAS                                       ","The International Journal of Meteorology","B3",2008
"0022-1376","GEOCIÊNCIAS                                       ","The Journal of Geology","A1",2008
"0026-4628","GEOCIÊNCIAS                                       ","The Mineralogical Record","B3",2008
"1874-2823","GEOCIÊNCIAS                                       ","The Open Atmospheric Science Journal","B3",2008
"0031-921X","GEOCIÊNCIAS                                       ","The Physics Teacher","B3",2008
"0177-798X","GEOCIÊNCIAS                                       ","Theoretical and Applied Climatology","B1",2008
"0040-6031","GEOCIÊNCIAS                                       ","Thermochimica Acta (Print)","B1",2008
"0938-9806","GEOCIÊNCIAS                                       ","Tile & Brick International","C ",2008
"0371-7453","GEOCIÊNCIAS                                       ","Transactions - Institution of Mining and Metallurgy. Section B. Applied Earth Science","B3",2008
"1361-1682","GEOCIÊNCIAS                                       ","Transactions in GIS (Print)","B3",2008
"1156-2919","GEOCIÊNCIAS                                       ","Travaux du Comité Français d'Histoire de la Géologie","B4",2008
"0931-1890","GEOCIÊNCIAS                                       ","Trees (Berlin. Print)","B1",2008
"1819-3579","GEOCIÊNCIAS                                       ","Trends in Applied Sciences Research","B3",2008
"0564-3295","GEOCIÊNCIAS                                       ","Tropical Ecology","B3",2008
"1679-3005","GEOCIÊNCIAS                                       ","Tropical Oceanography (Impresso)","B4",2008
"1679-3013","GEOCIÊNCIAS                                       ","Tropical Oceanography (Online)","B4",2008
"1982-5676","GEOCIÊNCIAS                                       ","Tropical Plant Pathology (Impresso)","B2",2008
"1415-6393","GEOCIÊNCIAS                                       ","Turismo. Visão e Ação (Itajaí) (Cessou em 2007)","B5",2008
"1981-4518","GEOCIÊNCIAS                                       ","Uakari (Belém. Online)","B5",2008
"1808-4664","GEOCIÊNCIAS                                       ","Universitas (Fernandinópolis)","B5",2008
"1813-6478","GEOCIÊNCIAS                                       ","VAMOS! (Buenos Aires)","C ",2008
"0939-6314","GEOCIÊNCIAS                                       ","Vegetation History and Archaeobotany","A2",2008
"0368-0770","GEOCIÊNCIAS                                       ","Verhandlungen - Internationale Vereinigung fur Theoretische und Angewandte Limnologie / Proceedings of the International Association of Theoretical and Applied Limnology","C ",2008
"0042-5672","GEOCIÊNCIAS                                       ","Vierteljahrsschrift der Naturforschenden Gesellschaft in Zürich","B5",2008
"1806-6402","GEOCIÊNCIAS                                       ","Visão Agrícola (USP / ESALQ)","B5",2008
"0956-053X","GEOCIÊNCIAS                                       ","Waste Management (Elmsford)","A2",2008
"1366-7017","GEOCIÊNCIAS                                       ","Water Policy","B3",2008
"0043-1354","GEOCIÊNCIAS                                       ","Water Research (Oxford)","A1",2008
"1816-7950","GEOCIÊNCIAS                                       ","Water SA (Online)","B5",2008
"0049-6979","GEOCIÊNCIAS                                       ","Water, Air and Soil Pollution (Print)","B1",2008
"0165-2125","GEOCIÊNCIAS                                       ","Wave Motion","B1",2008
"0882-8156","GEOCIÊNCIAS                                       ","Weather and Forecasting","B1",2008
"0923-4861","GEOCIÊNCIAS                                       ","Wetlands Ecology and Management","B3",2008
"0174-1454","GEOCIÊNCIAS                                       ","Wissenschaftliche Arbeiten der Fachrichtung Vermessungswesen der Universität Hannover","B5",2008
"1743-3541","GEOCIÊNCIAS                                       ","WIT Transactions on Ecology and the Environment (Online)","B4",2008
"1860-1804","GEOCIÊNCIAS                                       ","Zeitschrift der Deutschen Gesellschaft für Geowissenschaften","B3",2008
"0303-4534","GEOCIÊNCIAS                                       ","Zeitschrift für Geologische Wissenschaften","B3",2008
"0372-8854","GEOCIÊNCIAS                                       ","Zeitschrift für Geomorphologie","B3",2008
"0044-2798","GEOCIÊNCIAS                                       ","Zeitschrift für Geomorphologie. Supplementband","B3",2008
"0170-6241","GEOCIÊNCIAS                                       ","Zeitschrift für Semiotik","B3",2008
"1618-8950","GEOCIÊNCIAS                                       ","ZFV (Augsburg)","B3",2008
"1175-5326","GEOCIÊNCIAS                                       ","Zootaxa (Auckland. Print)","B1",2008
