"ID","ShortName","NAME","IDGRUPO","POS","RANK","CLASS"
6218,"VRST","ACM Virtual Reality Software and Technology",19,1,1.00000,"A"
5921,"MOBICOM","ACM International Conference on Mobile Computing and Networking",28,2,1.00000,"A"
6216,"VR","IEEE Virtual Reality Conference",19,3,1.00000,"A"
5846,"INFOCOM","Annual Joint Conference of the IEEE Computer and Communications Societies ",15,4,1.00000,"A"
5611,"ACM-GIS","ACM International Symposium on Advances in Geographic Information Systems",8,5,0.98148,"A"
5466,"ICCV","IEEE International Conference on Computer Vision",5,6,0.98039,"A"
5854,"SIGCOMM","ACM Special Interest Group on Data Communications Conference",15,7,0.97980,"A"
5334,"FOCS","IEEE Symposium on Foundations of Computer Science",1,8,0.97917,"A"
5927,"MOBIHOC","ACM Symposium of Mobile and Ad-hoc Computing",28,9,0.97778,"A"
5352,"STOC","ACM Symposium on Theory of Computing",1,10,0.97143,"A"
5457,"CVPR","IEEE Conference on Computer Vision and Pattern Recognition",5,11,0.96970,"A"
5478,"SIGGRAPH","ACM International Conference on Computer Graphics and Interactive Techniques",5,12,0.96875,"A"
6134,"CSCW","ACM Conference on Computer Supported Cooperative Work",11,13,0.96552,"A"
5507,"DAC","Design Automation Conference",6,14,0.96491,"A"
5994,"ISCA","ACM International Symposium on Computer Architecture",26,15,0.96429,"A"
6137,"CHI","Conference on Human Factors in Computing Systems",11,16,0.96429,"A"
5882,"GLOBECOM","IEEE Global Telecommunications Conference",15,17,0.96190,"A"
5470,"ICIP","IEEE International Conference on Image Processing",5,18,0.95238,"A"
5508,"DATE","Design, Automation and Test in Europe Conference and Exhibition",6,19,0.95000,"A"
6280,"PROPOR","Workshop on Computational Processing of Written and Spoken Portuguese",30,20,0.94872,"A"
5347,"LICS","IEEE Symposium on Logic in Computer Science",29,21,0.94737,"A"
5661,"IJCAI","International Joint Conference on Artificial Intelligence",10,22,0.94643,"A"
5941,"CCS","ACM Conference on Computer and Communications Security",25,23,0.94444,"A"
5693,"CoNLL","Conference on Natural Language Learning",30,24,0.94444,"A"
5393,"KDD","ACM SIGKDD International Conference on Knowledge Discovery and Data Mining",2,25,0.94340,"A"
6187,"WWW","International World Wide Web Conference",18,26,0.94118,"A"
6268,"IPDPS","IEEE International Parallel and Distributed Processing Symposium",26,27,0.94048,"A"
5715,"ICML","International Conference on Machine Learning",22,28,0.93939,"A"
5637,"ICALT","IEEE International Conference on Advanced Learning Technologies ",9,29,0.93939,"A"
5350,"SODA","ACM-SIAM Symposium on Discrete Algorithms",1,30,0.93694,"A"
6006,"SPAA","ACM Symposium on Parallel Algorithms and Architectures",26,31,0.93333,"A"
6152,"ACM-MM","ACM Multimedia Conference",18,32,0.93333,"A"
5797,"OOPSLA","Annual ACM Conference on Object-Oriented Programming, Systems, Languages and Applications",12,33,0.92982,"A"
6342,"COLING","International Conference on Computational Linguistics",30,34,0.92857,"A"
5552,"ICSE","ACM/IEEE International Conference on Software Engineering",7,35,0.92754,"A"
5400,"SIGMOD","ACM SIGMOD International Conference on Management of Data Conference",2,36,0.92683,"A"
5465,"ICCAD","International Conference on Computer-Aided Design",6,37,0.92593,"A"
6015,"CCGrid","IEEE/ACM International Symposium on Cluster Computing and the Grid",26,38,0.92473,"A"
5681,"CADE","International Conference on Automated Deduction",29,39,0.92308,"A"
6026,"GRID","IEEE/ACM International Conference on Grid Computing",26,40,0.91954,"A"
5695,"HLT","Human Language Technology Conference",30,41,0.91667,"A"
5785,"POPL","ACM-SIGACT Symposium on Principles of Programming Languages",12,42,0.91667,"A"
6360,"AAAI","AAAI Conference on Artificial Intelligence",10,43,0.91503,"A"
5511,"ISCAS","IEEE International Symposium on Circuits and Systems",6,44,0.91228,"A"
5911,"ICC","IEEE International Conference on Communications",15,45,0.90991,"A"
6040,"Middleware","ACM/IFIP/USENIX International Middleware Conference",26,46,0.90909,"A"
5794,"RTA","International Conference on Rewriting Techniques and Applications ",29,47,0.90909,"A"
5954,"NDSS","Usenix Networked and Distributed System Security Symposium",25,48,0.90909,"A"
5460,"EUROGRAPHICS","Eurographics Annual Conference of the European Association for Computer Graphics",5,49,0.90909,"A"
6023,"Euro-Par","European Conference on Parallel Computing",26,50,0.90625,"A"
5997,"ICS","ACM International Conference on Supercomputing",26,51,0.90476,"A"
5655,"ACL","International Conference of the Association of Computational Linguistics ",30,52,0.90476,"A"
6051,"SIGMETRICS","ACM Conference on Measurement and Modelling of Computing Systems",16,53,0.90196,"A"
6049,"SOSP","ACM-SIGOPS Symposium on Operating Systems Principles",26,54,0.90123,"A"
5858,"SC","ACM/IEEE Conference on High Performance Networking and Computing",26,55,0.90000,"A"
5351,"STACS","International Symposium on Theoretical Aspects of Computer Science",1,56,0.89899,"A"
5403,"VLDB","International Conference on Very Large Data Bases",2,57,0.89855,"A"
6215,"SCA","ACM SIGGRAPH / Eurographics Symposium on Computer Animation",5,58,0.89855,"A"
5876,"DSN","International Conference on Dependable Systems and Networks",27,59,0.89855,"A"
5388,"ICDE","IEEE International Conference on Data Engineering",2,60,0.89796,"A"
5968,"SECURITY","Usenix Security Symposium",25,61,0.89744,"A"
5482,"Vis","IEEE Visualization Conference",5,62,0.89286,"A"
6128,"SAC","ACM Symposium on Applied Computing",13,63,0.89147,"A"
6374,"IFAC","Triennial Event of International Federation of Automatic Control",23,64,0.88889,"A"
5962,"SECPRIV","IEEE Symposium on Security and Privacy",25,65,0.88889,"A"
6454,"NAACL","North American Chapter of the Association for Computational Linguistics Annual Meeting",30,66,0.88889,"A"
5996,"HPCA","International Symposium on High-Performance Computer Architecture",26,67,0.88889,"A"
5901,"ICDCS","IEEE International Conference on Distributed Computing Systems",15,68,0.88542,"A"
6241,"IJCNN","IEEE International Joint Conference on Neural Networks",22,69,0.88542,"A"
5771,"ICFP","International Conference on Functional Programming",12,70,0.88095,"A"
5931,"MSWIM","ACM/IEEE International Conference on Modelling, Analysis and Simulation of Wireless and Mobile Systems",28,71,0.88095,"A"
6161,"Hypertext","ACM Conference on Hypertext and Hypermedia",18,72,0.88000,"A"
5694,"EMNLP","Conference on Empirical Methods in Natural Language Processing",30,73,0.87879,"A"
6059,"RTAS","IEEE Real-Time and Embedded Technology and Applications Symposium",27,74,0.87879,"A"
6001,"FPGA","ACM/SIGDA International Symposium on Field-Programmable Gate Arrays ",6,75,0.87719,"A"
6440,"ETAPS","European Joint Conferences on Theory and Practice of Software",12,76,0.87500,"A"
6220,"ISMAR","International Symposium on Mixed and Augmented Reality",19,77,0.87500,"A"
5493,"VRCIA","ACM SIGGRAPH International Conference on Virtual-Reality Continuum and its Applications in Industry",19,78,0.87500,"A"
6063,"SRDS","IEEE International Symposium on Reliable Distributed Systems",27,79,0.86957,"A"
5906,"IM","IFIP/IEEE Symposium on Integrated Management ",15,80,0.86905,"A"
6399,"MT Summit","Machine Translation Summit",30,81,0.86667,"A"
6145,"UIST","ACM Symposium on User Interface Software and Technology",11,82,0.86364,"A"
6164,"ICMCS","IEEE International Conference on Multimedia Computing and Systems",18,83,0.86364,"A"
6062,"RTSS","Real Time Systems Symposium",27,84,0.86364,"A"
5396,"PODS","ACM SIGACT-SIGMOD-SIGART Symposium on Principles of Database Systems",2,85,0.86325,"A"
5617,"GIScience","International Conference on Geographic Information Science",8,86,0.86275,"A"
5609,"CAiSE","International Conference on Advanced Information Systems Engineering",21,87,0.86111,"A"
5841,"NOMS","IEEE/IFIP Network Operations and Management Symposium",15,88,0.86111,"A"
6358,"SMI","IEEE International Conference on Shape Modeling and Applications",5,89,0.85965,"A"
6217,"3DUI","IEEE Symposium on 3D User Interfaces",19,90,0.85714,"A"
5782,"PLDI","ACM-SIGPLAN Symposium on Programming Language Design and Implementation",12,91,0.85714,"A"
6453,"EACL","Conference of the European Chapter of the Association for Computational Linguistics",30,92,0.85714,"A"
5733,"ICRA","IEEE International Conference on Robotics and Automation",23,93,0.85714,"A"
5385,"ER","International Conference on Conceptual Modeling",2,94,0.85586,"A"
5392,"JCDL","ACM IEEE Joint Conference on Digital Libraries",2,95,0.85586,"A"
5389,"ICDM","IEEE International Conference on Data Mining",2,96,0.85417,"A"
5645,"ECAI","European Conference on Artificial Intelligence",10,97,0.85417,"A"
6492,"PERFORMANCE","IFIP WG 7.3 International Symposium on Computer Performance, Modeling, Measurements, and Evaluation",16,98,0.85417,"A"
5471,"InfoVis","IEEE Symposium on Information Visualization ",5,99,0.85333,"A"
6316,"I3D","ACM Symposium on Interactive 3D Graphics and Games",5,100,0.85333,"A"
5820,"IPCO","Conference on Integer Programming and Combinatorial Optimization",14,101,0.85185,"A"
6166,"ICWS","IEEE International Conference on Web Services",18,102,0.85185,"A"
6165,"ICME","IEEE International Conference on Multimedia and Expo",18,103,0.85000,"A"
6345,"IWCS","International Workshop on Computational Semantics",30,104,0.84848,"A"
5725,"NIPS","Neural Information Processing Systems",22,105,0.84314,"A"
5765,"ECOOP","European Conference on Object-oriented Programming",12,106,0.84314,"A"
6005,"SUPER","ACM/IEEE Supercomputing Conference",26,107,0.84211,"A"
5479,"SoCG","Annual ACM Symposium on Computational Geometry",5,108,0.84127,"A"
5453,"CGI","Computer Graphics International Conference",5,109,0.83951,"A"
5866,"PODC","ACM Symposium on Principles of Distributed Computing",15,110,0.83951,"A"
5549,"FSE","ACM SIGSOFT Conference on the Foundations of Software Engineering",7,111,0.83761,"A"
5679,"AAMAS","International Joint Conference on Autonomous Agents and Multiagents Systems",10,112,0.83704,"A"
5515,"VTS","IEEE VLSI Test Symposium",6,113,0.83333,"A"
6185,"WI","IEEE/WIC/ACM International Conference on Web Intelligence",18,114,0.83333,"A"
5923,"PerCom","Annual IEEE International Conference on Pervasive Computing and Communications ",28,115,0.83333,"A"
6202,"CIVR","ACM International Conference on Image and Video Retrieval",5,116,0.83333,"A"
5961,"SEC","IFIP International Information Security Conference",25,117,0.83333,"A"
6247,"FUZZ","IEEE International Conference on Fuzzy Systems",22,118,0.82716,"A"
5703,"WoLLIC","Workshop on Logic, Language, Information and Computation",29,119,0.82540,"A"
5516,"EMSOFT","ACM Conference on Embedded Software ",27,120,0.82540,"A"
5522,"VLSI-SOC","IFIP International Conference on Very Large Scale Integration ",6,121,0.82456,"A"
5708,"ECML","European Conference on Machine Learning",22,122,0.82292,"A"
6233,"VECIMS","IEEE International Conference on Virtual Environments, Human-Computer Interfaces and Measurement Systems",19,123,0.82222,"A"
5925,"Mobisys","ACM SIGMOBILE International Conference on Mobile Systems, Applications and Services",28,124,0.82222,"A"
5728,"GECCO","Genetic and Evolutionary Computation Conference",22,125,0.82143,"A"
5859,"WCNC","IEEE Wireless and Communications and Networking Conference",15,126,0.82051,"A"
5760,"CC","International Conference on Compiler Construction",12,127,0.82051,"A"
5650,"CICLING","Conference on Intelligent Text Processing and Computational Linguistics",30,128,0.82051,"A"
5696,"ICLP","International Conference on Logic Programming",29,129,0.82051,"A"
5373,"CIKM","International Conference on Information and Knowledge Management",2,130,0.81944,"A"
6376,"INLG","International Natural Language Generation Conference",30,131,0.81818,"A"
6041,"OSDI","Usenix Symposium on Operating Systems Design and Implementation",26,132,0.81481,"A"
5727,"WCCI","IEEE World Congress on Computational Intelligence",22,133,0.81373,"A"
5791,"ESOP","European Symposium on Programming (ETAPS)",12,134,0.81250,"A"
5907,"IMC","ACM/SIGCOMM Internet Measurement Conference ",15,135,0.81111,"A"
5554,"ICSM","IEEE International Conference on Software Maintenance",7,136,0.81081,"A"
5399,"SIGIR","Annual International ACM SIGIR Conference on Research & Development in Information Retrieval",2,137,0.81061,"A"
5365,"CSL","Annual Conference on Computer Science Logic",29,138,0.80952,"A"
5974,"CDC","IEEE Conference on Decision and Control",23,139,0.80952,"A"
5325,"COLT","Annual Conference on Computational Learning Theory",22,140,0.80769,"A"
6414,"SIGDOC","ACM International Conference on Design of Communication",18,141,0.80702,"A"
6000,"FPL","International Conference on Field-Programmable Logic and Applications ",6,142,0.80702,"A"
6042,"PADS","ACM/IEEE/SCS Workshop on Parallel and Distributed Simulation",16,143,0.80556,"A"
5512,"ISSCC","IEEE International Solid-State Circuits Conference",6,144,0.80556,"A"
6381,"USENIX","USENIX Annual Technical Conference",26,145,0.80556,"A"
5623,"SSTD","International Symposium on Spatial and Temporal Databases",8,146,0.80392,"A"
5914,"HPDC","IEEE International Symposium on High Performance Distributed Computing",15,147,0.80247,"A"
6251,"CICC","IEEE Custom Integrated Circuits Conference",6,148,0.80000,"A"
5329,"ESA","European Symposium on Algorithms",1,149,0.79798,"A"
5467,"ICDAR","IEEE International Conference on Document Analysis and Recognition ",5,150,0.79762,"A"
5759,"ASPLOS","International Conference on Architectural Support for Programming Languages and Operating Systems",26,151,0.79762,"A"
5438,"SMC","IEEE International Conference on Systems, Man, and Cybernetics",4,152,0.79710,"A"
5833,"Networking","IFIP International Conference on Networking",15,153,0.79570,"A"
5619,"IGARSS","IEEE International Geoscience and Remote Sensing Symposium",8,154,0.79487,"A"
5972,"CCA","IEEE International Conference on Control Applications",23,155,0.79487,"A"
5720,"IFSA","International Fuzzy Systems Association World Congress",22,156,0.79365,"A"
5459,"ECCV","European Conference on Computer Vision",5,157,0.79310,"A"
5989,"PACT","International Conference on Parallel Architectures and Compilation Techniques",26,158,0.78947,"A"
6384,"TLCA","Typed Lambda Calculus and Applications",29,159,0.78788,"A"
6057,"ISORC","IEEE International Symposium on Object-Oriented Real-Time Distributed Computing",27,160,0.78788,"A"
5853,"LCN","IEEE Conference on Local Computer Networks",15,161,0.78667,"A"
5496,"CIG","IEEE Symposium on Computacional Intelligence and Games",19,162,0.78571,"A"
5521,"ITC","International Test Conference",6,163,0.78571,"A"
5374,"CoopIS","International Conference on Cooperative Information Systems",21,164,0.78571,"A"
5705,"CEC","IEEE Congress on Evolutionary Computation",22,165,0.78495,"A"
5517,"ETS","IEEE European Test Symposium ",6,166,0.78431,"A"
6194,"ISVLSI","IEEE Computer Society Annual Symposium on VLSI",6,167,0.78431,"A"
5648,"IAT","ACM International Conference on Intelligent Agent Technology",10,168,0.78431,"A"
5362,"LFCS","Symposium on Logical Foundations of Computer Science",29,169,0.78431,"A"
5635,"WCCE","IFIP World Conference on Computers in Education",9,170,0.78261,"A"
5468,"ICIAP","International Conference on Image Analysis and Processing",5,171,0.78205,"A"
5843,"ISCC","IEEE Symposium on Computers and Communications",15,172,0.77778,"A"
5559,"ISRE","IEEE International Symposium on Requirements Engineering",7,173,0.77778,"A"
6141,"INTERACT","IFIP TC13 International Conference on Human-Computer Interaction",11,174,0.77778,"A"
6467,"SACMAT","ACM Symposium on Access Control Models and Technologies",25,175,0.77778,"A"
6201,"EuroVis","Eurographics/IEEE-VGTC Symposium on Visualization",5,176,0.77778,"A"
6219,"ISWC","IEEE International Symposium on Wearable Computing",19,177,0.77778,"A"
5668,"IJCAR","International Joint Conference on Automated Reasoning ",29,178,0.77778,"A"
6192,"ICCD","International Conference on Computer Design",6,179,0.77778,"A"
5915,"SECON","IEEE Conference on Sensor, Mesh and Ad Hoc Communications and Networks",28,180,0.77778,"A"
5572,"SEFM","IEEE International Conference on Software Engineering and Formal Methods",7,181,0.77419,"A"
6259,"ISLPED","International Symposium on Low Power Electronics and Design",6,182,0.77083,"A"
6404,"KR","International Conference on Principles of Knowledge Representation and Reasoning",29,183,0.77083,"A"
5742,"CIRA","IEEE International Symposium on Computational Intelligence in Robotics and Automation",23,184,0.76923,"A"
5520,"ISPD","ACM International Symposium on Physical Design ",6,185,0.76923,"A"
5407,"DocEng","ACM Symposium on Document Engineering ",18,186,0.76812,"A"
5513,"MICRO","International Symposium on Microarchitecture",26,187,0.76667,"A"
5845,"MASCOTS","IEEE International Symposium on Modeling, Analysis and Simulation of Computer and Telecommunication Systems",15,188,0.76190,"A"
5769,"ICALP","International Colloquium on Automata, Languages and Programming",12,189,0.76190,"A"
5734,"IROS","IEEE/RJS International Conference on Intelligent Robots and Systems",23,190,0.76190,"A"
5565,"RE","IEEE International Requirements Engineering Conference",7,191,0.76042,"A"
5805,"APPROX","International Workshop on Approximation Algorithms for Combinatorial Optimization Problems",14,192,0.76000,"A"
6136,"Group","ACM Group Conference",11,193,0.76000,"A"
5777,"LCTES","ACM SIGPLAN Conference on Languages, Compilers, and Tools for Embedded Systems",12,194,0.75758,"A"
6373,"ACC","American Control Conference",23,195,0.75758,"A"
6221,"EGVE","Eurographics Workshop on Virtual Environments",19,196,0.75556,"A"
5712,"ICANN","International Conference on Artificial Neural Networks",22,197,0.75490,"A"
6203,"SGP","Eurographics Symposium on Geometry Processing",5,198,0.75439,"A"
5839,"SENSYS","ACM Conference on Embedded Networked Sensor Systems",15,199,0.75309,"A"
5700,"LPAR","Logic Programming and Automated Reasoning",29,200,0.75000,"A"
5420,"ISMB","Intelligent Systems in Molecular Biology",3,201,0.75000,"A"
5869,"P2P","International Conference on Peer-to-Peer Computing ",15,202,0.75000,"A"
6295,"CASE","IEEE Conference on Automation Science and Engineering",23,203,0.75000,"A"
5979,"IDC","IEEE Conference on Information, Decision and Control",23,204,0.75000,"A"
5786,"PPDP","ACM-SIGPLAN International Conference on Principles and Practice of Declarative Programming",12,205,0.75000,"A"
5395,"PKDD","European Conference on Principles and Practice of Knowledge Discovery in Databases",2,206,0.74815,"A"
6208,"HiPC","International Conference on High Performance Computing",26,207,0.74713,"A"
5982,"PATMOS","International Workshop on Power and Timing Modeling, Optimization and Simulation",6,208,0.74510,"A"
5902,"ICNP","IEEE International Conference on Network Protocols",15,209,0.74359,"A"
5770,"ICCL","IEEE International Conference on Computer Languages",12,210,0.74359,"A"
5935,"MASS","IEEE International Conference on Mobile Ad-hoc and Sensor Systems",28,211,0.74359,"A"
6434,"ICVS","International Conference on Computer Vision Systems",5,212,0.74242,"A"
6363,"ISPASS","IEEE International Symposium on Performance Analysis of Systems and Software",26,213,0.74074,"A"
5436,"EDOC","IEEE International Enterprise Computing Conference",4,214,0.74074,"A"
6113,"ICASSP","IEEE International Conference on Acoustics, Speech and SP",4,215,0.74074,"A"
5435,"EC","ACM Conference on Electronic Commerce",4,216,0.74074,"A"
5555,"ICSR","IEEE International Conference on Software Reuse",7,217,0.74074,"A"
6209,"CSCL","Conference in Computer Supported Collaborative Learning",9,218,0.73913,"A"
6439,"ISBI","IEEE International Symposium on Biomedical Imaging: From Nano to Macro",5,219,0.73810,"A"
5498,"ACE","International Conference on Advances in Computer Entertainment Technology",19,220,0.73810,"A"
5422,"RECOMB","Annual International Conference on Research in Computational Molecular Biology",3,221,0.73611,"A"
6253,"ESSCIRC","European Solid-State Circuits Conference",6,222,0.73333,"A"
5473,"ISSPA","IEEE International Symposium on Signal Processing and its Applications ",5,223,0.73333,"A"
5485,"ICPR","International Conference on Pattern Recognition",22,224,0.73077,"A"
6028,"HotOS","USENIX Workshop on Hot Topics in Operating Systems",26,225,0.73077,"A"
5630,"MME","IEEE International Conference on Multimedia in Education",9,226,0.73016,"A"
5437,"EEE","IEEE International Conference on e-Technology, e-Commerce and e-Service",4,227,0.73016,"A"
6168,"ISM","IEEE International Symposium on Multimedia",18,228,0.73016,"A"
5877,"DSOM","IFIP/IEEE International Workshop on Distributed Systems: Operations and Management",15,229,0.72727,"A"
5781,"PLC","International Conference on Programming Languages and Compilers",12,230,0.72727,"A"
6321,"PBG","IEEE/Eurographics Symposium on Point-Based Graphics",5,231,0.72464,"A"
5529,"ASE","Automated Software Engineering Conference",7,232,0.72358,"A"
5945,"CSFW","IEEE Computer Security Foundations Workshop",25,233,0.72222,"A"
6017,"CLUSTER","Cluster Computing Conference",26,234,0.72000,"A"
5326,"CONCUR","International Conference on Concurrency Theory",29,235,0.71795,"A"
5969,"ANSS","Annual Simulation Symposium",16,236,0.71795,"A"
6443,"TPHOLs","International Conference on Theorem Proving in Higher Order Logics",29,237,0.71795,"A"
6375,"IJCNLP","International Joint Conference on Natural Language Processing",30,238,0.71795,"A"
5363,"MFCS","International Symposium on Mathematical Foundations of Computer Science ",1,239,0.71795,"A"
6114,"CF","ACM International Conference on Computing Frontiers ",13,240,0.71605,"A"
5345,"LATIN","Latin American Symposium on Theoretical Informatics",1,241,0.71569,"A"
5870,"POLICY","IEEE International Workshop on Policies for Distributed Systems and Networks",15,242,0.71429,"A"
6151,"MMCN","ACM/SPIE Multimedia Computing and Networking",15,243,0.71429,"A"
5506,"CODES+ISSS","International Conference on Hardware/Software Codesign and System Synthesis",27,244,0.71212,"A"
5441,"IAS","IEEE Industry Applications Society Annual Conference ",4,245,0.71111,"A"
5384,"EDBT","International Conference on Extending Database Technology",2,246,0.71053,"A"
6287,"ASSETS","International ACM SIGACCESS Conference on Computers and Accessibility",11,247,0.71014,"A"
5560,"ISSRE","IEEE International Symposium on Software Reliability Engineering",7,248,0.70833,"A"
6437,"MICCAI","International Conference on Medical Image Computing and Computer Assisted Intervention",5,249,0.70833,"A"
6388,"ICIS","IEEE/ACIS International Conference on Computer and Information",13,250,0.70667,"A"
6140,"HCI","International Conference on Human-Computer Interaction",11,251,0.70667,"A"
6193,"GLSVLSI","ACM Great Lakes Symposium on VLSI",6,252,0.70588,"A"
5647,"IAAI","Conference on Innovative Applications in Artificial Intelligence",10,253,0.70476,"A"
5536,"ESEC/FSE","European Software Engineering Conference and the ACM SIGSOFT Symposium on the Foundations of Software Engineering",7,254,0.70270,"A"
5412,"BIBE","IEEE International Symposium on Bioinformatics and Bioengineering",3,255,0.70238,"A"
5607,"ICIS","International Conference on Information Systems ",21,256,0.70115,"A"
5573,"SEKE","International Conference on Software Engineering and Knowledge Engineering",7,257,0.70085,"A"
6035,"IPPS","International Parallel Processing Symposium",26,258,0.70000,"A"
5666,"UAI","Conference in Uncertainty in Artifical Intelligence",10,259,0.70000,"A"
5398,"SDM","SIAM International Conference on Data Mining",2,260,0.69841,"A"
5427,"CBMS","IEEE Symposium on Computer-Based Medical Systems",4,261,0.69841,"A"
6146,"DIS","Designing Interative Systems Conference",11,262,0.69697,"A"
6014,"CASES","International Conference on Compilers, Architecture, and Synthesis for Embedded Systems",27,263,0.69697,"A"
5484,"WACV","IEEE Workshop on Applications of Computer Vision",5,264,0.69444,"A"
5366,"FTP","International Workshops on First-Order Theorem Proving",29,265,0.69444,"A"
5822,"MIC","Metaheuristic International Conference",14,266,0.69444,"A"
5977,"ICMSO","International Conference on Modelling, Simulation and Optimisation",16,267,0.69444,"A"
5789,"VL/HCC","IEEE Symposium on Visual Languages and Human-Centric Computing",11,268,0.69333,"A"
5323,"CCC","IEEE Conference on Computational Complexity",1,269,0.69333,"A"
6033,"ICPADS","International Conference on Parallel and Distributed Systems",26,270,0.69333,"A"
6474,"SSNDS","IEEE International Symposium on Security in Networks and Distributed Systems",25,271,0.69231,"A"
6391,"ICECS","IEEE International Conference on Electronics, Circuits and Systems",6,272,0.69231,"A"
5414,"CIBCB","IEEE Symposium on Computational Intelligence in Bioinformatics and Computational Biology",3,273,0.69231,"A"
5659,"CogSci","Annual Conference of the Cognitive Science Society",10,274,0.69048,"A"
5939,"WoWMoM","IEEE International Symposium on a World of Wireless, Mobile and Multimedia Networks",28,275,0.69048,"A"
5353,"WADS","Workshop on Algorithms and Data Structures",1,276,0.69048,"A"
6126,"ECBS","Annual IEEE International Conference and Workshop on the Engineering of Computer Based Systems",13,277,0.69048,"A"
6279,"FOCI","IEEE Symposium on Foundations of Computational Intelligence",10,278,0.68817,"A"
5519,"IOLTS","IEEE International On-Line Testing Symposium ",6,279,0.68750,"A"
5497,"Sandbox","ACM SIGGRAPH Sandbox Symposium on Videogames",19,280,0.68750,"A"
6224,"SOCC","IEEE International SOC Conference",6,281,0.68750,"A"
6004,"FCCM","IEEE Symposium on Field-Programmable Custom Computing Machines ",6,282,0.68750,"A"
5355,"WEA","Workshop on Experimental Algorithms",1,283,0.68468,"A"
5428,"CEC2","IEEE Conference on Electronic Commerce Technology",4,284,0.68421,"A"
6495,"ICWL","International Conference on Web-based Learning",9,285,0.68421,"A"
5626,"ICCE","International Conference on Computers in Education",9,286,0.68333,"A"
6438,"MMBIA","IEEE Computer Society Workshops on Mathematical Methods in Biomedical Image Analysis",5,287,0.68254,"A"
6054,"DS-RT","IEEE International Symposium on Distributed Simulation and Real Time Applications",27,288,0.68254,"A"
6043,"ParCo","International Conference on Parallel Computing",26,289,0.68254,"A"
6156,"ECOWS","IEEE European Conference on Web Services",18,290,0.68182,"A"
6484,"EDCC","European Dependable Computing Conference",27,291,0.68116,"A"
6034,"ICPP","International Conference on Parallel Processing",26,292,0.68056,"A"
5824,"OR","International Conference on Operations Research ",14,293,0.68056,"A"
5787,"PPoPP","Principles and Practice of Parallel Programming",26,294,0.68000,"A"
6012,"ASAP","IEEE International Conference on Application-specific Systems, Architectures and Processors",26,295,0.68000,"A"
5719,"IEEEIS","IEEE Conference On Intelligent Systems",22,296,0.68000,"A"
6143,"IUI","International Conference on Intelligent User Interfaces",11,297,0.67949,"A"
5913,"ICCC","International Conference on Computer Communication",15,298,0.67816,"A"
5892,"AINA","International Conference on Advanced Information Networking and Applications",15,299,0.67778,"A"
6237,"VECPAR","International Meeting on High Performance Computing for Computational Science",26,300,0.67742,"A"
6125,"COMPSAC","Annual International Computer Software and Applications Conference",13,301,0.66667,"A"
5704,"Interspeech","International Conference on Spoken Language Processing",30,302,0.66667,"A"
6135,"ECSCW","European Conference on Computer Supported Cooperative Work",11,303,0.66667,"A"
5848,"IPOM","IEEE International Workshop on IP Operations and Management",15,304,0.66667,"A"
5697,"ILP","International Conference on Inductive Logic Programming",22,305,0.66667,"A"
5810,"EURO","European Conference on Operational Research",14,306,0.66667,"A"
6298,"ECC","European Control Conference",23,307,0.66667,"A"
5971,"ISIC","IEEE International Symposium on Intelligent Control",23,308,0.66667,"A"
6258,"ISQED","IEEE International Symposium on Quality Electronic Design",6,309,0.66667,"A"
5762,"CP","International Conference on Principles and Practice of Constraint Programming",12,310,0.66667,"A"
6019,"DAIS","IFIP International Conference on Distributed Applications and Interoperable Systems",15,311,0.66667,"A"
5613,"COSIT","Conference on Spatial Information Theory",8,312,0.66667,"A"
6348,"TSD","International Conference on Text, Speech and Dialogue",30,313,0.66667,"A"
5732,"VTC","IEEE Vehicular Technology Conference",23,314,0.66667,"A"
5793,"PEPM","Symposium on Partial Evaluation and Program Manipulation ",12,315,0.66667,"A"
5367,"TABLEAUX","International Conference on Theorem Proving with Analytic Tableaux and Related Methods",29,316,0.66667,"A"
5443,"ICECCS","IEEE International Conference on Engineering of Complex Computer Systems ",4,317,0.66667,"A"
6317,"EGSR","Eurographics Symposium on Rendering",5,318,0.66667,"A"
5847,"IPCCC","IEEE International Performance Computing and Communications Conference",15,319,0.66667,"A"
6175,"MMNS","IFIP/IEEE Conference on Management of Multimedia Networks and Services",18,320,0.66667,"A"
6464,"ACNS","International Conference on Applied Cryptography and Network Security",25,321,0.66667,"A"
6466,"RAID","International Symposium on Recent Advances in Intrusion Detection",25,322,0.66667,"A"
5656,"ICTAI","IEEE International Conference on Tools with Artificial Intelligence",10,323,0.66667,"A"
5800,"GPCE","International Conference on Generative Programming and Component Engineering",12,324,0.66667,"A"
5608,"SCC","IEEE International Conference on Services Computing ",21,325,0.66667,"A"
5390,"ICDT","International Conference on Database Theory",2,326,0.66667,"A"
6197,"SOC","International Symposium on System-on-Chip",6,327,0.66667,"A"
5356,"WG","International Workshop on Graph-Theoretic Concepts in Computer Science",1,328,0.66667,"A"
5887,"FORTE","IFIP WG 6.1 International Conference on Formal Methods for Networked and Distributed Systems ",15,329,0.66667,"A"
6186,"WISE","International Conference on Web Information Systems Engineering",18,330,0.66667,"A"
6272,"CIDM","IEEE Symposium on Computational Intelligence and Data Mining",2,331,0.65942,"A"
5910,"ICCCN","International Conference on Computer Communications and Networks",15,332,0.65714,"A"
5606,"ICEIS","International Conference on Enterprise Information Systems ",21,333,0.65657,"A"
5803,"ALIO/EURO","Conference on Combinatorial Optimization",14,334,0.65517,"A"
5900,"CCNC","IEEE Consumer Communications and Networking Conference",15,335,0.65517,"A"
5600,"BPM","International Conference in Business Process Management ",21,336,0.65476,"A"
5538,"ESEM","International Symposium on Empirical Software Engineering and Measurement",7,337,0.65432,"A"
5423,"WABI","Workshop on Algorithms in Bioinformatics",3,338,0.65432,"A"
5716,"ICONIP","International Conference on Neural Information Processing",22,339,0.65385,"A"
5812,"EvoCOP","European Conference on Evolutionary Computation in Combinatorial Optimization",14,340,0.65333,"A"
5814,"HM","International Workshop on Hybrid Metaheuristics",14,341,0.65333,"A"
5908,"ICON","IEEE International Conference on Networks",15,342,0.65278,"A"
6160,"ESWC","European Semantic Web Conference",18,343,0.65217,"A"
5827,"RANDOM","International Workshop on Randomization and Computation",14,344,0.65079,"A"
6056,"HASE","IEEE International Symposium on High Assurance Systems Engineering",27,345,0.65079,"A"
6379,"IFIP AI","IFIP Artificial Intelligence",10,346,0.65041,"A"
6198,"RSP","International Workshop on Rapid System Prototyping",6,347,0.64912,"A"
6195,"RAW","Reconfigurable Architectures Workshop",6,348,0.64912,"A"
5631,"SIGCSE","Technical Symposium on Computer Science Education",9,349,0.64912,"A"
6469,"I3E","IFIP Conference on e-Commerce, e-Business, and e-Government",4,350,0.64912,"A"
5795,"SAS","International Static Analysis Symposium  ",12,351,0.64444,"A"
5936,"UbiComp","International Conference on Ubiquitous Computing ",28,352,0.64444,"A"
5499,"ICEC","IFIP International Conference on Entertainment Computing",19,353,0.64444,"A"
5711,"HIS","International Conference on Hybrid Intelligent Systems",22,354,0.64368,"A"
5333,"FCT","International Symposium on Fundamentals of Computation Theory",1,355,0.64368,"A"
5530,"CBSE","International Symposium Component-Based Software Engineering",7,356,0.64368,"A"
6275,"ECCTD","European Conference on Circuit Theory and Design",6,357,0.64286,"A"
5576,"METRICS","IEEE International Software Metrics Symposium",7,358,0.64198,"A"
5970,"BASYS","IEEE/IFIP International Conference on Information Technology for Balanced Automation Systems",16,359,0.64103,"A"
6385,"TIME","International Symposium on Temporal Representation and Reasoning",29,360,0.64103,"A"
5758,"ALP","International Conference on Algebraic and Logic Programming",12,361,0.64103,"A"
6383,"IDA","International Symposium on Intelligent Data Analysis",22,362,0.64103,"A"
6310,"IBERAMIA","Ibero-American Artificial Intelligence Conference",10,363,0.64103,"A"
5490,"DIGRA","Digital Games Research Conference",19,364,0.64103,"A"
5767,"FLOPS","International Symposium on Functional and Logic Programming",12,365,0.64103,"A"
5944,"CRYPTO","Annual International Cryptology Conference",25,366,0.63889,"A"
5828,"SAT","International Conference on Theory and Applications of Satisfiability Testing ",29,367,0.63889,"A"
5740,"DARS","International Symposium on Distributed Autonomous Robotic Systems",23,368,0.63889,"A"
5842,"NOSSDAV","Network and Operating System Support for Digital A/V",15,369,0.63889,"A"
5946,"ESORICS","European Symposium on Research in Computer Security",25,370,0.63889,"A"
6380,"FAST","USENIX Conference on File and Storage Technologies",26,371,0.63768,"A"
6065,"WORDS","IEEE International Workshop on Object-Oriented Real-Time Dependable Systems",27,372,0.63768,"A"
6020,"eScience","IEEE International Conference on e-science and Grid Computing",26,373,0.63768,"A"
5933,"PIMRC","IEEE International Symposium on Personal and Indoor Mobile Radio Conference",28,374,0.63636,"A"
5324,"COCOON","International Computing and Combinatorics Conference",1,375,0.63636,"A"
5980,"ISIC","IEEE International Symposium on Intelligent Control",23,376,0.63636,"A"
5947,"EuroCrypt","International Conference on the Theory and Application of Cryptographic Techniques",25,377,0.63636,"A"
6458,"IWPT","International Conference on Parsing Technologies",30,378,0.63636,"A"
6408,"Humanoids","IEEE- RAS International Conference on Humanoids Robots",23,379,0.63636,"A"
6061,"RTCSA","International Conference on Real-Time and Embedded Computing Systems and Applications",27,380,0.63492,"A"
6459,"LAW","The Linguistic Annotation Workshop",30,381,0.63333,"A"
6405,"ICAC","IEEE International Conference on Autonomic Computing",23,382,0.63333,"A"
6352,"DAARC","Discourse Anaphora and Anaphor Resolution Colloquium",30,383,0.63333,"A"
6465,"ACSAC","Annual Computer Security Applications Conference",25,384,0.63333,"A"
6351,"SIGdial","Workshop on Discourse and Dialogue",30,385,0.63333,"A"
5835,"NCA","IEEE International Symposium on Network Computing and Applications",15,386,0.63333,"A"
5462,"EUSIPCO","European Signal Processing Conference ",5,387,0.63218,"A"
5912,"ICDCN","IEEE International Conference on Distributed Computing and Networking",15,388,0.63218,"A"
6226,"DSD","EUROMICRO Conference on Digital System Design",6,389,0.63158,"A"
5684,"AIAI","IFIP International Conference on Artificial Intelligence Applications and Innovations",10,390,0.63121,"A"
6150,"E2EMON","IEEE/IFIP Workshop on End-to-End Monitoring Techniques and Services",15,391,0.63095,"A"
5344,"LAGOS","Latin-American Algorithms, Graphs and Optimization Symposium",1,392,0.63063,"A"
5819,"INOC","International Network Optimization Conference ",14,393,0.62963,"A"
5610,"IRI","IEEE International Conference on Information Reuse and Integration",21,394,0.62963,"A"
6362,"ICA3PP","International Conference on Algorithms and Architectures for Parallel Processing",26,395,0.62963,"A"
5675,"EKAW","International Conference on Knowledge Engineering and Knowledge Management ",10,396,0.62821,"A"
5416,"CSB","IEEE Computational Systems Bioinformatics Conference",3,397,0.62821,"A"
5836,"Net-Con","IFIP International Conference on Network Control and Engineering for QoS, Security and Mobility",15,398,0.62667,"A"
6139,"EHCI-DSVIS","IFIP Working Conference on Engineering for Human-Computer Interaction",11,399,0.62667,"A"
6303,"TCS","IFIP International Conference on Theoetical Computer Science",1,400,0.62626,"A"
5784,"PLoP","Pattern Languages of Programs Conference",12,401,0.62500,"B"
5653,"JELIA","European Conference on Logics in Artificial Intelligence",10,402,0.62500,"B"
5526,"AOSD","International Conference on Aspect-Oriented Software Development",7,403,0.62393,"B"
6318,"3DIM","International Conference on 3-D Digital Imaging and Modeling",5,404,0.62319,"B"
6222,"MODELS","ACM/IEEE International Conference on Model-Driven Engineering Languages and Systems",12,405,0.62222,"B"
5629,"ITiCSE","Annual Conference on Integrating Technology into Computer Science Education",9,406,0.62222,"B"
5495,"GDC","Game Developers Conference",19,407,0.62222,"B"
6169,"ISWC","International Semantic Web Conference",18,408,0.62121,"B"
6462,"ECRTS","Euromicro Conference on Real-Time Systems",27,409,0.62121,"B"
5376,"DaWaK","International Conference on Data Warehousing and Knowledge Discovery",2,410,0.62016,"B"
5346,"LCCS","International Workshop on Logic and Complexity in Computer Science",29,411,0.61905,"B"
5543,"FM","Formal Methods Conference",7,412,0.61905,"B"
6325,"MVA","IAPR International Workshop on Machine Vision Applications",5,413,0.61905,"B"
5418,"ECCB","European Conference on Computational Biology",3,414,0.61905,"B"
6225,"DIPES","IFIP Working Conference on Distributed and Parallel Embedded Systems",27,415,0.61667,"B"
5450,"CASA","Computer Animation and Social Agents",5,416,0.61538,"B"
5544,"FME","International Symposium of Formal Methods Europe",7,417,0.61538,"B"
6442,"LPNMR","International Conference on Logic Programming and Non-monotonic Reasoning",29,418,0.61538,"B"
5710,"EuroGP","European Conference on Genetic Programming ",22,419,0.61538,"B"
5670,"ICTL","International Conferece on Temporal Logic",29,420,0.61538,"B"
5879,"DISC","International Symposium on Distributed Computing",15,421,0.61538,"B"
6346,"SemEval","International Workshop on Semantic Evaluations",30,422,0.61538,"B"
5332,"EUROCOMB","European Conference on Combinatorics, Graph Theory and Applications",1,423,0.61458,"B"
6491,"FORMATS","International Conference on Formal Modelling and Analysis of Timed Systems",27,424,0.61404,"B"
5583,"TACAS","International Conference on Tools and Algorithms for the Construction and Analysis of Systems",7,425,0.61333,"B"
5937,"IWCMC","ACM International Wireless Communications and Mobile Computing Conference",28,426,0.61111,"B"
6347,"EAMT","Annual Conference of the European Association for Machine Translation",30,427,0.61111,"B"
6030,"HPCN","International Conference on High Performance Computing and Networking",26,428,0.61111,"B"
5783,"PLILP","Symposium on Programming Language Implementation and Logic Programming",12,429,0.61111,"B"
5612,"AGILE","AGILE Conference on Geographic Information Science",8,430,0.61111,"B"
5587,"WCRE","IEEE Working Conference on Reverse Engineering ",7,431,0.61111,"B"
5580,"SSR","ACM SIGSOFT Working Conference on Software Reusability",7,432,0.61111,"B"
6340,"ENLG","European Workshop on Natural Language Generation",30,433,0.61111,"B"
6382,"ODBASE","International Conference on Ontologies, Databases and Applications of Semantics",2,434,0.61111,"B"
6133,"CRIWG","International Workshop on Groupware",11,435,0.60920,"B"
5379,"DEXA","International Conference on Database and Expert Systems Applications",2,436,0.60897,"B"
6003,"HCS","IEEE Hot Chips Symposium ",6,437,0.60784,"B"
6423,"ISSTA","International Symposium on Software Testing and Analysis",7,438,0.60714,"B"
5649,"ICAI","International Conference on Artificial Intelligence",10,439,0.60684,"B"
5743,"HRI","IEEE/ACM International Conference on Human Robot Interaction",23,440,0.60606,"B"
6472,"ICICS","International Conference on Information and Communication Security",25,441,0.60606,"B"
6296,"ISRA","International Symposium on Robotics and Automation",23,442,0.60606,"B"
5880,"DOA","International Symposium on Distributed Objects and Applications",15,443,0.60494,"B"
5369,"ADBIS","Symposium on Advances in Database and Information Systems",2,444,0.60417,"B"
6254,"ESSDERC","European Solid-State Device Research Conference",6,445,0.60417,"B"
5652,"ITS","International Conference on Intelligent Tutoring Systems",10,446,0.60215,"B"
5342,"ISAAC","International Symposium on Algorithms and Computation",1,447,0.60215,"B"
5510,"IECON","Annual Conference of the IEEE Industrial Electronics Society",6,448,0.60000,"B"
5405,"WIDM","ACM International Workshop on Web Information and Data Management",2,449,0.60000,"B"
5451,"CAGD","International Symposium of Computer Aided Geometric Design",5,450,0.60000,"B"
5686,"CAV","International Conference on Computer Aided Verification",7,451,0.60000,"B"
5855,"USITS","USENIX Symposium on Internet Technologies and Systems",15,452,0.60000,"B"
5551,"ICCBSS","IEEE International Conference on COTS-Based Software Systems ",7,453,0.59770,"B"
5601,"ECIS","European Conference on Information Systems ",21,454,0.59770,"B"
5419,"EMBC","The Annual International Conference of the IEEE Engineering in Medicine and Biology Society",3,455,0.59722,"B"
5838,"NSDI","Symposium on Networked Systems, Design and Implementation ",15,456,0.59722,"B"
6058,"RST","International Conference on Reliable Software Technologies",27,457,0.59649,"B"
6450,"AiML","Advances in Modal Logic",29,458,0.59524,"B"
6036,"ISPA","International Symposium on Parallel and Distributed Processing and Applications",26,459,0.59420,"B"
6240,"ETFA","IEEE International Conference on Emerging Technologies and Factory Automation",4,460,0.59259,"B"
5981,"MODSIM","International Congress on Modelling and Simulation",16,461,0.58974,"B"
5875,"DCCS","Dependable Computing and Communications Symposium",15,462,0.58974,"B"
5799,"VMCAI","International Conference on Verification, Model Checking and Abstract Interpretation",12,463,0.58974,"B"
6256,"ISSCS","International Symposium on Signals, Circuits and Systems",6,464,0.58974,"B"
5413,"BIOCOMP","International Conference on Bioinformatics and Computational Biology",3,465,0.58974,"B"
6244,"CIRAS","International Conference on Computational Intelligence, Robotics and Autonomous Systems",10,466,0.58889,"B"
5509,"DDECS","IEEE Workshop on Design and Diagnostics of Electronic Circuits and Systems",6,467,0.58824,"B"
5584,"UML","International Conference on the Unified Modeling Language",7,468,0.58772,"B"
5868,"OPODIS","International Conference on Principles of Distributed Systems",15,469,0.58730,"B"
5663,"IPMU","International Conference on Information Processing and Management of Uncertainty in Knowledge-Based Systems",10,470,0.58667,"B"
5685,"ICAPS","International Conference on Automated Planning and Scheduling",10,471,0.58667,"B"
6230,"FSKD","International Conference on Fuzzy Systems and Knowledge Discovery",10,472,0.58621,"B"
6354,"INDIN","IEEE International Conference on Industrial Informatics",4,473,0.58333,"B"
5779,"PADL","International Symposium on Practical Aspects of Declarative Languages",12,474,0.58333,"B"
5518,"IESS","International Embedded Systems Symposium ",27,475,0.58333,"B"
5540,"FASE","Fundamental Approaches to Software Engineering",7,476,0.58333,"B"
6489,"QEST","International Conference on Quantitative Evaluation of Systems",16,477,0.58333,"B"
6293,"ISAM","IEEE International Symposium on Assembly and Manufacturing",23,478,0.58333,"B"
6461,"TAG+","International Workhop on Tree Adjoining Grammar and Related Formalisms",30,479,0.58333,"B"
5357,"PATAT","International Conference on the Practice and Theory of Automated Timetabling ",1,480,0.58333,"B"
6131,"CSCWD","International Conference on Computer Supported Cooperative Work in Design ",11,481,0.58333,"B"
5391,"IDEAS","International Database Engineering and Applications Symposium",2,482,0.58140,"B"
5382,"ECDL","European Conference on Research and Advanced Technology for Digital Libraries",2,483,0.58095,"B"
5402,"SSDBM","International Conference on Scientific and Statistical Database Management",2,484,0.58095,"B"
6334,"GIIS","IEEE International Global Information Infrastructure Symposium",15,485,0.57971,"B"
5726,"SEAL","International Conference on Simulated Evolution and Learning",22,486,0.57971,"B"
5804,"ANALCO","Workshop on Analytic Algorithms and Combinatorics",14,487,0.57971,"B"
5816,"ICIAM","International  Congress on Industrial and Applied Mathematics",14,488,0.57971,"B"
6239,"ICIT","IEEE International Conference on Industrial Technology",4,489,0.57778,"B"
5354,"WAOA","Workshop on Approximation and Online Algorithms",1,490,0.57778,"B"
5798,"TOOLS","Technology of Object-Oriented Languages and Systems Conferences",12,491,0.57778,"B"
6497,"MWSCAS","IEEE International Midwest Symposium on Circuits and Systems",6,492,0.57778,"B"
6271,"ICMLA","International Conference on Machine Learning and Applications",22,493,0.57692,"B"
5657,"IPS","IEEE International Conference on Intelligent Processing Systems",10,494,0.57692,"B"
6368,"ISMM","International Symposium on Mathematical Morphology",5,495,0.57692,"B"
5401,"SPIRE","Symposium on String Processing and Information Retrieval",2,496,0.57576,"B"
5722,"KES","International Conference on Knowledge-Based and Intelligent Information and Engineering Systems",22,497,0.57576,"B"
6364,"PDCS","International Conference on Parallel and Distributed Computing and Systems",26,498,0.57576,"B"
6322,"CIARP","Iberoamerican Congress on Pattern Recognition",5,499,0.57471,"B"
5523,"LATW","IEEE Latin American Test Workshop",6,500,0.57407,"B"
5452,"CAIP","International Conference on Computer Analysis of Images and Patterns",5,501,0.57333,"B"
6435,"FG","International Conference on Automatic Face and Gesture Recognition",5,502,0.57333,"B"
5920,"IPSN","International Symposium on Information Processing in Sensor Networks",28,503,0.57143,"B"
5987,"WSC","Winter Simulation Conference ",16,504,0.57143,"B"
5614,"GeoComp","International Conference on GeoComputation",8,505,0.57143,"B"
6031,"HPCS","International Symposium on High Performance Computing Systems and Applications",26,506,0.57143,"B"
5851,"LANMAN","IEEE Workshop on Local and Metropolitan Area Networks",15,507,0.57143,"B"
6210,"WBE","International Symposium on Web-based Education",9,508,0.57143,"B"
5975,"ESM","European Simulation Multiconference",16,509,0.57143,"B"
6447,"DL","International Workshop on Description Logics",29,510,0.57143,"B"
5986,"SCSC","Summer Computer Simulation Conference ",16,511,0.57143,"B"
5709,"ESANN","European Symposium on Artificial Neural Networks",22,512,0.56989,"B"
5514,"VLSID","International Conference on VLSI Design",6,513,0.56863,"B"
6255,"IWLS","International Workshop on Logic and Synthesis",6,514,0.56863,"B"
6132,"WETICE","IEEE International Workshops on Enabling Technologies: Infrastructure for Collaborative Enterprises ",11,515,0.56790,"B"
5381,"DOLAP","International Workshop on Data Warehousing and OLAP",2,516,0.56757,"B"
5341,"IEEEIT","IEEE Symposium on Information Theory",1,517,0.56667,"B"
6294,"MMAR","IEEE IFAC International Conference on Methods and Models in Automation and Robotics",23,518,0.56667,"B"
6319,"SBM","Eurographics Workshop on Sketch-Based Interfaces and Modeling",5,519,0.56667,"B"
5319,"ALENEX","Workshop on Algorithm Engineering and Experiments",1,520,0.56667,"B"
5809,"EMO","International Conference on Evolutionary Multi-Criterion Optimization ",14,521,0.56522,"B"
5336,"GD","International Symposium on Graph Drawing",1,522,0.56522,"B"
5741,"ICAR","International Conference on Advanced Robotics",23,523,0.56410,"B"
5905,"ICN","International Conference on Networking",15,524,0.56410,"B"
5494,"VSMM","International Conference on Virtual Systems and MultiMedia",19,525,0.56410,"B"
6263,"EUC","IFIP International Conference on Embedded and Ubiquitous Computing",28,526,0.56410,"B"
6446,"ECSQARU","European Conference on Symbolic and Quantitative Approaches to Reasoning with Uncertainty",29,527,0.56410,"B"
5929,"PWC","IFIP International Conference on Personal Wireless Communications",28,528,0.56410,"B"
5773,"LDTA","Language Descriptions, Tools and Applications",12,529,0.56410,"B"
6457,"GAME-ON","European GAME-ON Conference",19,530,0.56410,"B"
6289,"PE-WASUN","ACM International Workshop on Performance Evaluation of Wireless Ad Hoc, Sensor, and Ubiquitous Networks",28,531,0.56250,"B"
5718,"IEA/AIE","International Conference on Industrial, Engineering and Other Applications of Applied Intelligent Systems",4,532,0.56250,"B"
6172,"MIR","ACM International Workshop on Multimedia Information Retrieval",2,533,0.56190,"B"
5449,"AVI","International Working Conference on Advanced Visual Interfaces",11,534,0.56000,"B"
6299,"EuroPVM/MPI","European PVM/MPI Users Group International Conference",26,535,0.56000,"B"
6478,"IWQoS","International Workshop on Quality of Service",15,536,0.55952,"B"
6326,"ANNPR","IAPR International Workshop on Artificial Neural Networks in Pattern",5,537,0.55556,"B"
6413,"LA-WEB","Latin American Web Congress",18,538,0.55556,"B"
5831,"ISMP","International Symposium on Mathematical Programming",14,539,0.55556,"B"
5817,"ICORD","International Conference on Operational Research for Development ",14,540,0.55556,"B"
6445,"FroCoS","International Symposium on Frontiers of Combining Systems",29,541,0.55556,"B"
5926,"Mobiquitous","International Conference on Mobile and Ubiquitous Systems: Networks and Services",28,542,0.55556,"B"
6231,"ICAT","International Conference on Artificial Reality and Telexistence",19,543,0.55556,"B"
5615,"GeoS","International Conference on Geospatial Semantics",8,544,0.55556,"B"
5998,"I-SPAN","International Symposium on Parallel Architectures, Algorithms and Networks",26,545,0.55556,"B"
6021,"EGC","European Grid Conference",26,546,0.55556,"B"
6157,"ECWeb","International Conference on Electronic Commerce and Web Technology",18,547,0.55556,"B"
6212,"ICDE","World Conference on Open Learning and Distance Education",9,548,0.55556,"B"
5724,"MLSP","IEEE International Workshop on Machine Learning for Signal Processing",22,549,0.55556,"B"
6252,"HLDVT","IEEE International High Level Design Validation and Test Workshop",6,550,0.55556,"B"
6499,"CADUI","International Conference on Computer-Aided Design of User",11,551,0.55072,"B"
5894,"BC","IFIP International Conference on Broadband Communications",15,552,0.55072,"B"
6147,"DUX","ACM Designing for User Experience Conference",11,553,0.55072,"B"
5483,"VISUAL","International Conference on Visual Information Systems",5,554,0.55072,"B"
6463,"SPECTS","International Symposium on Performance Evaluation of Computer and Telecommunication Systems",26,555,0.55000,"B"
6432,"CATE","Computers and Advanced Technology in Education",9,556,0.55000,"B"
5802,"AlgOR","International conference on Algorithmic Operations Research and Operations Research Case Competition ",14,557,0.55000,"B"
6410,"MFPS","Mathematical Foundations of Programming Semantics",1,558,0.55000,"B"
5801,"AGO","International Conference on Advances In Global Optimization: Methods and Applications",14,559,0.55000,"B"
5386,"FoIKS","International Symposium on Foundations on Information and Knowledge Systems",29,560,0.54902,"B"
6407,"Syroco","International IFAC Symposium on Robot Control",23,561,0.54762,"B"
6392,"IFL","International Symposium on Implementation and Application of Functional Languages",12,562,0.54762,"B"
5525,"AMAST","International Conference on Algebraic Methodology and Software Technology",7,563,0.54762,"B"
6205,"GRAPP","International Conference on Computer Graphics Theory and Applications",5,564,0.54762,"B"
5331,"EuroCOLT","European Conference on Computational Learning Theory",22,565,0.54762,"B"
5672,"UM","International Conference on User Modelling",11,566,0.54667,"B"
6159,"ESTIMedia","IEEE Workshop on Embedded Systems for Real-Time Multimedia",18,567,0.54545,"B"
6477,"WORM","ACM Workshop on Recurring Malcode",25,568,0.54545,"B"
6331,"SPR","International Workshop on Statistical Techniques in Pattern Recognition",5,569,0.54545,"B"
5669,"EKM","European Conference on Knowledge Management ",10,570,0.54321,"B"
5448,"ACIVS","Advanced Concepts for Intelligent Vision Systems Conference",5,571,0.54167,"B"
5592,"TAPSOFT","International Joint Conference on Theory and Practice of Software Development",7,572,0.54167,"B"
6297,"MSC","IEEE Multi-conference on Systems and Control",23,573,0.54167,"B"
5622,"W2GIS","International Workshop on Web and Wireless Geographical Information Systems",8,574,0.54167,"B"
5934,"MATA","International Workshop on Mobility Aware Technologies and Applications",28,575,0.54167,"B"
5588,"WICSA","Working IEEE/IFIP Working Conference on Software Architecture",7,576,0.54023,"B"
6262,"RecSys","ACM Recommender Systems Conference",11,577,0.53968,"B"
5463,"GMP","Geometry Modeling and Processing Conference",5,578,0.53968,"B"
6153,"AH","International Conference on Adaptive Hypermedia and Adaptive Web-Based Systems",18,579,0.53968,"B"
5364,"MPC","International Conference on Mathematics of Program Construction ",1,580,0.53968,"B"
5976,"ESS","European Simulation Symposium",16,581,0.53846,"B"
6265,"AIIDE","Artificial Intelligence and Interactive Digital Entertainment",19,582,0.53846,"B"
6235,"WorldHAPTICS","Joint EUROHAPTICS Conference and Symposium on Haptics Interfaces for Virtual Environment and Teleoperator Systems",19,583,0.53846,"B"
6047,"PPSC","SIAM Conference on Parallel Processing for Scientific Computing",26,584,0.53704,"B"
5834,"NPC","IFIP International Conference on Network and Parallel Computing",15,585,0.53623,"B"
5535,"EASE","International Conference on Evaluation and Assessment in Software Engineering",7,586,0.53623,"B"
5410,"DBPL","International Symposium on Database Programming",2,587,0.53509,"B"
5677,"AIA","Artificial Intelligence and Applications Conference",10,588,0.53488,"B"
5646,"ECAIM","European Conference on Artificial Intelligence in Medicine",10,589,0.53333,"B"
5491,"ICVS","International Conference on Virtual Storytelling",19,590,0.53333,"B"
5967,"PKC","International Conference on Theory and Practice of Public-Key Cryptography",25,591,0.53333,"B"
6206,"VISAPP","International Conference on Computer Vision Theory and Applications",5,592,0.53333,"B"
5891,"CAMAD","IEEE Workshop on Computer-Aided Modeling, Analysis and Design of Communication Links and Networks",15,593,0.53333,"B"
5680,"AMAI","International Symposium on Artificial Intelligence and Mathematics",10,594,0.53333,"B"
5692,"CIA","International Workshop on Cooperative Information Agents",10,595,0.53333,"B"
6174,"MMM","International Multi-Media Modelling Conference",18,596,0.53333,"B"
5883,"Hot-P2P","International Workshop on Hot Topics in Peer-to-Peer Systems",15,597,0.53333,"B"
6480,"ICCI","IEEE International Conference on Cognitive Informatics",22,598,0.53333,"B"
5850,"MWC","IEEE CAS Symposium on Emerging Technologies, Frontiers of Mobile and Wireless Communication",28,599,0.53333,"B"
6482,"FDL","Forum on Specification and Design Languages",6,600,0.53333,"B"
5642,"AIPS","Conference on Artificial Intelligence Planning Systems",10,601,0.53125,"B"
5644,"AISC","International Conference on Artificial Intelligence and Symbolic Computing",10,602,0.53125,"B"
5480,"VCIP","SPIE International Conference on Visual Communications and Image Processing",5,603,0.53086,"B"
6228,"ISDA","International Conference on Intelligent Systems Design and Applications",10,604,0.52991,"B"
6292,"ICCAS","International Conference on Control, Automation and Systems",23,605,0.52778,"B"
5328,"DMTCS","International Conference on Discrete Mathematics and Theoretical Computer Science",1,606,0.52778,"B"
5322,"ALT","International Conferences on Algorithmic Learning Theory",22,607,0.52632,"B"
5489,"SCW","IEEE Workshop on Speech Coding",5,608,0.52632,"B"
5690,"AIED","International Conference on Artificial Intelligence in Education",10,609,0.52632,"B"
6142,"MobileHCI","International Conference on Human-Computer Interaction with Mobile Devices and Services",11,610,0.52564,"B"
5664,"FAABS","IEEE Workshop on Formal Approaches to Agent-Based Systems",10,611,0.52564,"B"
6002,"ICSOC","International Conference on Service Oriented Computing ",21,612,0.52381,"B"
5475,"IWSSIP","International Workshop on Systems, Signals and Image Processing",5,613,0.52381,"B"
6436,"DGCI","Digital Geometry for Computer Imagery",5,614,0.52381,"B"
6199,"IV","International Conference on Information Visualization",5,615,0.52381,"B"
5503,"ASYNC","Symposium on Asynchronous Circuits and Systems",6,616,0.52381,"B"
5500,"CyberGames","International Conference on Games Research and Development",19,617,0.52381,"B"
6037,"IWCC","IEEE International Workshop on Cluster Computing",26,618,0.52174,"B"
5687,"CAIA","Conference on Artificial Intelligence for Applications",10,619,0.52083,"B"
5768,"FOOL","International Workshop on Foundations of Object-Oriented Languages",12,620,0.52083,"B"
6361,"GADA","International Conference on Grid computing, High-performance and Distributed Applications",26,621,0.52000,"B"
5548,"FOSSACS","Foundations of Software Science and Computation Structures Conference",7,622,0.52000,"B"
5829,"SLS","Engineering Stochastic Local Search Algorithms",14,623,0.51852,"B"
6148,"CLIHC","Latin American Conference on Human-Computer Interaction",11,624,0.51852,"B"
6308,"EUMAS","European Workshop on Multi-Agent Systems",10,625,0.51724,"B"
5532,"CSM","Conference on Software Maintenance",7,626,0.51724,"B"
6291,"CSMR","European Conference on Software Maintenance and Reengineering",7,627,0.51724,"B"
6163,"ICCIMA","International Conference on Computational Intelligence and Multimedia Applications",18,628,0.51667,"B"
6426,"ICPC","IEEE International Conference on Program Comprehension",12,629,0.51515,"B"
6431,"CC","Creativity and Cognition Conference",11,630,0.51515,"B"
5375,"DASFAA","International Conference on Database Systems for Advanced Applications",2,631,0.51515,"B"
5735,"RSS","Robotics: Science and Systems Conference",23,632,0.51515,"B"
5738,"ISRR","International Symposium of Robotics Research",23,633,0.51515,"B"
5878,"DYSPAN","IEEE Symposioum on New Frontiers in Dynamic Spectrum Access Networks",15,634,0.51389,"B"
5320,"ALEX","Algorithms and Experiments",1,635,0.51389,"B"
5674,"COMMONSENSE","Symposium on Logical Formalizations of Commonsense Reasoning ",29,636,0.51282,"B"
5895,"CCW","IEEE Annual Computer Communications Workshop",15,637,0.51190,"B"
5358,"FCS","International Conference on Foundations of Computer Science ",1,638,0.51111,"B"
5774,"LOPSTR","International Symposium on Logic-based Program Synthesis and Transformation",29,639,0.51111,"B"
5556,"ICSSEA","International Conference on Software and Systems Engineering and their Applications",7,640,0.51042,"B"
6257,"Hot Interconnect","Symposium on High-Performance Interconnects",6,641,0.50980,"B"
6214,"FIE","Frontiers in Education Conference",9,642,0.50980,"B"
6277,"SeCoGIS","International Workshop on Conceptual Modeling for Geographic Information Systems",8,643,0.50980,"B"
5404,"WebDB","International Workshop on the Web and Databases",2,644,0.50833,"B"
6270,"CiE","Computability in Europe Conference",1,645,0.50794,"B"
6045,"PDCAT","International Conference on Parallel and Distributed Computing, Applications and Technologies",26,646,0.50794,"B"
6418,"JSSPP","Workshop on Job Scheduling Strategies for Parallel Processing",26,647,0.50725,"B"
5713,"ICCB","International Conference on Case-Based Reasoning ",22,648,0.50725,"B"
5455,"CISST/IPCV","International Conference on Image Processing, Computer Vision, and Pattern Recognition",5,649,0.50667,"B"
6282,"MABS","International Workshop on Multi-Agent-Based Simulation",10,650,0.50575,"B"
5957,"SAFECOMP","International Conference on Computer Safety, Reliability and Security",25,651,0.50000,"B"
6273,"CIMCA","International Conference on Computational Intelligence for Modelling, Control and Automation",23,652,0.50000,"B"
5632,"SITE","Society for Information Technology and Teacher Education Conference",9,653,0.50000,"B"
5553,"ICSEA","International Conference on Software Engineering Advances",7,654,0.50000,"B"
6191,"ISIMP","International Symposium on Intelligent Multimedia, Video and Speech Processing",5,655,0.50000,"B"
5919,"WiOpt","International Symposium on Modeling and Optimization in Mobile, Ad Hoc, and Wireless Networks",28,656,0.50000,"B"
6022,"ERSA","International Conference on Engineering of Reconfigurable Systems and Algorithms",26,657,0.50000,"B"
5856,"SAINT","International Symposium on Applications and the Internet ",15,658,0.50000,"B"
6110,"AC","IADIS International Conference on Applied Computing",13,659,0.50000,"B"
5991,"ISMM","International Symposium on Memory Management",26,660,0.50000,"B"
6243,"IVA","International Conference on Intelligent Virtual Agents",19,661,0.50000,"B"
6372,"PDP","Euromicro International Conference on Parallel, Distributed and network-based Processing ",26,662,0.50000,"B"
6167,"IIWAS","Information Integration and Web-based Applications and Services",18,663,0.50000,"B"
5963,"SECRYPT","International Conference on Information Security and Cryptology",25,664,0.50000,"B"
5932,"PERVASIVE","International Conference on Pervasive Computing ",28,665,0.50000,"B"
6473,"ISC","Information Security Conference",25,666,0.50000,"B"
5761,"CIAA","International Conference on Implementation and Application of Automata",12,667,0.50000,"B"
6490,"DASD","Design, Analysis, and Simulation of Distributed Systems Symposium",16,668,0.50000,"B"
5383,"ECIR","European Conference on Information Retrieval",2,669,0.49524,"B"
6343,"WWW/Internet","IADIS International Conference WWW/Internet",18,670,0.49383,"B"
5999,"IPTPS","International Workshop on Peer-to-Peer Systems",15,671,0.49383,"B"
5599,"AMCIS","Americas Conference on Information Systems ",21,672,0.49383,"B"
6306,"ALAMAS","European Symposium on Adaptive Learning Agents and Multi-Agent Systems",10,673,0.49333,"B"
6338,"CIMSA","IEEE International Conference on Computational Intelligence for Measurement Systems and Applications",10,674,0.49333,"B"
5863,"TestCom","IFIP International Conference on Testing Communicating Systems ",15,675,0.49275,"B"
6176,"MMSP","International Workshop on Multimedia Signal Processing",18,676,0.49206,"B"
6016,"CHPC","International Conference on High Performance Computing",26,677,0.49206,"B"
6415,"EuroITV","European Interactive TV Conference",18,678,0.49206,"B"
6211,"AIED","Workshop on Motivation and Affect in Educational Software",9,679,0.49020,"B"
5625,"FECS","International Conference on Frontiers in Education: Computer Science and Computer Engineering",9,680,0.49020,"B"
5815,"ICCOPT","International Conference on Continuous Optimization",14,681,0.48889,"B"
5792,"HASKELL","Haskell Workshop ",12,682,0.48889,"B"
6276,"SPLC","Software Product Line Conference",7,683,0.48810,"B"
5852,"LANOMS","Latin American Network Operations and Management Symposium",15,684,0.48780,"B"
5881,"DRCN","International Workshop on Design of Reliable Communications Networks",15,685,0.48718,"B"
6451,"WRS","International Workshop on Reduction Strategies in Rewriting and Programming",29,686,0.48718,"B"
5865,"PAM","Passive and Active Measurement Conference",15,687,0.48718,"B"
6401,"TREC","Text Retrieval Conference",2,688,0.48649,"B"
6323,"GREC","IAPR International Workshop on Graphics Recognition",5,689,0.48611,"B"
6377,"ANTS","International Workshop on Ant Colony Optimization and Swarm Intelligence",10,690,0.48571,"B"
5956,"RSA","RSA Conference",25,691,0.48485,"B"
6009,"CDES","International Conference on Computer Design",26,692,0.48485,"B"
5916,"ADHOC-NOW","International Conference on AD-HOC Networks and Wireless",28,693,0.48485,"B"
5909,"ICWN","International Conference on Wireless Networks",28,694,0.48485,"B"
5426,"CATA","International Conference on Computers and their Applications",4,695,0.48333,"B"
6324,"AVBPA","International Conference on Audio- and Video-Based Biometric Person",5,696,0.48333,"B"
6162,"IAWTIC","International Conference on Intelligent Agents, Web Technologies, and Internet Commerce",18,697,0.48148,"B"
5984,"SSC","IFAC Conference on System Structure and Control",23,698,0.48148,"B"
6420,"ECSA","European Conference on Software Architecture",7,699,0.48148,"B"
5578,"SQC","Software and Systems Quality Conferences",7,700,0.48148,"B"
6242,"ROBIO","EEE International Conference on Robotics and Biomimetics",23,701,0.48148,"B"
6328,"MCS","International Workshop on Multiple Classifier Systems",22,702,0.48000,"B"
5729,"ICGA","International Conference on Genetic Algorithms",22,703,0.48000,"B"
6332,"CGIM","International Conference on Computer Graphics and Imaging",5,704,0.47917,"B"
5564,"QSIC","International Quality Software Conference",7,705,0.47826,"B"
5867,"ODP","IFIP International Conference on Open Distributed Processing",15,706,0.47826,"B"
5959,"SAM","International Conference on Security and Management",25,707,0.47619,"B"
6386,"ISADS","International Symposium on Autonomous Decentralized Systems",15,708,0.47619,"B"
6430,"XP","International Conference on Agile Processes in Software Engineering and eXtreme Programming",7,709,0.47475,"B"
5546,"FMOODS","International Conference on Formal Methods for Open Object-Based Distributed Systems",7,710,0.47436,"B"
6419,"LCPC","International Workshop on Languages and Compilers for Parallel Computing",26,711,0.47368,"B"
5361,"IWPEC","International Workshop on Parameterized and Exact Computation ",1,712,0.47368,"B"
5952,"IH","Information Hiding Workshop ",25,713,0.47222,"B"
5889,"Broadnets","International Conference on Broadband Communications, Networks and Systems",15,714,0.47222,"B"
6429,"AGILE","Agile Conference",7,715,0.47059,"B"
5504,"CHARME","Conference on Correct Hardware Design and Verification Methods",6,716,0.47059,"B"
6393,"TFP","Trends in Functional Programming",12,717,0.47059,"B"
6055,"FTRTFT","Formal Techniques in Real-Time and Fault Tolerant Systems",27,718,0.46970,"B"
6025,"GCC","International Conference on Grid and Cooperative Computing",26,719,0.46970,"B"
6330,"SSPR","International Workshop on Structural and Syntactic Pattern Recognition",5,720,0.46970,"B"
6046,"PDPTA","International Conference on Parallel and Distributed Processing Techniques and Applications",26,721,0.46970,"B"
6229,"ICNC","International Conference on Natural Computation",10,722,0.46914,"B"
5340,"ICTAC","International Colloquium on Theoretical Aspects of Computing",1,723,0.46667,"B"
6327,"MLDM","IAPR International Conference on Machine Learning and Data Mining",22,724,0.46667,"B"
5488,"CPM","Annual Symposium on Combinatorial Pattern Matching",5,725,0.46667,"B"
6320,"VIIP","International Conference on Visualization, Imaging and Image Processing",5,726,0.46667,"B"
6182,"WEBIST","International Conference on Web Information Systems and Technologies",18,727,0.46667,"B"
6178,"SWWS","Semantic Web and Web Services",18,728,0.46667,"B"
5818,"ICSP","International Conference on Stochastic Programming",14,729,0.46667,"B"
6406,"ITSC","Conference on Intelligent Transportation Systems",23,730,0.46667,"B"
6116,"CIT","International Conference on Computer and Information Technology ",13,731,0.46667,"B"
6130,"SCCC","International Conference of the Chilean Computer Science Society",13,732,0.46491,"B"
6018,"COSET","International Workshop on Operating Systems, Programming Environments and Management Tools for High-Performance Computing on Clusters",26,733,0.46377,"B"
5415,"CITB","Complexity and Info-Theoretic Approaches to Biology Conference",3,734,0.46296,"B"
5811,"EUROPT","Workshop on Advances in Continuous Optimization",14,735,0.46296,"B"
6449,"CALCULEMUS","Symposium on the Integration of Symbolic Computation and Mechanized Reasoning",29,736,0.46154,"B"
5764,"DLT","International Conference on Developments in Language Theory",12,737,0.46154,"B"
5481,"VDEA","SPIE Conference on Visual Data Exploration and Analysis",5,738,0.46032,"B"
5425,"CAINE","ISCA International Conference on Computer Applications in Industry and Engineering",4,739,0.46032,"B"
5397,"RIDE","International Workshop on Research Issues in Data Engineering",2,740,0.45946,"B"
5624,"AIS","SIGED International Conference on Informatics Education and Research",9,741,0.45833,"B"
6138,"DSV-IS","International Workshop on Design, Specification and Verification of Interactive Systems",11,742,0.45833,"B"
5737,"ISER","International Symposium on Experimental Robotics",23,743,0.45833,"B"
5577,"SPICE","International Software Process Improvement and Capability Determination Conference ",7,744,0.45833,"B"
6370,"NAFIPS","North American Fuzzy Information Processing Society International Conference",22,745,0.45833,"B"
6476,"TCC","Theory of Cryptography Conference",25,746,0.45833,"B"
5563,"PROFES","International Conference on Product Focused Software Process Improvement ",7,747,0.45679,"B"
5978,"ICOTA","International Conference on Optimization: Techniques And Applications",16,748,0.45455,"B"
5985,"MSV","International Conference on Modeling, Simulation and Visualization Methods ",16,749,0.45455,"B"
5966,"SRUTI","Steps to Reducing Unwanted Traffic on the Internet Workshop",25,750,0.45455,"B"
5432,"CSC","International Conference on Scientific Computing",4,751,0.45455,"B"
5960,"SCN","International Conference on Security in Communication Networks",25,752,0.45455,"B"
5456,"CMV","International Conference on Coordinated and Multiple Views in Exploratory Visualization",5,753,0.45455,"B"
5825,"OTA","Workshop on Optimization: Theories and Applications",14,754,0.45455,"B"
5706,"DSS","IFIP International Conference on Decision Support Systems",22,755,0.45333,"B"
6207,"ARC","International Workshop on Applied Reconfigurable Computing",26,756,0.45238,"B"
6248,"Virtual Concept","International Meeting on Interactive Design and Manufacturing Methodologies, Tools and Processes",19,757,0.45238,"B"
6261,"IAPR -TC-15","Workshop on Graph-based Representations in Pattern Recognition",5,758,0.45000,"B"
5447,"HIC","Health Informatics Conference",4,759,0.45000,"B"
5542,"ICFEM","International Conference on Formal Engineering Methods",7,760,0.44928,"B"
5524,"Ada-Europe","International Conference on Reliable Software Technologies",7,761,0.44928,"B"
5896,"CIC","International Conference on Communications in Computing",15,762,0.44872,"B"
6428,"ISWM-Mensura","International Workshop in Software Measurement - International Conference on Software on Software Process and Product Measurement",7,763,0.44872,"B"
6329,"DAS","International Workshop on Document Analysis Systems",18,764,0.44444,"B"
6283,"E4MAS","International Workshop on Environments for Multiagent Systems",10,765,0.44444,"B"
5406,"XSym","International XML Database Symposium",2,766,0.44444,"B"
5604,"IBIMA","International Business Information Management ",21,767,0.44444,"B"
6350,"ICSC","IEEE International Conference on Semantic Computing",30,768,0.44444,"B"
5699,"INAP","Joint Conference on Application of Declarative Programming and Knowledge Management",29,769,0.44444,"B"
5474,"IVCNZ","Image and Vision Computing Conference",5,770,0.44444,"B"
6024,"GCA","International Conference on Grid Computing and Applications",26,771,0.44444,"B"
6173,"MIS","Workshop on Multimedia Information Systems",18,772,0.44444,"B"
5618,"GSDI","International Conference for Global Spatial Data Infrastructure",8,773,0.44444,"B"
5948,"FSE","Fast Software Encryption Workshop",25,774,0.44444,"B"
6422,"FOAL","Foundations of Aspect-Oriented Languages Workshop",12,775,0.44444,"B"
6284,"COIN","Workshop on Coordination, Organization, Institutions and Norms in Agent Systems",10,776,0.44444,"B"
5745,"EuroBot","European Workshop on Advanced Mobile Robots",23,777,0.44444,"B"
5988,"MAMA","Workshop on Mathematical Performance Modeling and Analysis",16,778,0.44444,"B"
6223,"Web3D","International Conference on 3D Web Technology",18,779,0.43939,"B"
6053,"DISRA","IEEE International Workshop on Distributed Intelligent Simulation and Real-Time Applications",27,780,0.43939,"B"
6389,"EANN"," International Conference on Engineering Applications of Neural Networks",4,781,0.43860,"B"
6170,"IWC","International Web conference",18,782,0.43860,"B"
5621,"UDMS","Urban Data Management Symposium",8,783,0.43590,"B"
6245,"ICINCO","International Conference on Informatics in Control, Automation and Robotics",23,784,0.43590,"B"
6039,"MGC","International Workshop on Middleware for Grid Computing",26,785,0.43478,"B"
5605,"ICEIMT","International Confernce on Enterprise Integration and Modelling Technology ",21,786,0.43478,"B"
5454,"CISST","International Conference Image Science, Systems and Technology",5,787,0.43478,"B"
5370,"ADMA","International Conference on Advanced Data Mining and Applications",2,788,0.43333,"B"
5579,"SQM","International Conference on Software Quality Management",7,789,0.43210,"B"
5557,"IFM","International Conference on Integrated Formal Methods",7,790,0.43210,"B"
6267,"I-ESA","International Conference Interoperability for Enterprise Software and Applications",4,791,0.43137,"B"
6483,"MSE","International Conference on Microelectronic Systems Education",6,792,0.43137,"B"
6007,"WCAE","Workshop on Computer Architecture Education",26,793,0.43011,"B"
5772,"JMLC","Joint Modular Languages Conference",12,794,0.42857,"B"
6123,"JCIS","Joint Conference on Information Sciences ",13,795,0.42857,"B"
5930,"MobiWac","ACM International Workshop on Mobility Management and Wireless Access",28,796,0.42857,"B"
5469,"ICIG","International Conference on Image and Graphics",5,797,0.42857,"B"
5337,"ICATPN","International Conference on the Application and Theory of Petri Nets",1,798,0.42857,"B"
5531,"CSEE&T","Conference on Software Engineering Education and Training",7,799,0.42857,"B"
5591,"IDEAS","Iberoamerican Workshop on Requirements Engineering and Software Environments ",7,800,0.42754,"B"
5862,"SOFTCOMM","International Conference on Software, Telecommunications and Computer Networks",15,801,0.42667,"C"
6122,"ISTA","International Conference on Information Systems Technology and its Application ",13,802,0.42667,"C"
5446,"MEDINFO","International Health (Medical) Informatics Congress",4,803,0.42593,"C"
5823,"MOPTA","Annual Conference on Modeling and Optimization: Theory and Applications",14,804,0.42593,"C"
6264,"NWeSP","International Conference on Next Generation Web Services Practices",18,805,0.42593,"C"
5886,"EDOCW","IEEE International Enterprise Distributed Object Computing Conference Workshops",15,806,0.42529,"C"
6395,"CCA","International Conference on Computability and Complexity in Analysis",1,807,0.42424,"C"
5739,"FSR","International Symposium on Field and Service Robotics",23,808,0.42424,"C"
5721,"IWANN","International Work-Conference on Artificial and Natural Neural Networks",22,809,0.42308,"C"
5501,"TIDSE","International Conference on Technology for Interactive Digital Storytelling and Entertainment",19,810,0.42222,"C"
5928,"MobiDE","Workshop on Data Engineering for Wireless and Mobile Access",28,811,0.42222,"C"
5502,"ARVLSI","Conference on Advanced Research in VLSI",6,812,0.42222,"C"
6278,"ITHE","International Conference on Information Technology Based Higher",9,813,0.42222,"C"
5641,"AIME","Conference on Artificial Intelligence in Medicine in Europe",10,814,0.42157,"C"
6060,"RTCOMP","International Conference on Real-Time Computing Systems and Applications",27,815,0.42105,"C"
5318,"AAAAECC","International Symposium on Applied Algebra, Algebraic Algorithms and Error-Correcting Codes",1,816,0.42105,"C"
6266,"ECMDA","European Conference on Model Driven Architecture Foundations and Applications",7,817,0.42029,"C"
5717,"IDEAL","International Conference on Intelligent Data Engineering and Automated Learning",22,818,0.42029,"C"
5585,"VLFM","Symposium on Visual Languages and Formal Methods",7,819,0.42029,"C"
5339,"ICGT","International Conference on Graph Transformation",1,820,0.41975,"C"
5387,"FQAS","International Conference on Flexible Query Answering Systems",2,821,0.41975,"C"
6400,"NLPCS","International Workshop on Natural Language Processing and Cognitive Science",30,822,0.41667,"C"
5953,"ISW","Information Security Workshop",25,823,0.41667,"C"
6444,"RULE","International Workshop on Rule-Based Programming",29,824,0.41667,"C"
5421,"METMBS","International Conference on Mathematics and Engineering Techniques in Medicine and Biological Sciences",3,825,0.41667,"C"
6485,"LADC","Latin-American Symposium on Dependable Computing",27,826,0.41667,"C"
6402,"MDAI","Modeling Decisions for Artificial Intelligence",29,827,0.41667,"C"
5343,"ISITA","IEEE International Symposium on Information Theory and Its Applications",1,828,0.41667,"C"
5766,"EP","Annual Conference on Evolutionary Programming",12,829,0.41667,"C"
5411,"NLDB","International Conference on Applications of Natural Language to Data Bases",2,830,0.41414,"C"
6366,"CASCON","Annual International Conference on Computer Science and Software Engineering",7,831,0.41414,"C"
6286,"ICMI","International Conference on Multimodal Interfaces",11,832,0.41270,"C"
5884,"HOTNETS","Workshop on Hot Topics in Networks",15,833,0.41111,"C"
6367,"GIR","Workshop on Geographic Information Retrieval",2,834,0.41111,"C"
5897,"COMSWARE","ICST International Conference on COMmunication System softWAre and MiddlewaRE",15,835,0.41026,"C"
5528,"AQSDT","Symposium on Assessment of Quality Software Development Tools",7,836,0.41026,"C"
5871,"Qsine","International Conference on Quality of Service in Heterogeneous Wired/Wireless Networks",15,837,0.41026,"C"
6416,"IWFHR","International Workshop on Frontiers in Handwriting Recognition",5,838,0.40909,"C"
6359,"IMR","International Meshing Roundtable Conference",5,839,0.40909,"C"
5321,"ALG","Workshop on Algorithm Engineering",1,840,0.40909,"C"
5527,"AOSE","Workshop on Agent-Oriented Software Engineering",7,841,0.40741,"C"
6409,"ROBOCOMM","IEEE- International Conference on Robot Communication and Coordination",23,842,0.40741,"C"
5539,"EuroSPI","European Conference on Software Process Improvement",7,843,0.40580,"C"
5349,"SInT","IEEE International Symposium on Information Theory",1,844,0.40580,"C"
5813,"FPSAC","International Conference on Formal Power Series and Algebraic Combinatorics",14,845,0.40476,"C"
5938,"EWSN","European conference on Wireless Sensor Networks",28,846,0.40476,"C"
6144,"TAMODIA","International Workshop on Task Models and Diagrams for User Interface Design",11,847,0.40278,"C"
5983,"PROSim","International Workshop on Software Process Simulation and Modeling",7,848,0.40278,"C"
6227,"ICMLC","International Conference on Machine Learning and Cybernetics",22,849,0.40278,"C"
6117,"ICCSA","International Conference on Computational Science and its Applications ",13,850,0.40278,"C"
6119,"ICSC","International Computer Science Conference ",13,851,0.40278,"C"
6344,"DALT","International Workshop on Declarative Agent Languages and Technologies",10,852,0.40230,"C"
6427,"CONQUEST","Conquest International Conference on Quality Engineering in Software Technology",7,853,0.40230,"C"
6470,"DIMVA","GI International Conference on Detection of Intrusions and Malware and Vulnerability Asessment",25,854,0.40000,"C"
6158,"ED-MEDIA","World Conference on Educational Multimedia, Hypermedia and Telecommunications",18,855,0.40000,"C"
6232,"IPT","Workshop on Immersive Projection Technology",19,856,0.40000,"C"
6355,"IMS","IFAC Workshop on Intelligent Manufacturing Systems",4,857,0.40000,"C"
5537,"ESELAW","Experimental Software Engineering Latin American Workshop",7,858,0.39815,"C"
5888,"AdCom","International Conference on Advanced Computing and Communications",15,859,0.39744,"C"
6154,"DASWIS","International Workshop on Data Semantics in Web Information Systems",18,860,0.39683,"C"
5638,"ICEE","International Conference on Engineering Education ",9,861,0.39583,"C"
5620,"ISSDQ","International Symposium on Spatial Data Quality",8,862,0.39583,"C"
5639,"ICER","International Computing Education Reserch Workshop ",9,863,0.39583,"C"
5790,"WFLP","International Workshop on Functional and (Constraint) Logic Programming",12,864,0.39583,"C"
5541,"FATES/RV","International Workshop on Formal Approaches to Testing of Software",7,865,0.39506,"C"
6349,"CL","Corpus Linguistics Conference",30,866,0.39394,"C"
5780,"PADO","Symposium on Programs as Data Objects",12,867,0.39394,"C"
5973,"CCRTS","International Command and Control Research and Technology Symposium",23,868,0.39394,"C"
5698,"ILPS","International Logic Programming Symposium",29,869,0.39394,"C"
6448,"DEON","International Workshop on Deontic Logic in Computer Science",29,870,0.39394,"C"
5636,"ETHICOMP","International Conference on the Social and Ethical Impacts of Information and Communication Technologies ",9,871,0.39216,"C"
5904,"ICETE","International Conference on E-Business and Telecommunication Networks",15,872,0.39130,"C"
5338,"ICCS","International Conference on Conceptual Structures",1,873,0.39130,"C"
5942,"CEAS","International Conference on Email and Anti-Spam",25,874,0.38889,"C"
6336,"EpiRob","International Conference on Epigenetic Robotics",23,875,0.38889,"C"
6417,"IWCIA","International Workshop on Combinatorial Image Analysis",5,876,0.38889,"C"
6307,"ABS","Agent-based Simulation Workshop",10,877,0.38739,"C"
6115,"ICCI","International Conference on Computing and Information ",13,878,0.38667,"C"
6064,"WACERTS","Workshop on Architectures for Cooperative Embedded Real-Time Systems",27,879,0.38596,"C"
5417,"DNA","International Meeting on DNA Computing",3,880,0.38596,"C"
6179,"W4A","International Cross-Disciplinary Conference on Web Accessibility",18,881,0.38596,"C"
5476,"PCS","International Picture Coding Symposium",5,882,0.38596,"C"
5472,"ISAVIIA","International Symposium on Audio, Video, Image Processing and Intelligent Applications",5,883,0.38596,"C"
5627,"InSITE","Informing Science and IT Education Conference",9,884,0.38596,"C"
6411,"CLA","International Conference On Concept Lattices and Their Applications",1,885,0.38462,"C"
5533,"DSL","Domain-Specific Languages for Software Engineering Conference",7,886,0.38462,"C"
5922,"MDA/MDM","International Conference on Mobile Data Access/Management",28,887,0.38462,"C"
6494,"PDC","Participatory Design Conference",11,888,0.38333,"C"
6027,"HLPP","International Workshop on High-level Parallel Programming and Applications",26,889,0.38333,"C"
5775,"LPMA","International Workshop on Logic Programming and Multi-Agents",12,890,0.38095,"C"
6183,"WebNet","World Conference on the WWW and Internet",18,891,0.38095,"C"
5940,"Emnets","Workshop on Embedded Networked Sensors",28,892,0.37778,"C"
6121,"ISD","International Conference on Information Systems Development ",14,893,0.37778,"C"
5464,"IAIF","International Workshop on Image Analysis and Information Fusion",5,894,0.37681,"C"
6118,"ICITA","International Conference on Information Technology and Applications ",13,895,0.37681,"C"
6390,"DS","International Conference on Discovery Science",22,896,0.37681,"C"
5860,"WDAG","Workshop on Distributed Algorithms",15,897,0.37500,"C"
5380,"DIWeb","International Workshop on Data Integration over the Web",2,898,0.37500,"C"
5628,"ISECON","Information Systems Education Conference",9,899,0.37500,"C"
5550,"GSD","International Workshop on Global Software Development for the Practitioner",7,900,0.37333,"C"
5545,"FMICS","International Workshop on Formal Methods for Industrial Critical Systems",7,901,0.37333,"C"
6455,"APGV","Symposium on Applied Perception in Graphics and Visualization",5,902,0.37333,"C"
5691,"WAIS","International Workshop on Artificial Intelligence and Statistics",10,903,0.37333,"C"
5330,"EUROCAST","International Workshop on Computer Aided Systems Theory",1,904,0.37333,"C"
5806,"CCO","International Conference on Cooperative Control and Optimization ",14,905,0.37255,"C"
5826,"PSOR","International Conference on Probability, Statistics and Operational Research",14,906,0.37255,"C"
6171,"MEWS","International Workshop on Mining for Enhanced Web Search",18,907,0.37255,"C"
6177,"MNSA","International Workshop on Multimedia Network Systems and Applications",18,908,0.37255,"C"
6479,"DSM","Workshop on Distributed Shared Memory",26,909,0.37037,"C"
5744,"RO-MAN","IEEE International Symposium on Robot and Human Interactive Communication",23,910,0.36667,"C"
5872,"PCNS","SPIE Conference on Performance and Control of Network Systems",15,911,0.36508,"C"
5840,"NIDISC","Workshop on Nature Inspired Distributed Computing",15,912,0.36364,"C"
5731,"IV","Intelligent Vehicles Conference ",23,913,0.36364,"C"
5714,"ICIL","International Conference on Intelligent Systems",22,914,0.36364,"C"
5778,"MPOOL","Workshop on Multiparadigm Programming with Object Oriented Languages",12,915,0.36364,"C"
5943,"CHES","Workshop on Cryptographic Hardware and Embedded Systems",25,916,0.36364,"C"
5603,"IAIM","Annual Conference of the International Academy for Information Management ",21,917,0.36364,"C"
6260,"MISTA","Multidisciplinary International Scheduling Conference: Theory and Applications",13,918,0.36232,"C"
5409,"TAKMA","International Workshop on Theory and Applications of Knowledge Management ",2,919,0.36111,"C"
6475,"SPW","International Workshop on Security Protocols",25,920,0.36111,"C"
5736,"WAFR","Workshop on the Algorithmic Foundations of Robotics",23,921,0.36111,"C"
6396,"DUC","Document Understanding Conference",30,922,0.36111,"C"
6288,"LREC","International Conference on Language Resources and Evaluation",30,923,0.36111,"C"
6487,"SC","International Symposium on Software Composition",7,924,0.36111,"C"
5893,"ARES","International Conference on Availability, Reliability and Security",15,925,0.36000,"C"
5377,"DBISP2P","International Workshop on Databases, Information Systems and Peer-to-Peer Computing",15,926,0.36000,"C"
6236,"Virtual Rehabilitati","International Workshop on Virtual Rehabilitation",19,927,0.35897,"C"
5899,"CCCT","International Conference on Computer, Communication and Control Technologies",15,928,0.35897,"C"
6471,"DRM","ACM Workshop on Digital Rights Management",25,929,0.35897,"C"
6335,"EATIS","Euro American Conference on Telematics and Information Systems",15,930,0.35802,"C"
5643,"AISAT","International Conference on Artificial Intelligence in Science and Technology",10,931,0.35802,"C"
5763,"CSCLP","ERCIM Annual Workshop on Constraint Solving and Contraint Logic Programming",12,932,0.35417,"C"
6246,"MMVR","Annual Medicine Meets Virtual Reality Conference",4,933,0.35294,"C"
5433,"CTAC","Computational Techniques and Applications Conference",4,934,0.35294,"C"
5634,"TE","International Conference on Technology Education",9,935,0.35185,"C"
5408,"IKE","International Conference on Information and Knowledge Engineering ",2,936,0.35185,"C"
5689,"AIL","International Conference on Artificial Intelligence and Law",10,937,0.35088,"C"
5830,"WCSMO","World Congress on Structural and Multidisciplinary Optimization",14,938,0.35088,"C"
5602,"EMMSAD","Exploring Modelling Methods in Systems Analysis and Design ",21,939,0.34783,"C"
5561,"CASE","Workshop on Computer-Aided Software Engineering",7,940,0.34722,"C"
5394,"NGDB","International Symposium on Next Generation Database Systems and Applications",2,941,0.34524,"C"
5837,"NetGames","Workshop on Network and System Support for Games",15,942,0.34483,"C"
5574,"SELMAS","International Workshop on Software Engineering for Large-Scale Multi-Agent Systems",7,943,0.34343,"C"
5534,"EA","Workshop on Early Aspects",7,944,0.34343,"C"
6127,"WITS","Workshop on Information Technologies and Systems ",13,945,0.33333,"C"
5372,"CIDR","Biennial Conference on Innovative Data Systems Research",2,946,0.33333,"C"
5955,"NyirCrypt","Central European Conference on Cryptography ",25,947,0.33333,"C"
6155,"DCW","Workshop on Distributed Communities on the Web",18,948,0.33333,"C"
5949,"IAW","Annual IEEE Information Assurance Workshop ",25,949,0.33333,"C"
5917,"VSSN","ACM International Workshop on Video Surveillance and Sensor Networks",28,950,0.33333,"C"
5796,"FTJP","Workshop on Formal Techniques for Java Programs",12,951,0.33333,"C"
6460,"ACL-SIGSEM ","ACL SIGSEM Workshop on Prepositions",30,952,0.33333,"C"
6341,"CLIP","Workshop on Cross-Language Information Processing",30,953,0.33333,"C"
6234,"ArtAbilitation","The ArtAbilitation Conference",19,954,0.33333,"C"
6433,"MPAC","International Workshop on Middleware for Pervasive and Ad-hoc Computing",28,955,0.33333,"C"
6250,"SCAN","GAMM / IMACS International Symposion on Scientific Computing, Computer Arithmetic and Validated Numerics",1,956,0.33333,"C"
5378,"DCC","Data Compression Conference",2,957,0.33333,"C"
6425,"IWPSE","International Workshop on Principles of Software Evolution",7,958,0.33333,"C"
5633,"SRIG-ET","Software Education Conference",9,959,0.33333,"C"
5873,"PDIS","International Conference on Parallel and Distributed Information Systems",15,960,0.33333,"C"
5359,"FUSION","International Conference on Information Fusion ",1,961,0.33333,"C"
5950,"ICGeS","International Conference on Global E-Security",25,962,0.33333,"C"
6397,"CLEF","Cross Language Evaluation Forum Workshop",30,963,0.33333,"C"
5505,"CIRSYS","International Symposium on Circuits and Systems",6,964,0.33333,"C"
6184,"WECWIS","Workshop on Advanced Issues of E-Commerce and Web Based Information Systems",18,965,0.33333,"C"
5683,"ANIREM","Workshop on Agents, Norms and Institutions for Regulated Multiagent Systems",10,966,0.32258,"C"
5371,"ASIS&T","Annual Conference of the American Society for Information Science and Technology",2,967,0.32258,"C"
5682,"AOIS","Agent-Oriented Information Systems Workshop",10,968,0.32258,"C"
6313,"ISMIR","International Conference on Music Information Retrieval",2,969,0.32143,"C"
6181,"WCW","Web Caching Workshop",18,970,0.31884,"C"
5568,"SAVCBS","Workshop on Specification and Verification of Component-Based Systems",7,971,0.31884,"C"
6315,"ISSADS","IEEE International Symposium and School on Advance Distributed Systems",15,972,0.31746,"C"
6052,"CSD","Workshop on Critical Systems Development",27,973,0.31746,"C"
6013,"CAMP","International Workshop on Computer Architectures for Machine Perception",26,974,0.31667,"C"
6180,"WAIM","Interational Conference on Web Age Information Management",18,975,0.31579,"C"
5440,"HealthCom","International Workshop on Enterprise Networking and Computing in Health Care Industry ",4,976,0.31481,"C"
5558,"ISEAT","Workshop on Integration of Software Engineering and Agent Technology",7,977,0.30556,"C"
6424,"SEW","Annual Software Engineering Workshop",7,978,0.30556,"C"
6456,"UIC","International Conference on Ubiquitous Intelligence and Computing",28,979,0.30556,"C"
5924,"PSC","International Conference on Pervasive Systems and Computing ",28,980,0.30556,"C"
6365,"ISCRAM","Intelligent Human Computer Systems for Crisis Response and Management",13,981,0.30159,"C"
5589,"WiSME","Workshop in Software Model Engineering",7,982,0.29630,"C"
6337,"FEF","The Finite Elements in Flow Problems Conference",4,983,0.29412,"C"
5434,"DGO","International Conference on Digital Government Research",4,984,0.28889,"C"
6488,"ATT","Agents in Traffic and Transportation",4,985,0.28333,"C"
5723,"MLMTA","International Conference on Machine Learning and Applications",22,986,0.28333,"C"
5431,"CompLife","International Symposium on Computational Life Science",4,987,0.27778,"C"
5898,"CANPC","Workshop on Communication, Architecture, and Applications for Network-Based Parallel Computing",15,988,0.27586,"C"
5964,"SPEC","Workshop on Security and Privacy in E-commerce",25,989,0.27273,"C"
5857,"SAPIR","International Workshop on Service Assurance with Partial and Intermittent Resources",15,990,0.26667,"C"
5965,"SREIS","Symposium on Requirements Engineering for Information Security",25,991,0.26667,"C"
5861,"SIROCCO","Colloquium on Structural Information and Communication Complexity",15,992,0.25758,"C"
5832,"NetStore","Network Storage Symposium",15,993,0.25000,"C"
5430,"CoALa","Workshop on Contract Architectures and Languages",4,994,0.23529,"C"
5586,"WADS","Workshop on Architecting Dependable Systems",7,995,0.23077,"C"
5439,"CollECTeR","Collaborative Electronic Commerce Technology and Research ",4,996,0.22222,"C"
5958,"SAFEProcess","IFAC Symposioum on Fault Detection, Supervision and Safety of Technical Processes",25,997,0.22222,"C"
6314,"SMC","Sound and Music Computing Conference",4,998,0.20000,"C"
6312,"NIME","New Interfaces for Music Expression",4,999,0.20000,"C"
5701,"NeMLaP","Joint Conference on New Methods in Language Processing and Computational Natural Language Learning",30,1000,0.12121,"C"
